Compound Name,FileName,Variety,Component RT,Peak,tR_best,m/z,Intensity,norm_name,is_aroma,Aroma Description
"2-Propanone, 1-methoxy-",ALVERSTONE R..csv,ALVERSTONE R.,2.18566666666667,10,2.183,45,14180620.637137009,2propanone1methoxy,True,"Solvent, ether-like"
"Butanal, 3-methyl-",ALVERSTONE R..csv,ALVERSTONE R.,2.89948333333333,32,2.895,44,3328492.025154342,butanal3methyl,True,"Malty, chocolate, cocoa-like (Maillard reaction product)"
Pentanal,ALVERSTONE R..csv,ALVERSTONE R.,3.31748333333333,46,3.315,44,971484.938541287,pentanal,True,"Fatty, green, pungent"
Hexanal,ALVERSTONE R..csv,ALVERSTONE R.,5.28206666666667,89,5.289,56,1164235.9306128907,hexanal,True,"Green, grassy, fresh-cut potato"
Heptanal,ALVERSTONE R..csv,ALVERSTONE R.,7.93473333333333,131,7.933,56,14160.294539263545,heptanal,True,"Fatty, citrus-like, slightly green"
Benzaldehyde,ALVERSTONE R..csv,ALVERSTONE R.,9.31411666666667,165,9.322,85,3787.672880024853,benzaldehyde,True,"Almond, cherry, sweet"
Dimethyl trisulfide,ALVERSTONE R..csv,ALVERSTONE R.,9.5199,171,9.503,81,30218.01102654684,dimethyltrisulfide,True,"Cabbage, onion, sulfurous"
Hexanol,ALVERSTONE R..csv,ALVERSTONE R.,9.74916974420989,179,9.751,43,20900.656419028845,hexanol,True,"Green, grassy, herbaceous"
Octanal,ALVERSTONE R..csv,ALVERSTONE R.,10.1919,195,10.179,59,16548.896377018653,octanal,True,"Citrus, fruity, green"
Hexanol,ALVERSTONE R..csv,ALVERSTONE R.,10.6935,209,10.699,92,11391.435074834368,hexanol,True,"Green, grassy, herbaceous"
Nonanal,ALVERSTONE R..csv,ALVERSTONE R.,12.0761,253,12.102,57,13980302.7268454,nonanal,True,"Waxy, citrus, floral (lipid oxidation product)"
Decanal,ALVERSTONE R..csv,ALVERSTONE R.,13.59375,297,13.587,59,54136.70236287989,decanal,True,"Citrus, fatty, waxy, potato-like"
Decanal,ALVERSTONE R..csv,ALVERSTONE R.,13.7030666666667,300,13.703,120,13709.824809675258,decanal,True,"Citrus, fatty, waxy, potato-like"
Decanal,ALVERSTONE R..csv,ALVERSTONE R.,15.0342333333333,343,15.031,55,81071.73344718128,decanal,True,"Citrus, fatty, waxy, potato-like"
Tetramethylpyrazine,ALVERSTONE R..csv,ALVERSTONE R.,16.35895,386,16.349,58,113431.86602794398,tetramethylpyrazine,True,"Roasted, nutty, cocoa"
Acetophenone,ALVERSTONE R..csv,ALVERSTONE R.,19.31065,484,19.314,57,56003.23202946092,acetophenone,True,"Floral, sweet, almond-like"
"2-Propanone, 1-methoxy-",ANTI.csv,ANTI,2.18263333333333,10,2.183,45,14196534.869698564,2propanone1methoxy,True,"Solvent, ether-like"
"Butanal, 3-methyl-",ANTI.csv,ANTI,2.89965,32,2.895,44,3022752.2619191497,butanal3methyl,True,"Malty, chocolate, cocoa-like (Maillard reaction product)"
Hexanal,ANTI.csv,ANTI,5.28223333333333,89,5.289,56,1607664.093157448,hexanal,True,"Green, grassy, fresh-cut potato"
Heptanal,ANTI.csv,ANTI,7.9349,131,7.933,56,17391.497279979725,heptanal,True,"Fatty, citrus-like, slightly green"
Benzaldehyde,ANTI.csv,ANTI,9.31428333333333,165,9.322,85,6019.772278869019,benzaldehyde,True,"Almond, cherry, sweet"
Dimethyl trisulfide,ANTI.csv,ANTI,9.52328333333333,172,9.542,79,124269.5370813128,dimethyltrisulfide,True,"Cabbage, onion, sulfurous"
Octanal,ANTI.csv,ANTI,10.1952833333333,195,10.179,59,28251.007326022445,octanal,True,"Citrus, fruity, green"
Hexanol,ANTI.csv,ANTI,10.6968833333333,209,10.699,92,12030.175833951233,hexanol,True,"Green, grassy, herbaceous"
Acetophenone,ANTI.csv,ANTI,11.4525,233,11.452,69,63764.57754406779,acetophenone,True,"Floral, sweet, almond-like"
Nonanal,ANTI.csv,ANTI,12.0794833333333,253,12.102,57,14946077.469777834,nonanal,True,"Waxy, citrus, floral (lipid oxidation product)"
Decanal,ANTI.csv,ANTI,13.5971333333333,297,13.587,59,81303.61945356755,decanal,True,"Citrus, fatty, waxy, potato-like"
Decanal,ANTI.csv,ANTI,13.7064666666667,300,13.703,120,15459.458414372482,decanal,True,"Citrus, fatty, waxy, potato-like"
Decanal,ANTI.csv,ANTI,15.0376166666667,343,15.031,55,102796.60136710078,decanal,True,"Citrus, fatty, waxy, potato-like"
Tetramethylpyrazine,ANTI.csv,ANTI,16.3623333333333,386,16.349,58,168725.0946930951,tetramethylpyrazine,True,"Roasted, nutty, cocoa"
1-Nonanol,ANTI.csv,ANTI,18.6709666666667,463,18.668,135,9904.58745765706,1nonanol,True,"Waxy, floral, oily"
Acetophenone,ANTI.csv,ANTI,19.3108166666667,484,19.314,57,110485.35567913976,acetophenone,True,"Floral, sweet, almond-like"
"2-Propanone, 1-methoxy-",AVARNA.csv,AVARNA,2.18576666666667,10,2.183,45,15137864.46726396,2propanone1methoxy,True,"Solvent, ether-like"
"Butanal, 3-methyl-",AVARNA.csv,AVARNA,2.90278333333333,32,2.895,44,1843336.4537973232,butanal3methyl,True,"Malty, chocolate, cocoa-like (Maillard reaction product)"
Hexanal,AVARNA.csv,AVARNA,5.28215,89,5.289,56,1264123.0824766853,hexanal,True,"Green, grassy, fresh-cut potato"
Heptanal,AVARNA.csv,AVARNA,7.93803333333333,131,7.933,56,10423.223595326392,heptanal,True,"Fatty, citrus-like, slightly green"
Benzaldehyde,AVARNA.csv,AVARNA,9.31935031267744,165,9.322,85,2784.445186055279,benzaldehyde,True,"Almond, cherry, sweet"
Octanal,AVARNA.csv,AVARNA,10.1952166666667,195,10.179,59,20684.0840357171,octanal,True,"Citrus, fruity, green"
Hexanol,AVARNA.csv,AVARNA,10.6968166666667,209,10.699,92,10738.92116899958,hexanol,True,"Green, grassy, herbaceous"
Acetophenone,AVARNA.csv,AVARNA,11.4524166666667,233,11.452,69,27058.693558270763,acetophenone,True,"Floral, sweet, almond-like"
Nonanal,AVARNA.csv,AVARNA,12.0762,253,12.102,57,8591704.331739502,nonanal,True,"Waxy, citrus, floral (lipid oxidation product)"
Decanal,AVARNA.csv,AVARNA,13.59385,297,13.587,59,41922.672769380864,decanal,True,"Citrus, fatty, waxy, potato-like"
Decanal,AVARNA.csv,AVARNA,13.7063833333333,300,13.703,120,15791.460939795215,decanal,True,"Citrus, fatty, waxy, potato-like"
Decanal,AVARNA.csv,AVARNA,15.0375333333333,343,15.031,55,73757.80910146779,decanal,True,"Citrus, fatty, waxy, potato-like"
Tetramethylpyrazine,AVARNA.csv,AVARNA,16.3622666666667,386,16.349,58,126812.92317488397,tetramethylpyrazine,True,"Roasted, nutty, cocoa"
Heptanal,AVARNA.csv,AVARNA,18.6708833333333,463,18.668,135,8131.314354140104,heptanal,True,"Fatty, citrus-like, slightly green"
Acetophenone,AVARNA.csv,AVARNA,19.3126992338825,484,19.314,57,87810.48690599849,acetophenone,True,"Floral, sweet, almond-like"
"2-Propanone, 1-methoxy-",CAMEL.csv,CAMEL,2.18964424861626,10,2.183,45,14246086.94444507,2propanone1methoxy,True,"Solvent, ether-like"
Propanal,CAMEL.csv,CAMEL,2.35948333333333,17,2.36,72,2289840.02246586,propanal,True,"Sharp, pungent, green"
"Butanal, 3-methyl-",CAMEL.csv,CAMEL,2.89965,32,2.895,44,8011344.422117991,butanal3methyl,True,"Malty, chocolate, cocoa-like (Maillard reaction product)"
Hexanal,CAMEL.csv,CAMEL,5.28545,89,5.289,56,2097939.6666144137,hexanal,True,"Green, grassy, fresh-cut potato"
Heptanal,CAMEL.csv,CAMEL,7.93811666666667,131,7.933,56,21838.122537291936,heptanal,True,"Fatty, citrus-like, slightly green"
Benzaldehyde,CAMEL.csv,CAMEL,9.3175,165,9.322,85,14181.934283515937,benzaldehyde,True,"Almond, cherry, sweet"
Dimethyl trisulfide,CAMEL.csv,CAMEL,9.52615132960155,172,9.542,79,364277.0911333961,dimethyltrisulfide,True,"Cabbage, onion, sulfurous"
Hexanol,CAMEL.csv,CAMEL,9.76193233643763,180,9.767,60,48547.66095893358,hexanol,True,"Green, grassy, herbaceous"
Octanal,CAMEL.csv,CAMEL,10.1953,195,10.179,59,54688.43902520447,octanal,True,"Citrus, fruity, green"
Hexanol,CAMEL.csv,CAMEL,10.6969,209,10.699,92,16406.109382355204,hexanol,True,"Green, grassy, herbaceous"
Nonanal,CAMEL.csv,CAMEL,12.0795,253,12.102,57,14531603.968673317,nonanal,True,"Waxy, citrus, floral (lipid oxidation product)"
Decanal,CAMEL.csv,CAMEL,13.59715,297,13.587,59,82587.11975156252,decanal,True,"Citrus, fatty, waxy, potato-like"
Decanal,CAMEL.csv,CAMEL,13.7064666666667,300,13.703,120,30974.317442355503,decanal,True,"Citrus, fatty, waxy, potato-like"
Decanal,CAMEL.csv,CAMEL,15.0408333333333,343,15.031,55,138537.20234090323,decanal,True,"Citrus, fatty, waxy, potato-like"
Tetramethylpyrazine,CAMEL.csv,CAMEL,16.36235,386,16.349,58,230108.79586090497,tetramethylpyrazine,True,"Roasted, nutty, cocoa"
Pentanal,CAMEL.csv,CAMEL,17.5906166666667,429,17.574,281,2383127.6462119306,pentanal,True,"Fatty, green, pungent"
Heptanal,CAMEL.csv,CAMEL,18.6709666666667,463,18.668,135,11124.040616104288,heptanal,True,"Fatty, citrus-like, slightly green"
Acetophenone,CAMEL.csv,CAMEL,19.31405,484,19.314,57,142543.3554293557,acetophenone,True,"Floral, sweet, almond-like"
"2-Propanone, 1-methoxy-",CHOPIN.csv,CHOPIN,2.19512636665457,10,2.183,45,14569228.070960952,2propanone1methoxy,True,"Solvent, ether-like"
"Butanal, 3-methyl-",CHOPIN.csv,CHOPIN,2.89645,32,2.895,44,5004080.434853157,butanal3methyl,True,"Malty, chocolate, cocoa-like (Maillard reaction product)"
Hexanal,CHOPIN.csv,CHOPIN,5.27903333333333,89,5.289,56,1427352.6238282688,hexanal,True,"Green, grassy, fresh-cut potato"
Heptanal,CHOPIN.csv,CHOPIN,7.9317,131,7.933,56,18405.99339769761,heptanal,True,"Fatty, citrus-like, slightly green"
Benzaldehyde,CHOPIN.csv,CHOPIN,9.32181529811492,165,9.322,85,4218.812408422568,benzaldehyde,True,"Almond, cherry, sweet"
Dimethyl trisulfide,CHOPIN.csv,CHOPIN,9.52304469214157,172,9.542,79,410968.9947824182,dimethyltrisulfide,True,"Cabbage, onion, sulfurous"
Hexanol,CHOPIN.csv,CHOPIN,9.74195,179,9.751,43,21441.406358808657,hexanol,True,"Green, grassy, herbaceous"
Octanal,CHOPIN.csv,CHOPIN,10.1921,195,10.179,59,27338.48344334798,octanal,True,"Citrus, fruity, green"
Hexanol,CHOPIN.csv,CHOPIN,10.6936833333333,209,10.699,92,12453.53819756215,hexanol,True,"Green, grassy, herbaceous"
Nonanal,CHOPIN.csv,CHOPIN,12.0795,253,12.102,57,15630280.380273046,nonanal,True,"Waxy, citrus, floral (lipid oxidation product)"
Decanal,CHOPIN.csv,CHOPIN,13.59715,297,13.587,59,52971.628699891226,decanal,True,"Citrus, fatty, waxy, potato-like"
Decanal,CHOPIN.csv,CHOPIN,13.7064833333333,300,13.703,120,15356.043681242569,decanal,True,"Citrus, fatty, waxy, potato-like"
Decanal,CHOPIN.csv,CHOPIN,15.0376333333333,343,15.031,55,109145.80470768192,decanal,True,"Citrus, fatty, waxy, potato-like"
Tetramethylpyrazine,CHOPIN.csv,CHOPIN,16.36235,386,16.349,58,149247.17489015043,tetramethylpyrazine,True,"Roasted, nutty, cocoa"
1-Nonanol,CHOPIN.csv,CHOPIN,18.6709833333333,463,18.668,135,10637.13600601017,1nonanol,True,"Waxy, floral, oily"
Acetophenone,CHOPIN.csv,CHOPIN,19.3108333333333,484,19.314,57,93896.05612540676,acetophenone,True,"Floral, sweet, almond-like"
Propanal,FELSINA.csv,FELSINA,2.01332051450488,4,2.012,64,2174962.8620285518,propanal,True,"Sharp, pungent, green"
"2-Propanone, 1-methoxy-",FELSINA.csv,FELSINA,2.19652489391002,11,2.208,53,543270.1857688136,2propanone1methoxy,True,"Solvent, ether-like"
Pentanal,FELSINA.csv,FELSINA,3.31448333333333,46,3.315,44,2887736.08396034,pentanal,True,"Fatty, green, pungent"
Hexanal,FELSINA.csv,FELSINA,5.2855,89,5.289,56,12585599.868033491,hexanal,True,"Green, grassy, fresh-cut potato"
Heptanal,FELSINA.csv,FELSINA,7.93495,131,7.933,56,10010.642921497489,heptanal,True,"Fatty, citrus-like, slightly green"
Benzaldehyde,FELSINA.csv,FELSINA,9.31111666666667,165,9.322,85,6661.95658164975,benzaldehyde,True,"Almond, cherry, sweet"
Hexanol,FELSINA.csv,FELSINA,9.73876666666667,179,9.751,43,55486.69823517885,hexanol,True,"Green, grassy, herbaceous"
Octanal,FELSINA.csv,FELSINA,10.1921333333333,195,10.179,59,28847.950025837228,octanal,True,"Citrus, fruity, green"
Hexanol,FELSINA.csv,FELSINA,10.6992654344065,209,10.699,92,13735.841373965295,hexanol,True,"Green, grassy, herbaceous"
Octanal,FELSINA.csv,FELSINA,11.2596333333333,228,11.26,57,115239.92766214324,octanal,True,"Citrus, fruity, green"
Acetophenone,FELSINA.csv,FELSINA,11.45255,233,11.452,69,45185.96009009739,acetophenone,True,"Floral, sweet, almond-like"
Nonanal,FELSINA.csv,FELSINA,12.0763333333333,253,12.102,57,11341160.568593904,nonanal,True,"Waxy, citrus, floral (lipid oxidation product)"
Decanal,FELSINA.csv,FELSINA,13.5939833333333,297,13.587,59,59852.72443325779,decanal,True,"Citrus, fatty, waxy, potato-like"
Decanal,FELSINA.csv,FELSINA,13.7065166666667,300,13.703,120,15207.473726399909,decanal,True,"Citrus, fatty, waxy, potato-like"
Decanal,FELSINA.csv,FELSINA,15.0376666666667,343,15.031,55,111452.78023319304,decanal,True,"Citrus, fatty, waxy, potato-like"
Tetramethylpyrazine,FELSINA.csv,FELSINA,16.3624,386,16.349,58,150847.5110221971,tetramethylpyrazine,True,"Roasted, nutty, cocoa"
1-Octen-3-ol,FELSINA.csv,FELSINA,18.6710166666667,463,18.668,135,8350.410351772354,1octen3ol,True,"Mushroom, earthy, raw potato"
Acetophenone,FELSINA.csv,FELSINA,19.3108833333333,484,19.314,57,100829.9074104038,acetophenone,True,"Floral, sweet, almond-like"
Propanal,INNOVATOR.csv,INNOVATOR,2.01531666666667,4,2.012,64,1822964.9398426584,propanal,True,"Sharp, pungent, green"
"2-Propanone, 1-methoxy-",INNOVATOR.csv,INNOVATOR,2.20114075593465,11,2.208,53,749234.4453254156,2propanone1methoxy,True,"Solvent, ether-like"
Propanal,INNOVATOR.csv,INNOVATOR,2.35936666666667,17,2.36,72,1554827.659156286,propanal,True,"Sharp, pungent, green"
Acetic acid,INNOVATOR.csv,INNOVATOR,2.45903333333333,20,2.447,40,35781.96431331697,aceticacid,True,"Vinegar-like, sour"
"Butanal, 3-methyl-",INNOVATOR.csv,INNOVATOR,2.89953333333333,32,2.895,44,2622110.3838739144,butanal3methyl,True,"Malty, chocolate, cocoa-like (Maillard reaction product)"
"2-Propanone, 1-methoxy-",INNOVATOR.csv,INNOVATOR,2.98313333333333,35,2.98,78,4039374.3219340793,2propanone1methoxy,True,"Solvent, ether-like"
Hexanol,INNOVATOR.csv,INNOVATOR,3.15998333333333,40,3.143,86,3627.349837571408,hexanol,True,"Green, grassy, herbaceous"
"2,3-Pentanedione",INNOVATOR.csv,INNOVATOR,3.20821666666667,42,3.201,57,48751.29613871125,23pentanedione,True,"Creamy, buttery, sweet"
"2,3-Pentanedione",INNOVATOR.csv,INNOVATOR,3.28216666666667,45,3.286,57,108609.3223155609,23pentanedione,True,"Creamy, buttery, sweet"
"Butanal, 3-methyl-",INNOVATOR.csv,INNOVATOR,3.90595,56,3.915,45,89970.51983069198,butanal3methyl,True,"Malty, chocolate, cocoa-like (Maillard reaction product)"
Ethyl hexanoate,INNOVATOR.csv,INNOVATOR,5.05705,83,5.07,55,15585.867395092811,ethylhexanoate,True,"Apple, pineapple, sweet"
Hexanal,INNOVATOR.csv,INNOVATOR,5.28533333333333,89,5.289,56,1400871.3177080057,hexanal,True,"Green, grassy, fresh-cut potato"
Furfural,INNOVATOR.csv,INNOVATOR,6.20490173251373,98,6.221,39,59684.38021374173,furfural,True,"Sweet, almond, caramel"
"2,6-Dimethylpyrazine",INNOVATOR.csv,INNOVATOR,6.39785,102,6.405,70,21631.956869250116,26dimethylpyrazine,True,"Roasted, earthy"
"Butanal, 3-methyl-",INNOVATOR.csv,INNOVATOR,6.98625,112,7.002,85,41573.26176127483,butanal3methyl,True,"Malty, chocolate, cocoa-like (Maillard reaction product)"
Heptanal,INNOVATOR.csv,INNOVATOR,7.93478333333333,131,7.933,56,19049.228953403985,heptanal,True,"Fatty, citrus-like, slightly green"
Methional,INNOVATOR.csv,INNOVATOR,8.05053333333333,133,8.094,109,3812.526556066033,methional,True,"Cooked potato, meaty, sulfurous (key potato note)"
Benzaldehyde,INNOVATOR.csv,INNOVATOR,9.31738333333333,165,9.322,85,3976.8186822492353,benzaldehyde,True,"Almond, cherry, sweet"
Dimethyl trisulfide,INNOVATOR.csv,INNOVATOR,9.52638333333333,172,9.542,79,274373.8122567187,dimethyltrisulfide,True,"Cabbage, onion, sulfurous"
1-Octen-3-ol,INNOVATOR.csv,INNOVATOR,9.6968,177,9.69,56,7688.706889066332,1octen3ol,True,"Mushroom, earthy, raw potato"
Hexanol,INNOVATOR.csv,INNOVATOR,9.74825,179,9.751,43,21112.62667377267,hexanol,True,"Green, grassy, herbaceous"
Butanoic acid,INNOVATOR.csv,INNOVATOR,10.0472666666667,190,10.038,123,15794.713318207048,butanoicacid,True,"Rancid, cheesy, sweaty"
Octanal,INNOVATOR.csv,INNOVATOR,10.1951833333333,195,10.179,59,28333.822541986057,octanal,True,"Citrus, fruity, green"
Ethyl acetate,INNOVATOR.csv,INNOVATOR,10.39775,200,10.381,57,63663.59120214515,ethylacetate,True,"Fruity, solvent-like"
Hexanol,INNOVATOR.csv,INNOVATOR,10.6967833333333,209,10.699,92,12847.20118998809,hexanol,True,"Green, grassy, herbaceous"
Benzeneacetaldehyde,INNOVATOR.csv,INNOVATOR,11.02795,220,11.01,56,10166.315690278272,benzeneacetaldehyde,True,"Honey, floral, sweet"
"Butanal, 3-methyl-",INNOVATOR.csv,INNOVATOR,11.25625,228,11.26,57,100320.22762715654,butanal3methyl,True,"Malty, chocolate, cocoa-like (Maillard reaction product)"
Octanal,INNOVATOR.csv,INNOVATOR,11.3237666666667,230,11.337,91,141017.33651135178,octanal,True,"Citrus, fruity, green"
1-Heptanol,INNOVATOR.csv,INNOVATOR,11.7224666666667,242,11.737,43,31788.13411029564,1heptanol,True,"Floral, herbal, fatty"
Nonanal,INNOVATOR.csv,INNOVATOR,12.0793833333333,253,12.102,57,16183886.577815669,nonanal,True,"Waxy, citrus, floral (lipid oxidation product)"
Octanoic acid,INNOVATOR.csv,INNOVATOR,12.4041333333333,260,12.401,98,18199.92219940608,octanoicacid,True,"Fatty, soapy, rancid"
Nonanal,INNOVATOR.csv,INNOVATOR,13.0054,278,12.996,56,9881.589081765862,nonanal,True,"Waxy, citrus, floral (lipid oxidation product)"
Decanal,INNOVATOR.csv,INNOVATOR,13.0632833333333,280,13.067,105,71429.87492968669,decanal,True,"Citrus, fatty, waxy, potato-like"
Decanal,INNOVATOR.csv,INNOVATOR,13.1533,283,13.15,105,78051.68299856223,decanal,True,"Citrus, fatty, waxy, potato-like"
Octanoic acid,INNOVATOR.csv,INNOVATOR,13.3783833333333,291,13.391,122,125967.89929173944,octanoicacid,True,"Fatty, soapy, rancid"
Decanal,INNOVATOR.csv,INNOVATOR,13.5970333333333,297,13.587,59,57476.87880642426,decanal,True,"Citrus, fatty, waxy, potato-like"
Decanal,INNOVATOR.csv,INNOVATOR,13.70635,300,13.703,120,17468.96146850621,decanal,True,"Citrus, fatty, waxy, potato-like"
Octanoic acid,INNOVATOR.csv,INNOVATOR,14.0439666666667,310,14.044,105,90785.01893083742,octanoicacid,True,"Fatty, soapy, rancid"
2-Methylthiazole,INNOVATOR.csv,INNOVATOR,14.1275666666667,313,14.134,97,61621.07807408787,2methylthiazole,True,"Nutty, roasted"
Octanoic acid,INNOVATOR.csv,INNOVATOR,14.2272333333333,316,14.224,102,238081.96004408025,octanoicacid,True,"Fatty, soapy, rancid"
"Butanal, 3-methyl-",INNOVATOR.csv,INNOVATOR,14.3353179366634,320,14.343,71,94359.76498147612,butanal3methyl,True,"Malty, chocolate, cocoa-like (Maillard reaction product)"
Octanoic acid,INNOVATOR.csv,INNOVATOR,14.5487666666667,327,14.53,73,22576.63659480349,octanoicacid,True,"Fatty, soapy, rancid"
Octanoic acid,INNOVATOR.csv,INNOVATOR,14.6098666666667,330,14.607,60,39962.36354098698,octanoicacid,True,"Fatty, soapy, rancid"
"Butanal, 3-methyl-",INNOVATOR.csv,INNOVATOR,14.6773833333333,333,14.681,102,62741.88452813427,butanal3methyl,True,"Malty, chocolate, cocoa-like (Maillard reaction product)"
"Butanal, 3-methyl-",INNOVATOR.csv,INNOVATOR,14.7159666666667,334,14.71,87,486622.5316115672,butanal3methyl,True,"Malty, chocolate, cocoa-like (Maillard reaction product)"
1-Phenylethanol,INNOVATOR.csv,INNOVATOR,14.7706333333333,335,14.758,102,447658.14773614367,1phenylethanol,True,"Floral, rose, sweet"
Decanal,INNOVATOR.csv,INNOVATOR,15.0407166666667,343,15.031,55,141846.45482611528,decanal,True,"Citrus, fatty, waxy, potato-like"
Decanal,INNOVATOR.csv,INNOVATOR,15.1661166666667,347,15.163,105,22298.871517061576,decanal,True,"Citrus, fatty, waxy, potato-like"
3-Octanone,INNOVATOR.csv,INNOVATOR,15.4104833333333,355,15.411,69,59530.53038371432,3octanone,True,"Mushroom, earthy, fatty"
Methyl butanoate,INNOVATOR.csv,INNOVATOR,15.5037333333333,358,15.494,87,20671.96177600164,methylbutanoate,True,"Apple, fruity, sweet"
Ethyl propanoate,INNOVATOR.csv,INNOVATOR,15.71595,365,15.7,43,43633.87486933537,ethylpropanoate,True,"Fruity, rum-like"
"2,4-Decadienal",INNOVATOR.csv,INNOVATOR,15.9410166666667,373,15.938,85,136841.11420214394,24decadienal,True,"Fatty, fried, potato-chip-like"
Heptanal,INNOVATOR.csv,INNOVATOR,16.2657666666667,383,16.259,74,44488.75084794964,heptanal,True,"Fatty, citrus-like, slightly green"
3-Octanone,INNOVATOR.csv,INNOVATOR,16.3204333333333,385,16.314,154,321637.7331167026,3octanone,True,"Mushroom, earthy, fatty"
Tetramethylpyrazine,INNOVATOR.csv,INNOVATOR,16.3622333333333,386,16.349,58,178077.7417210508,tetramethylpyrazine,True,"Roasted, nutty, cocoa"
Decanal,INNOVATOR.csv,INNOVATOR,16.5069166666667,390,16.481,145,20653.165642921354,decanal,True,"Citrus, fatty, waxy, potato-like"
2-Methyl-1-propanol,INNOVATOR.csv,INNOVATOR,16.9249166666667,405,16.931,74,370135.93338229135,2methyl1propanol,True,"Fusel, solvent-like"
Methanethiol,INNOVATOR.csv,INNOVATOR,17.2336,417,17.24,194,214403.7054344648,methanethiol,True,"Sulfurous, cabbage, cooked potato"
Methanethiol,INNOVATOR.csv,INNOVATOR,17.45545,425,17.465,113,282289.7688958259,methanethiol,True,"Sulfurous, cabbage, cooked potato"
Pentanal,INNOVATOR.csv,INNOVATOR,17.5905,429,17.574,281,2605177.156427811,pentanal,True,"Fatty, green, pungent"
Hexanoic acid,INNOVATOR.csv,INNOVATOR,17.7577,434,17.748,168,19578.30529196006,hexanoicacid,True,"Fatty, sweaty, rancid"
Methanethiol,INNOVATOR.csv,INNOVATOR,18.031,442,18.028,59,35844.61809025122,methanethiol,True,"Sulfurous, cabbage, cooked potato"
1-Heptanol,INNOVATOR.csv,INNOVATOR,18.9313,472,18.925,177,138704.71598940002,1heptanol,True,"Floral, herbal, fatty"
Benzeneacetaldehyde,INNOVATOR.csv,INNOVATOR,19.1821,480,19.201,232,71935.28206362313,benzeneacetaldehyde,True,"Honey, floral, sweet"
Acetophenone,INNOVATOR.csv,INNOVATOR,19.3139333333333,484,19.314,57,94851.9452069487,acetophenone,True,"Floral, sweet, almond-like"
Methanethiol,INNOVATOR.csv,INNOVATOR,19.63225,495,19.625,77,407154.5694073677,methanethiol,True,"Sulfurous, cabbage, cooked potato"
Benzeneacetaldehyde,INNOVATOR.csv,INNOVATOR,19.9795,507,19.971,55,39641.43697246815,benzeneacetaldehyde,True,"Honey, floral, sweet"
"Butanal, 3-methyl-",INNOVATOR.csv,INNOVATOR,20.6097166666667,529,20.612,43,159608.8005869812,butanal3methyl,True,"Malty, chocolate, cocoa-like (Maillard reaction product)"
"Butanal, 3-methyl-",JAERLA.csv,JAERLA,2.8996,32,2.895,44,3438937.175121469,butanal3methyl,True,"Malty, chocolate, cocoa-like (Maillard reaction product)"
Hexanal,JAERLA.csv,JAERLA,5.28216666666667,89,5.289,56,1453263.770499932,hexanal,True,"Green, grassy, fresh-cut potato"
Heptanal,JAERLA.csv,JAERLA,7.93483333333333,131,7.933,56,23735.858926349552,heptanal,True,"Fatty, citrus-like, slightly green"
Benzaldehyde,JAERLA.csv,JAERLA,9.31743333333333,165,9.322,85,8447.617971994187,benzaldehyde,True,"Almond, cherry, sweet"
Dimethyl trisulfide,JAERLA.csv,JAERLA,9.52643333333333,172,9.542,79,307176.9182396139,dimethyltrisulfide,True,"Cabbage, onion, sulfurous"
Octanal,JAERLA.csv,JAERLA,10.1952333333333,195,10.179,59,38198.688239576,octanal,True,"Citrus, fruity, green"
Hexanol,JAERLA.csv,JAERLA,10.6968333333333,209,10.699,92,12651.361380784096,hexanol,True,"Green, grassy, herbaceous"
Nonanal,JAERLA.csv,JAERLA,12.0794333333333,253,12.102,57,15564255.097451286,nonanal,True,"Waxy, citrus, floral (lipid oxidation product)"
Decanal,JAERLA.csv,JAERLA,13.7064,300,13.703,120,16099.406969486416,decanal,True,"Citrus, fatty, waxy, potato-like"
Acetophenone,JAERLA.csv,JAERLA,16.2561666666667,383,16.259,74,76493.88441397858,acetophenone,True,"Floral, sweet, almond-like"
Acetophenone,JAERLA.csv,JAERLA,19.3139833333333,484,19.314,57,55056.187305570806,acetophenone,True,"Floral, sweet, almond-like"
"2-Propanone, 1-methoxy-",SARPO MIRA.csv,SARPO MIRA,2.1859,10,2.183,45,14375061.237553507,2propanone1methoxy,True,"Solvent, ether-like"
"Butanal, 3-methyl-",SARPO MIRA.csv,SARPO MIRA,2.90291666666667,32,2.895,44,1939287.6256000048,butanal3methyl,True,"Malty, chocolate, cocoa-like (Maillard reaction product)"
Hexanal,SARPO MIRA.csv,SARPO MIRA,5.2855,89,5.289,56,2147331.2966654133,hexanal,True,"Green, grassy, fresh-cut potato"
Benzaldehyde,SARPO MIRA.csv,SARPO MIRA,9.31755,165,9.322,85,5594.340310876201,benzaldehyde,True,"Almond, cherry, sweet"
Dimethyl trisulfide,SARPO MIRA.csv,SARPO MIRA,9.52655,172,9.542,79,213085.7942224873,dimethyltrisulfide,True,"Cabbage, onion, sulfurous"
Octanal,SARPO MIRA.csv,SARPO MIRA,10.19535,195,10.179,59,24853.60382108556,octanal,True,"Citrus, fruity, green"
Hexanol,SARPO MIRA.csv,SARPO MIRA,10.6969333333333,209,10.699,92,13175.591561104844,hexanol,True,"Green, grassy, herbaceous"
Acetophenone,SARPO MIRA.csv,SARPO MIRA,11.4557666666667,233,11.452,69,94318.38014044342,acetophenone,True,"Floral, sweet, almond-like"
Nonanal,SARPO MIRA.csv,SARPO MIRA,12.0795333333333,253,12.102,57,14783528.673233343,nonanal,True,"Waxy, citrus, floral (lipid oxidation product)"
Decanal,SARPO MIRA.csv,SARPO MIRA,13.5971833333333,297,13.587,59,59474.168007120126,decanal,True,"Citrus, fatty, waxy, potato-like"
Decanal,SARPO MIRA.csv,SARPO MIRA,13.7065166666667,300,13.703,120,21567.221484534635,decanal,True,"Citrus, fatty, waxy, potato-like"
Decanal,SARPO MIRA.csv,SARPO MIRA,15.0408833333333,343,15.031,55,84908.59983969541,decanal,True,"Citrus, fatty, waxy, potato-like"
Tetramethylpyrazine,SARPO MIRA.csv,SARPO MIRA,16.3624,386,16.349,58,186633.90228403592,tetramethylpyrazine,True,"Roasted, nutty, cocoa"
1-Octen-3-ol,SARPO MIRA.csv,SARPO MIRA,18.6710166666667,463,18.668,135,8307.107078917588,1octen3ol,True,"Mushroom, earthy, raw potato"
Acetophenone,SARPO MIRA.csv,SARPO MIRA,19.3108666666667,484,19.314,57,90482.54173586184,acetophenone,True,"Floral, sweet, almond-like"
"2-Propanone, 1-methoxy-",VAN GOGH.csv,VAN GOGH,2.18268333333333,10,2.183,45,14184126.209400592,2propanone1methoxy,True,"Solvent, ether-like"
"Butanal, 3-methyl-",VAN GOGH.csv,VAN GOGH,2.89648333333333,32,2.895,44,3483484.7293287795,butanal3methyl,True,"Malty, chocolate, cocoa-like (Maillard reaction product)"
Benzaldehyde,VAN GOGH.csv,VAN GOGH,9.31111666666667,165,9.322,85,11230.323963571636,benzaldehyde,True,"Almond, cherry, sweet"
Dimethyl trisulfide,VAN GOGH.csv,VAN GOGH,9.52333333333333,172,9.542,79,250608.92058278635,dimethyltrisulfide,True,"Cabbage, onion, sulfurous"
Hexanol,VAN GOGH.csv,VAN GOGH,9.73875,179,9.751,43,38716.635929969554,hexanol,True,"Green, grassy, herbaceous"
Octanal,VAN GOGH.csv,VAN GOGH,10.1957364362022,195,10.179,59,37029.37247315348,octanal,True,"Citrus, fruity, green"
Hexanol,VAN GOGH.csv,VAN GOGH,10.6969333333333,209,10.699,92,11235.869611745236,hexanol,True,"Green, grassy, herbaceous"
Acetophenone,VAN GOGH.csv,VAN GOGH,11.4493333333333,233,11.452,69,63046.087673549,acetophenone,True,"Floral, sweet, almond-like"
Nonanal,VAN GOGH.csv,VAN GOGH,12.0795333333333,253,12.102,57,13145967.70038934,nonanal,True,"Waxy, citrus, floral (lipid oxidation product)"
Hexanoic acid,VAN GOGH.csv,VAN GOGH,13.3367333333333,290,13.349,105,2226235.6843353924,hexanoicacid,True,"Fatty, sweaty, rancid"
Decanal,VAN GOGH.csv,VAN GOGH,13.5939666666667,297,13.587,59,70109.85703466453,decanal,True,"Citrus, fatty, waxy, potato-like"
Decanal,VAN GOGH.csv,VAN GOGH,13.7065,300,13.703,120,23603.358244881994,decanal,True,"Citrus, fatty, waxy, potato-like"
Decanal,VAN GOGH.csv,VAN GOGH,15.0376666666667,343,15.031,55,118136.55663003362,decanal,True,"Citrus, fatty, waxy, potato-like"
Tetramethylpyrazine,VAN GOGH.csv,VAN GOGH,16.3623833333333,386,16.349,58,191217.108261658,tetramethylpyrazine,True,"Roasted, nutty, cocoa"
Phenylacetaldehyde,VAN GOGH.csv,VAN GOGH,18.15655,446,18.134,76,453642.7254843082,phenylacetaldehyde,True,"Honey-like, floral, sweet potato note"
Acetophenone,VAN GOGH.csv,VAN GOGH,19.3108666666667,484,19.314,57,124926.50961257816,acetophenone,True,"Floral, sweet, almond-like"
Propanal,ALTUS.csv,ALTUS,2.01306687810509,4,2.012,64,1541550.2587224066,propanal,True,"Sharp, pungent, green"
"2-Propanone, 1-methoxy-",ALTUS.csv,ALTUS,2.18143446042587,10,2.183,45,14863776.17511903,2propanone1methoxy,True,"Solvent, ether-like"
Isoamyl acetate,ALTUS.csv,ALTUS,2.46346479897378,21,2.473,43,3670501.100114468,isoamylacetate,True,"Banana, fruity, sweet"
Hexanol,ALTUS.csv,ALTUS,2.52017328481791,22,2.518,45,3812744.494172588,hexanol,True,"Green, grassy, herbaceous"
"Butanal, 3-methyl-",ALTUS.csv,ALTUS,2.61178585560923,26,2.625,132,1707214.5216794591,butanal3methyl,True,"Malty, chocolate, cocoa-like (Maillard reaction product)"
"Butanal, 3-methyl-",ALTUS.csv,ALTUS,2.89960413096503,32,2.895,44,1298481.884573833,butanal3methyl,True,"Malty, chocolate, cocoa-like (Maillard reaction product)"
Benzeneacetaldehyde,ALTUS.csv,ALTUS,7.14576796869927,115,7.167,91,112599.08113767626,benzeneacetaldehyde,True,"Honey, floral, sweet"
1-Phenylethanol,ALTUS.csv,ALTUS,7.33419499326027,117,7.289,51,9139.750036721663,1phenylethanol,True,"Floral, rose, sweet"
Heptanal,ALTUS.csv,ALTUS,7.9374949950859,131,7.933,56,16248.018067807556,heptanal,True,"Fatty, citrus-like, slightly green"
Acetophenone,ALTUS.csv,ALTUS,9.06316743570531,156,9.061,191,41127.67870842681,acetophenone,True,"Floral, sweet, almond-like"
Benzaldehyde,ALTUS.csv,ALTUS,9.31351093984436,165,9.322,85,5048.052348163071,benzaldehyde,True,"Almond, cherry, sweet"
Dimethyl trisulfide,ALTUS.csv,ALTUS,9.52562455499367,172,9.542,79,190475.0056067249,dimethyltrisulfide,True,"Cabbage, onion, sulfurous"
Hexanol,ALTUS.csv,ALTUS,9.74478290372598,179,9.751,43,61235.01668739508,hexanol,True,"Green, grassy, herbaceous"
Decanal,ALTUS.csv,ALTUS,10.1239193755205,193,10.118,191,483650.9613730879,decanal,True,"Citrus, fatty, waxy, potato-like"
Octanal,ALTUS.csv,ALTUS,10.1948648561994,195,10.179,59,63503.766597703,octanal,True,"Citrus, fruity, green"
3-Octanone,ALTUS.csv,ALTUS,10.3718018395643,200,10.381,57,59892.55256849311,3octanone,True,"Mushroom, earthy, fatty"
Hexanol,ALTUS.csv,ALTUS,10.6965135509653,209,10.699,92,26685.712718861352,hexanol,True,"Green, grassy, herbaceous"
Acetophenone,ALTUS.csv,ALTUS,11.4482083699685,233,11.452,69,92565.44140420192,acetophenone,True,"Floral, sweet, almond-like"
Nonanal,ALTUS.csv,ALTUS,12.077816782362,253,12.102,57,12705775.21942954,nonanal,True,"Waxy, citrus, floral (lipid oxidation product)"
1-Nonanol,ALTUS.csv,ALTUS,12.5559269036266,266,12.578,43,65542.75138970584,1nonanol,True,"Waxy, floral, oily"
Decanal,ALTUS.csv,ALTUS,13.1533440808007,283,13.15,105,95777.81786956172,decanal,True,"Citrus, fatty, waxy, potato-like"
Decanal,ALTUS.csv,ALTUS,13.5952497024413,297,13.587,59,146080.4830783643,decanal,True,"Citrus, fatty, waxy, potato-like"
Hexanoic acid,ALTUS.csv,ALTUS,13.6413443944205,299,13.649,105,8949611.914500942,hexanoicacid,True,"Fatty, sweaty, rancid"
Decanal,ALTUS.csv,ALTUS,13.7085511637286,300,13.703,120,59860.761168476034,decanal,True,"Citrus, fatty, waxy, potato-like"
"2,4-Decadienal",ALTUS.csv,ALTUS,14.5457929928984,327,14.53,73,54876.73668398424,24decadienal,True,"Fatty, fried, potato-chip-like"
Decanal,ALTUS.csv,ALTUS,15.0381787690657,343,15.031,55,100650.5724539937,decanal,True,"Citrus, fatty, waxy, potato-like"
Tetramethylpyrazine,ALTUS.csv,ALTUS,16.3604437719113,386,16.349,58,190418.64812487637,tetramethylpyrazine,True,"Roasted, nutty, cocoa"
Methyl butanoate,ALTUS.csv,ALTUS,17.164256846462,414,17.16,115,36202.17930123911,methylbutanoate,True,"Apple, fruity, sweet"
Decanal,ALTUS.csv,ALTUS,17.2943025276369,419,17.295,104,44733.83501490679,decanal,True,"Citrus, fatty, waxy, potato-like"
Pentanal,ALTUS.csv,ALTUS,17.5906194035185,429,17.574,281,4103986.232260642,pentanal,True,"Fatty, green, pungent"
Phenylacetaldehyde,ALTUS.csv,ALTUS,18.1578049041685,446,18.134,76,780623.0993142151,phenylacetaldehyde,True,"Honey-like, floral, sweet potato note"
Ethyl pentanoate,ALTUS.csv,ALTUS,18.8092147768044,467,18.799,222,62749.443379116565,ethylpentanoate,True,"Fruity, sweet"
Acetophenone,ALTUS.csv,ALTUS,19.3103686285223,484,19.314,57,134430.38003575095,acetophenone,True,"Floral, sweet, almond-like"
Decanal,ALTUS.csv,ALTUS,19.7740529029603,501,19.772,138,49683.90050392577,decanal,True,"Citrus, fatty, waxy, potato-like"
"2-Propanone, 1-methoxy-",ARDECHE.csv,ARDECHE,2.18598333333333,10,2.183,45,16101896.953368053,2propanone1methoxy,True,"Solvent, ether-like"
"Butanal, 3-methyl-",ARDECHE.csv,ARDECHE,2.90301666666667,32,2.895,44,1805478.76348468,butanal3methyl,True,"Malty, chocolate, cocoa-like (Maillard reaction product)"
Hexanal,ARDECHE.csv,ARDECHE,5.2888,89,5.289,56,1407554.401908323,hexanal,True,"Green, grassy, fresh-cut potato"
Benzaldehyde,ARDECHE.csv,ARDECHE,9.31765,165,9.322,85,20162.783119635547,benzaldehyde,True,"Almond, cherry, sweet"
Dimethyl trisulfide,ARDECHE.csv,ARDECHE,9.52663333333333,172,9.542,79,228780.4134328169,dimethyltrisulfide,True,"Cabbage, onion, sulfurous"
Hexanol,ARDECHE.csv,ARDECHE,9.76136666666667,180,9.767,60,93378.87121309128,hexanol,True,"Green, grassy, herbaceous"
Octanal,ARDECHE.csv,ARDECHE,10.1954333333333,195,10.179,59,21537.6030814458,octanal,True,"Citrus, fruity, green"
Hexanol,ARDECHE.csv,ARDECHE,10.6970333333333,209,10.699,92,17209.034187899055,hexanol,True,"Green, grassy, herbaceous"
Nonanal,ARDECHE.csv,ARDECHE,12.0796333333333,253,12.102,57,17192421.49634161,nonanal,True,"Waxy, citrus, floral (lipid oxidation product)"
Decanal,ARDECHE.csv,ARDECHE,13.5972833333333,297,13.587,59,82515.89821685787,decanal,True,"Citrus, fatty, waxy, potato-like"
Decanal,ARDECHE.csv,ARDECHE,13.7066,300,13.703,120,24570.079773455647,decanal,True,"Citrus, fatty, waxy, potato-like"
Decanal,ARDECHE.csv,ARDECHE,15.0377666666667,343,15.031,55,138927.25429567363,decanal,True,"Citrus, fatty, waxy, potato-like"
Tetramethylpyrazine,ARDECHE.csv,ARDECHE,16.3624833333333,386,16.349,58,145299.10015261042,tetramethylpyrazine,True,"Roasted, nutty, cocoa"
1-Nonanol,ARDECHE.csv,ARDECHE,18.6711166666667,463,18.668,135,10461.773548177183,1nonanol,True,"Waxy, floral, oily"
Acetophenone,ARDECHE.csv,ARDECHE,19.3109666666667,484,19.314,57,74326.75322694489,acetophenone,True,"Floral, sweet, almond-like"
"2-Propanone, 1-methoxy-",EL MUNDO.csv,EL MUNDO,2.18595,10,2.183,45,13011018.01870202,2propanone1methoxy,True,"Solvent, ether-like"
"Butanal, 3-methyl-",EL MUNDO.csv,EL MUNDO,2.89976666666667,32,2.895,44,2572608.89259786,butanal3methyl,True,"Malty, chocolate, cocoa-like (Maillard reaction product)"
Heptanal,EL MUNDO.csv,EL MUNDO,7.93821666666667,131,7.933,56,21871.961304332508,heptanal,True,"Fatty, citrus-like, slightly green"
Benzaldehyde,EL MUNDO.csv,EL MUNDO,9.31914398605512,165,9.322,85,10004.20828222197,benzaldehyde,True,"Almond, cherry, sweet"
Hexanol,EL MUNDO.csv,EL MUNDO,9.75058248820868,179,9.751,43,114585.29946767497,hexanol,True,"Green, grassy, herbaceous"
Octanal,EL MUNDO.csv,EL MUNDO,10.1954,195,10.179,59,69811.86577484453,octanal,True,"Citrus, fruity, green"
Hexanol,EL MUNDO.csv,EL MUNDO,10.697,209,10.699,92,24115.842904330333,hexanol,True,"Green, grassy, herbaceous"
Acetophenone,EL MUNDO.csv,EL MUNDO,11.4526,233,11.452,69,119544.12584780574,acetophenone,True,"Floral, sweet, almond-like"
Nonanal,EL MUNDO.csv,EL MUNDO,12.0796,253,12.102,57,14193079.794714317,nonanal,True,"Waxy, citrus, floral (lipid oxidation product)"
Decanal,EL MUNDO.csv,EL MUNDO,13.7097833333333,300,13.703,120,76813.41313427023,decanal,True,"Citrus, fatty, waxy, potato-like"
"2-Propanone, 1-methoxy-",EL MUNDO.csv,EL MUNDO,14.2596166666667,317,14.247,88,571607.0341179952,2propanone1methoxy,True,"Solvent, ether-like"
Tetramethylpyrazine,EL MUNDO.csv,EL MUNDO,16.3592333333333,386,16.349,58,166813.25371619005,tetramethylpyrazine,True,"Roasted, nutty, cocoa"
Phenylacetaldehyde,EL MUNDO.csv,EL MUNDO,18.1566166666667,446,18.134,76,508951.28956391127,phenylacetaldehyde,True,"Honey-like, floral, sweet potato note"
Acetophenone,EL MUNDO.csv,EL MUNDO,19.3109333333333,484,19.314,57,107087.36295068768,acetophenone,True,"Floral, sweet, almond-like"
"2-Propanone, 1-methoxy-",FABULA.csv,FABULA,2.1892,10,2.183,45,15662548.446820589,2propanone1methoxy,True,"Solvent, ether-like"
"Butanal, 3-methyl-",FABULA.csv,FABULA,2.8998,32,2.895,44,4979893.735217151,butanal3methyl,True,"Malty, chocolate, cocoa-like (Maillard reaction product)"
Hexanal,FABULA.csv,FABULA,5.28558333333333,89,5.289,56,1896646.050887348,hexanal,True,"Green, grassy, fresh-cut potato"
Heptanal,FABULA.csv,FABULA,7.93825,131,7.933,56,25041.595835762728,heptanal,True,"Fatty, citrus-like, slightly green"
Benzaldehyde,FABULA.csv,FABULA,9.32097292960808,165,9.322,85,8593.389515006305,benzaldehyde,True,"Almond, cherry, sweet"
Dimethyl trisulfide,FABULA.csv,FABULA,9.52663333333333,172,9.542,79,118194.54847758348,dimethyltrisulfide,True,"Cabbage, onion, sulfurous"
Hexanol,FABULA.csv,FABULA,9.75171666666667,179,9.751,43,73191.78916384245,hexanol,True,"Green, grassy, herbaceous"
Octanal,FABULA.csv,FABULA,10.19865,196,10.218,43,2758525.7225620663,octanal,True,"Citrus, fruity, green"
Hexanol,FABULA.csv,FABULA,10.6970333333333,209,10.699,92,11472.834183194082,hexanol,True,"Green, grassy, herbaceous"
Acetophenone,FABULA.csv,FABULA,11.4526333333333,233,11.452,69,134356.75541548518,acetophenone,True,"Floral, sweet, almond-like"
Nonanal,FABULA.csv,FABULA,12.0796333333333,253,12.102,57,19527090.253795136,nonanal,True,"Waxy, citrus, floral (lipid oxidation product)"
Hexanoic acid,FABULA.csv,FABULA,13.5104666666667,294,13.497,57,937309.7482000946,hexanoicacid,True,"Fatty, sweaty, rancid"
Decanal,FABULA.csv,FABULA,13.7098166666667,300,13.703,120,50455.19842762174,decanal,True,"Citrus, fatty, waxy, potato-like"
Tetramethylpyrazine,FABULA.csv,FABULA,16.3592666666667,386,16.349,58,143136.28810780536,tetramethylpyrazine,True,"Roasted, nutty, cocoa"
Phenylacetaldehyde,FABULA.csv,FABULA,18.1598666666667,447,18.182,51,378391.31194770266,phenylacetaldehyde,True,"Honey-like, floral, sweet potato note"
Acetophenone,FABULA.csv,FABULA,19.3109666666667,484,19.314,57,81651.4636043051,acetophenone,True,"Floral, sweet, almond-like"
"2-Propanone, 1-methoxy-",FONTANE.csv,FONTANE,2.18915,10,2.183,45,14874536.743935514,2propanone1methoxy,True,"Solvent, ether-like"
"Butanal, 3-methyl-",FONTANE.csv,FONTANE,2.89975,32,2.895,44,2272115.8210586924,butanal3methyl,True,"Malty, chocolate, cocoa-like (Maillard reaction product)"
Pentanal,FONTANE.csv,FONTANE,3.31773333333333,46,3.315,44,965528.426450969,pentanal,True,"Fatty, green, pungent"
Heptanal,FONTANE.csv,FONTANE,7.9382,131,7.933,56,24744.254204165845,heptanal,True,"Fatty, citrus-like, slightly green"
Benzaldehyde,FONTANE.csv,FONTANE,9.31436666666667,165,9.322,85,20453.492200391967,benzaldehyde,True,"Almond, cherry, sweet"
Hexanol,FONTANE.csv,FONTANE,9.75973787207525,180,9.767,60,240652.70246736237,hexanol,True,"Green, grassy, herbaceous"
Hexanol,FONTANE.csv,FONTANE,10.7034,209,10.699,92,32295.299649077788,hexanol,True,"Green, grassy, herbaceous"
Nonanal,FONTANE.csv,FONTANE,12.0828,253,12.102,57,18520273.51763455,nonanal,True,"Waxy, citrus, floral (lipid oxidation product)"
Decanal,FONTANE.csv,FONTANE,13.7097666666667,300,13.703,120,172418.6441134792,decanal,True,"Citrus, fatty, waxy, potato-like"
Ethanol,FONTANE.csv,FONTANE,13.9862833333333,308,13.989,57,850177.1489240789,ethanol,True,"Alcoholic, sweet"
"2-Propanone, 1-methoxy-",FONTANE.csv,FONTANE,14.2595833333333,317,14.247,88,3676377.655233823,2propanone1methoxy,True,"Solvent, ether-like"
"2-Propanone, 1-methoxy-",FONTANE.csv,FONTANE,14.3303333333333,320,14.343,71,592038.6456414731,2propanone1methoxy,True,"Solvent, ether-like"
Methyl butanoate,FONTANE.csv,FONTANE,15.4975,358,15.494,87,508551.04068778665,methylbutanoate,True,"Apple, fruity, sweet"
Decanal,FONTANE.csv,FONTANE,17.3013166666667,419,17.295,104,136427.9846104511,decanal,True,"Citrus, fatty, waxy, potato-like"
Decanal,FONTANE.csv,FONTANE,18.4942166666667,458,18.497,105,955512.783543664,decanal,True,"Citrus, fatty, waxy, potato-like"
1-Octen-3-ol,FONTANE.csv,FONTANE,18.6742666666667,463,18.668,135,12956.796890640158,1octen3ol,True,"Mushroom, earthy, raw potato"
Acetophenone,FONTANE.csv,FONTANE,19.32055,484,19.314,57,315516.7526423105,acetophenone,True,"Floral, sweet, almond-like"
3-Heptanone,FONTANE.csv,FONTANE,19.8478833333333,504,19.865,57,8195262.394312523,3heptanone,True,"Cheesy, earthy, fruity"
Octanoic acid,FONTANE.csv,FONTANE,20.49095,524,20.481,60,3404619.0080800955,octanoicacid,True,"Fatty, soapy, rancid"
"Butanal, 3-methyl-",JENNIFER.csv,JENNIFER,2.89968333333333,32,2.895,44,3987444.836926494,butanal3methyl,True,"Malty, chocolate, cocoa-like (Maillard reaction product)"
Hexanal,JENNIFER.csv,JENNIFER,5.28602461772753,89,5.289,56,1061394.317579012,hexanal,True,"Green, grassy, fresh-cut potato"
Heptanal,JENNIFER.csv,JENNIFER,7.93491666666667,131,7.933,56,21476.31709836054,heptanal,True,"Fatty, citrus-like, slightly green"
Benzaldehyde,JENNIFER.csv,JENNIFER,9.31431666666667,165,9.322,85,17903.618174275733,benzaldehyde,True,"Almond, cherry, sweet"
Hexanol,JENNIFER.csv,JENNIFER,9.7516,179,9.751,43,91081.17858845188,hexanol,True,"Green, grassy, herbaceous"
Hexanol,JENNIFER.csv,JENNIFER,10.7001333333333,209,10.699,92,19376.12998850376,hexanol,True,"Green, grassy, herbaceous"
Acetophenone,JENNIFER.csv,JENNIFER,11.452730916164,233,11.452,69,167838.65258528342,acetophenone,True,"Floral, sweet, almond-like"
Nonanal,JENNIFER.csv,JENNIFER,12.0793095892,253,12.102,57,18437714.067772847,nonanal,True,"Waxy, citrus, floral (lipid oxidation product)"
Decanal,JENNIFER.csv,JENNIFER,13.7064833333333,300,13.703,120,169964.8124659939,decanal,True,"Citrus, fatty, waxy, potato-like"
Ethanol,JENNIFER.csv,JENNIFER,13.9862166666667,308,13.989,57,674457.0276629976,ethanol,True,"Alcoholic, sweet"
"2-Propanone, 1-methoxy-",JENNIFER.csv,JENNIFER,14.2627333333333,317,14.247,88,1351292.2853249577,2propanone1methoxy,True,"Solvent, ether-like"
"2-Propanone, 1-methoxy-",JENNIFER.csv,JENNIFER,14.3334833333333,320,14.343,71,702059.5898876663,2propanone1methoxy,True,"Solvent, ether-like"
Tetramethylpyrazine,JENNIFER.csv,JENNIFER,16.3623666666667,386,16.349,58,619441.6487340627,tetramethylpyrazine,True,"Roasted, nutty, cocoa"
Decanal,JENNIFER.csv,JENNIFER,17.30125,419,17.295,104,100319.54888790802,decanal,True,"Citrus, fatty, waxy, potato-like"
Phenylacetaldehyde,JENNIFER.csv,JENNIFER,18.15975,447,18.182,51,619483.493753771,phenylacetaldehyde,True,"Honey-like, floral, sweet potato note"
Decanal,JENNIFER.csv,JENNIFER,18.49415,458,18.497,105,527448.2587681623,decanal,True,"Citrus, fatty, waxy, potato-like"
1-Nonanol,JENNIFER.csv,JENNIFER,18.6742,463,18.668,135,11428.462107300482,1nonanol,True,"Waxy, floral, oily"
Acetophenone,JENNIFER.csv,JENNIFER,19.3140666666667,484,19.314,57,400856.2521618329,acetophenone,True,"Floral, sweet, almond-like"
3-Heptanone,JENNIFER.csv,JENNIFER,19.8478166666667,504,19.865,57,6505736.561723656,3heptanone,True,"Cheesy, earthy, fruity"
"2-Propanone, 1-methoxy-",RED SCARLETT.csv,RED SCARLETT,2.19455904343607,10,2.183,45,14943274.517721832,2propanone1methoxy,True,"Solvent, ether-like"
"Butanal, 3-methyl-",RED SCARLETT.csv,RED SCARLETT,2.89968333333333,32,2.895,44,5633351.522850827,butanal3methyl,True,"Malty, chocolate, cocoa-like (Maillard reaction product)"
Hexanal,RED SCARLETT.csv,RED SCARLETT,5.28548333333333,89,5.289,56,1648968.5490971804,hexanal,True,"Green, grassy, fresh-cut potato"
Benzaldehyde,RED SCARLETT.csv,RED SCARLETT,9.31431666666667,165,9.322,85,43176.427936433865,benzaldehyde,True,"Almond, cherry, sweet"
Hexanol,RED SCARLETT.csv,RED SCARLETT,9.76740865030707,180,9.767,60,142629.57972993632,hexanol,True,"Green, grassy, herbaceous"
Hexanol,RED SCARLETT.csv,RED SCARLETT,10.70335,209,10.699,92,19889.9215128193,hexanol,True,"Green, grassy, herbaceous"
Acetophenone,RED SCARLETT.csv,RED SCARLETT,11.4600365751609,233,11.452,69,142310.7659698231,acetophenone,True,"Floral, sweet, almond-like"
Nonanal,RED SCARLETT.csv,RED SCARLETT,12.0827333333333,253,12.102,57,17815689.687597733,nonanal,True,"Waxy, citrus, floral (lipid oxidation product)"
Decanal,RED SCARLETT.csv,RED SCARLETT,13.5971666666667,297,13.587,59,84032.62966053636,decanal,True,"Citrus, fatty, waxy, potato-like"
Decanal,RED SCARLETT.csv,RED SCARLETT,13.7097166666667,300,13.703,120,23861.263693590747,decanal,True,"Citrus, fatty, waxy, potato-like"
Ethanol,RED SCARLETT.csv,RED SCARLETT,13.9862333333333,308,13.989,57,175340.0170946155,ethanol,True,"Alcoholic, sweet"
"2-Propanone, 1-methoxy-",RED SCARLETT.csv,RED SCARLETT,14.26275,317,14.247,88,893794.8322480967,2propanone1methoxy,True,"Solvent, ether-like"
"2-Propanone, 1-methoxy-",RED SCARLETT.csv,RED SCARLETT,14.3302666666667,320,14.343,71,363056.5400098826,2propanone1methoxy,True,"Solvent, ether-like"
Methyl butanoate,RED SCARLETT.csv,RED SCARLETT,15.49745,358,15.494,87,64507.10656684227,methylbutanoate,True,"Apple, fruity, sweet"
Decanal,RED SCARLETT.csv,RED SCARLETT,17.29805,419,17.295,104,26497.66423955012,decanal,True,"Citrus, fatty, waxy, potato-like"
Decanal,RED SCARLETT.csv,RED SCARLETT,18.4909333333333,458,18.497,105,88568.81083182812,decanal,True,"Citrus, fatty, waxy, potato-like"
1-Octen-3-ol,RED SCARLETT.csv,RED SCARLETT,18.6742166666667,463,18.668,135,11115.264256734235,1octen3ol,True,"Mushroom, earthy, raw potato"
Acetophenone,RED SCARLETT.csv,RED SCARLETT,19.3205,484,19.314,57,78138.21452492644,acetophenone,True,"Floral, sweet, almond-like"
3-Heptanone,RED SCARLETT.csv,RED SCARLETT,19.8446,503,19.827,197,116336.17914415762,3heptanone,True,"Cheesy, earthy, fruity"
"2-Propanone, 1-methoxy-",RUSSET BURBANK.csv,RUSSET BURBANK,2.19407061122706,10,2.183,45,16201908.07361238,2propanone1methoxy,True,"Solvent, ether-like"
Hexanol,RUSSET BURBANK.csv,RUSSET BURBANK,2.52016666666667,22,2.518,45,2833501.685106439,hexanol,True,"Green, grassy, herbaceous"
"Butanal, 3-methyl-",RUSSET BURBANK.csv,RUSSET BURBANK,2.9028,32,2.895,44,2553703.1114815217,butanal3methyl,True,"Malty, chocolate, cocoa-like (Maillard reaction product)"
Hexanal,RUSSET BURBANK.csv,RUSSET BURBANK,5.28858333333333,89,5.289,56,1249895.288910002,hexanal,True,"Green, grassy, fresh-cut potato"
Benzaldehyde,RUSSET BURBANK.csv,RUSSET BURBANK,9.32748539665016,165,9.322,85,11298.758754928154,benzaldehyde,True,"Almond, cherry, sweet"
Dimethyl trisulfide,RUSSET BURBANK.csv,RUSSET BURBANK,9.52641666666667,172,9.542,79,301151.7227324973,dimethyltrisulfide,True,"Cabbage, onion, sulfurous"
Hexanol,RUSSET BURBANK.csv,RUSSET BURBANK,9.76436666666667,180,9.767,60,190083.14987625385,hexanol,True,"Green, grassy, herbaceous"
Octanal,RUSSET BURBANK.csv,RUSSET BURBANK,10.1984333333333,195,10.179,59,22512.15454955852,octanal,True,"Citrus, fruity, green"
Hexanol,RUSSET BURBANK.csv,RUSSET BURBANK,10.699196413952,209,10.699,92,20291.39271332988,hexanol,True,"Green, grassy, herbaceous"
Acetophenone,RUSSET BURBANK.csv,RUSSET BURBANK,11.45885,233,11.452,69,157511.25053907142,acetophenone,True,"Floral, sweet, almond-like"
Nonanal,RUSSET BURBANK.csv,RUSSET BURBANK,12.0794166666667,253,12.102,57,19288147.2447257,nonanal,True,"Waxy, citrus, floral (lipid oxidation product)"
Decanal,RUSSET BURBANK.csv,RUSSET BURBANK,13.5970666666667,297,13.587,59,91057.4926769966,decanal,True,"Citrus, fatty, waxy, potato-like"
Decanal,RUSSET BURBANK.csv,RUSSET BURBANK,13.7096,300,13.703,120,26793.28986717708,decanal,True,"Citrus, fatty, waxy, potato-like"
Decanal,RUSSET BURBANK.csv,RUSSET BURBANK,15.04075,343,15.031,55,152214.80613358223,decanal,True,"Citrus, fatty, waxy, potato-like"
Tetramethylpyrazine,RUSSET BURBANK.csv,RUSSET BURBANK,16.3622666666667,386,16.349,58,272366.0046043363,tetramethylpyrazine,True,"Roasted, nutty, cocoa"
1-Nonanol,RUSSET BURBANK.csv,RUSSET BURBANK,18.6709,463,18.668,135,12961.427175450985,1nonanol,True,"Waxy, floral, oily"
Acetophenone,RUSSET BURBANK.csv,RUSSET BURBANK,19.3139666666667,484,19.314,57,171081.12139325557,acetophenone,True,"Floral, sweet, almond-like"
"2-Propanone, 1-methoxy-",SUNDANCE.csv,SUNDANCE,2.18583333333333,10,2.183,45,15849079.604784189,2propanone1methoxy,True,"Solvent, ether-like"
"Butanal, 3-methyl-",SUNDANCE.csv,SUNDANCE,2.89965,32,2.895,44,3340858.273058773,butanal3methyl,True,"Malty, chocolate, cocoa-like (Maillard reaction product)"
Hexanal,SUNDANCE.csv,SUNDANCE,5.28587025637822,89,5.289,56,1059158.776676329,hexanal,True,"Green, grassy, fresh-cut potato"
Benzaldehyde,SUNDANCE.csv,SUNDANCE,9.32185902703024,165,9.322,85,13879.644832878836,benzaldehyde,True,"Almond, cherry, sweet"
Dimethyl trisulfide,SUNDANCE.csv,SUNDANCE,9.52328333333333,172,9.542,79,221656.137709327,dimethyltrisulfide,True,"Cabbage, onion, sulfurous"
Hexanol,SUNDANCE.csv,SUNDANCE,9.76697361869027,180,9.767,60,89029.04022194263,hexanol,True,"Green, grassy, herbaceous"
Octanal,SUNDANCE.csv,SUNDANCE,10.1952833333333,195,10.179,59,31655.27215918099,octanal,True,"Citrus, fruity, green"
Hexanol,SUNDANCE.csv,SUNDANCE,10.7065333333333,209,10.699,92,17991.943946106847,hexanol,True,"Green, grassy, herbaceous"
Acetophenone,SUNDANCE.csv,SUNDANCE,11.4589166666667,233,11.452,69,145393.9940094905,acetophenone,True,"Floral, sweet, almond-like"
Nonanal,SUNDANCE.csv,SUNDANCE,12.0794833333333,253,12.102,57,13552678.893455956,nonanal,True,"Waxy, citrus, floral (lipid oxidation product)"
Hexanoic acid,SUNDANCE.csv,SUNDANCE,13.2402333333333,286,13.243,78,135753.56710283516,hexanoicacid,True,"Fatty, sweaty, rancid"
Decanal,SUNDANCE.csv,SUNDANCE,13.5939166666667,297,13.587,59,106427.45241219584,decanal,True,"Citrus, fatty, waxy, potato-like"
Decanal,SUNDANCE.csv,SUNDANCE,13.70645,300,13.703,120,20996.58242862444,decanal,True,"Citrus, fatty, waxy, potato-like"
Decanal,SUNDANCE.csv,SUNDANCE,15.0376166666667,343,15.031,55,135988.32719713915,decanal,True,"Citrus, fatty, waxy, potato-like"
Tetramethylpyrazine,SUNDANCE.csv,SUNDANCE,16.3591166666667,386,16.349,58,312264.0855620256,tetramethylpyrazine,True,"Roasted, nutty, cocoa"
1-Nonanol,SUNDANCE.csv,SUNDANCE,18.6709666666667,463,18.668,135,13244.411636526553,1nonanol,True,"Waxy, floral, oily"
Acetophenone,SUNDANCE.csv,SUNDANCE,19.3108166666667,484,19.314,57,197827.62473174132,acetophenone,True,"Floral, sweet, almond-like"
Isoamyl acetate,SUNDANCE.csv,SUNDANCE,23.02455,615,23.031,77,416382.217945942,isoamylacetate,True,"Banana, fruity, sweet"
"Butanal, 3-methyl-",ALTURAS.csv,ALTURAS,2.89,32,2.895,44,1146548.5521852446,butanal3methyl,True,"Malty, chocolate, cocoa-like (Maillard reaction product)"
Hexanal,ALTURAS.csv,ALTURAS,5.26537091332493,88,5.263,67,50633.268086495125,hexanal,True,"Green, grassy, fresh-cut potato"
Heptanal,ALTURAS.csv,ALTURAS,7.92201666666667,130,7.913,57,83795.46174711816,heptanal,True,"Fatty, citrus-like, slightly green"
Benzaldehyde,ALTURAS.csv,ALTURAS,9.31634427188598,165,9.322,85,16639.394618570535,benzaldehyde,True,"Almond, cherry, sweet"
Octanal,ALTURAS.csv,ALTURAS,10.18885,195,10.179,59,100774.26922097582,octanal,True,"Citrus, fruity, green"
Hexanol,ALTURAS.csv,ALTURAS,10.7000833333333,209,10.699,92,25678.341552422025,hexanol,True,"Green, grassy, herbaceous"
Nonanal,ALTURAS.csv,ALTURAS,12.0762666666667,253,12.102,57,17715130.905323684,nonanal,True,"Waxy, citrus, floral (lipid oxidation product)"
Tetramethylpyrazine,ALTURAS.csv,ALTURAS,12.6775333333333,268,12.671,70,1827852.9453911388,tetramethylpyrazine,True,"Roasted, nutty, cocoa"
Decanal,ALTURAS.csv,ALTURAS,13.70645,300,13.703,120,40870.661520132366,decanal,True,"Citrus, fatty, waxy, potato-like"
Decanal,ALTURAS.csv,ALTURAS,15.0343833333333,343,15.031,55,416744.6112701772,decanal,True,"Citrus, fatty, waxy, potato-like"
Pentanal,ALTURAS.csv,ALTURAS,15.6485166666667,364,15.665,71,5011354.041313884,pentanal,True,"Fatty, green, pungent"
1-Heptanol,ALTURAS.csv,ALTURAS,17.2915666666667,419,17.295,104,84377.86422798045,1heptanol,True,"Floral, herbal, fatty"
Acetophenone,ALTURAS.csv,ALTURAS,18.2047333333333,448,18.208,103,3357859.765751041,acetophenone,True,"Floral, sweet, almond-like"
Acetophenone,ALTURAS.csv,ALTURAS,19.3108166666667,484,19.314,57,68095.52249647713,acetophenone,True,"Floral, sweet, almond-like"
"Butanal, 3-methyl-",ALTURAS.csv,ALTURAS,20.57445,527,20.567,85,552430.792366039,butanal3methyl,True,"Malty, chocolate, cocoa-like (Maillard reaction product)"
3-Octanone,ALTURAS.csv,ALTURAS,20.8670333333333,537,20.855,41,744109.1932951622,3octanone,True,"Mushroom, earthy, fatty"
2-Isopropyl-3-methoxypyrazine,ALTURAS.csv,ALTURAS,21.1242666666667,546,21.114,99,1124214.8145079713,2isopropyl3methoxypyrazine,True,"Green, earthy, potato peel-like"
2-Nonanone,ALTURAS.csv,ALTURAS,21.8573666666667,574,21.846,139,56252.58333310396,2nonanone,True,"Fatty, floral, soapy"
"Butanal, 3-methyl-",BARAKA.csv,BARAKA,2.89933333333333,32,2.895,44,4109835.659018261,butanal3methyl,True,"Malty, chocolate, cocoa-like (Maillard reaction product)"
Heptanal,BARAKA.csv,BARAKA,7.93778333333333,131,7.933,56,29157.54605981808,heptanal,True,"Fatty, citrus-like, slightly green"
Benzaldehyde,BARAKA.csv,BARAKA,9.3236,165,9.322,85,11165.233553250006,benzaldehyde,True,"Almond, cherry, sweet"
Dimethyl trisulfide,BARAKA.csv,BARAKA,9.52616666666667,172,9.542,79,252857.45098948,dimethyltrisulfide,True,"Cabbage, onion, sulfurous"
Hexanol,BARAKA.csv,BARAKA,9.77696666666667,180,9.767,60,31349.184176604344,hexanol,True,"Green, grassy, herbaceous"
Octanal,BARAKA.csv,BARAKA,10.1949666666667,195,10.179,59,38948.42645589943,octanal,True,"Citrus, fruity, green"
Hexanol,BARAKA.csv,BARAKA,10.6997833333333,209,10.699,92,11465.571948957328,hexanol,True,"Green, grassy, herbaceous"
Nonanal,BARAKA.csv,BARAKA,12.0791666666667,253,12.102,57,18332423.9354097,nonanal,True,"Waxy, citrus, floral (lipid oxidation product)"
Decanal,BARAKA.csv,BARAKA,13.7061333333333,300,13.703,120,21913.111608197312,decanal,True,"Citrus, fatty, waxy, potato-like"
Acetophenone,BARAKA.csv,BARAKA,19.3137166666667,484,19.314,57,64550.57252020072,acetophenone,True,"Floral, sweet, almond-like"
Hexanal,ESCORT.csv,ESCORT,5.28538333333333,89,5.289,56,1398127.01009505,hexanal,True,"Green, grassy, fresh-cut potato"
Benzaldehyde,ESCORT.csv,ESCORT,9.32892016378202,165,9.322,85,13909.697059642614,benzaldehyde,True,"Almond, cherry, sweet"
Octanal,ESCORT.csv,ESCORT,10.1952333333333,195,10.179,59,36007.81572002378,octanal,True,"Citrus, fruity, green"
Hexanol,ESCORT.csv,ESCORT,10.7000093678896,209,10.699,92,12757.19773159762,hexanol,True,"Green, grassy, herbaceous"
Nonanal,ESCORT.csv,ESCORT,12.079641957215,253,12.102,57,12860373.188712984,nonanal,True,"Waxy, citrus, floral (lipid oxidation product)"
Decanal,ESCORT.csv,ESCORT,13.7064,300,13.703,120,28619.90281544213,decanal,True,"Citrus, fatty, waxy, potato-like"
Acetophenone,ESCORT.csv,ESCORT,19.3139833333333,484,19.314,57,70885.25120963693,acetophenone,True,"Floral, sweet, almond-like"
"2-Propanone, 1-methoxy-",FRISIA.csv,FRISIA,2.19472634501156,10,2.183,45,14563711.03422402,2propanone1methoxy,True,"Solvent, ether-like"
"Butanal, 3-methyl-",FRISIA.csv,FRISIA,2.8998,32,2.895,44,3133959.6653253976,butanal3methyl,True,"Malty, chocolate, cocoa-like (Maillard reaction product)"
Pentanal,FRISIA.csv,FRISIA,3.31458333333333,46,3.315,44,1283015.442795545,pentanal,True,"Fatty, green, pungent"
Hexanal,FRISIA.csv,FRISIA,5.28238333333333,89,5.289,56,1886303.6308029492,hexanal,True,"Green, grassy, fresh-cut potato"
Furfural,FRISIA.csv,FRISIA,6.2084,98,6.221,39,58968.22398349181,furfural,True,"Sweet, almond, caramel"
Benzaldehyde,FRISIA.csv,FRISIA,9.32308370222696,165,9.322,85,22097.07036542126,benzaldehyde,True,"Almond, cherry, sweet"
Hexanol,FRISIA.csv,FRISIA,10.7034666666667,209,10.699,92,27030.550636830685,hexanol,True,"Green, grassy, herbaceous"
Acetophenone,FRISIA.csv,FRISIA,11.4622833333333,233,11.452,69,208436.26167025007,acetophenone,True,"Floral, sweet, almond-like"
Nonanal,FRISIA.csv,FRISIA,12.08285,253,12.102,57,21098957.537776116,nonanal,True,"Waxy, citrus, floral (lipid oxidation product)"
Decanal,FRISIA.csv,FRISIA,13.5972833333333,297,13.587,59,342501.99218804215,decanal,True,"Citrus, fatty, waxy, potato-like"
Decanal,FRISIA.csv,FRISIA,13.7066,300,13.703,120,221184.8853660548,decanal,True,"Citrus, fatty, waxy, potato-like"
Ethanol,FRISIA.csv,FRISIA,13.98955,308,13.989,57,1011484.0448015044,ethanol,True,"Alcoholic, sweet"
"2-Propanone, 1-methoxy-",FRISIA.csv,FRISIA,14.25965,317,14.247,88,3524733.5550550167,2propanone1methoxy,True,"Solvent, ether-like"
"2-Propanone, 1-methoxy-",FRISIA.csv,FRISIA,14.3271666666667,319,14.317,59,12821460.683644269,2propanone1methoxy,True,"Solvent, ether-like"
Methyl butanoate,FRISIA.csv,FRISIA,15.49755,358,15.494,87,737985.9421028435,methylbutanoate,True,"Apple, fruity, sweet"
Decanal,FRISIA.csv,FRISIA,17.2949333333333,419,17.295,104,138137.20753173006,decanal,True,"Citrus, fatty, waxy, potato-like"
Decanal,FRISIA.csv,FRISIA,18.4942666666667,458,18.497,105,1108313.8542135064,decanal,True,"Citrus, fatty, waxy, potato-like"
1-Octen-3-ol,FRISIA.csv,FRISIA,18.6743333333333,463,18.668,135,17482.761645766583,1octen3ol,True,"Mushroom, earthy, raw potato"
Acetophenone,FRISIA.csv,FRISIA,19.3174,484,19.314,57,528171.6831664516,acetophenone,True,"Floral, sweet, almond-like"
"Butanal, 3-methyl-",MARILYN.csv,MARILYN,2.90285,32,2.895,44,2975376.227606703,butanal3methyl,True,"Malty, chocolate, cocoa-like (Maillard reaction product)"
"Butanal, 3-methyl-",MARILYN.csv,MARILYN,3.37871666666667,47,3.38,81,1197344.1601830446,butanal3methyl,True,"Malty, chocolate, cocoa-like (Maillard reaction product)"
Hexanal,MARILYN.csv,MARILYN,5.28541666666667,89,5.289,56,12381992.394837966,hexanal,True,"Green, grassy, fresh-cut potato"
Benzaldehyde,MARILYN.csv,MARILYN,9.3216838425512,165,9.322,85,33568.76554010118,benzaldehyde,True,"Almond, cherry, sweet"
Hexanol,MARILYN.csv,MARILYN,10.7065166666667,209,10.699,92,45185.129109039735,hexanol,True,"Green, grassy, herbaceous"
Nonanal,MARILYN.csv,MARILYN,12.0826833333333,253,12.102,57,21252554.62376773,nonanal,True,"Waxy, citrus, floral (lipid oxidation product)"
Decanal,MARILYN.csv,MARILYN,13.5971166666667,297,13.587,59,325246.5568268775,decanal,True,"Citrus, fatty, waxy, potato-like"
Decanal,MARILYN.csv,MARILYN,13.70965,300,13.703,120,247043.06355458623,decanal,True,"Citrus, fatty, waxy, potato-like"
"2-Propanone, 1-methoxy-",MARILYN.csv,MARILYN,14.2626833333333,317,14.247,88,4024718.0348284175,2propanone1methoxy,True,"Solvent, ether-like"
"2-Propanone, 1-methoxy-",MARILYN.csv,MARILYN,14.3302166666667,320,14.343,71,688521.7886567547,2propanone1methoxy,True,"Solvent, ether-like"
Methyl butanoate,MARILYN.csv,MARILYN,15.5006,358,15.494,87,545434.6561907628,methylbutanoate,True,"Apple, fruity, sweet"
Decanal,MARILYN.csv,MARILYN,17.2979833333333,419,17.295,104,144775.9646998434,decanal,True,"Citrus, fatty, waxy, potato-like"
Decanal,MARILYN.csv,MARILYN,18.4941,458,18.497,105,1032980.4691911506,decanal,True,"Citrus, fatty, waxy, potato-like"
1-Octen-3-ol,MARILYN.csv,MARILYN,18.67415,463,18.668,135,18915.71198469118,1octen3ol,True,"Mushroom, earthy, raw potato"
Acetophenone,MARILYN.csv,MARILYN,19.3172333333333,484,19.314,57,577439.0315654239,acetophenone,True,"Floral, sweet, almond-like"
3-Heptanone,MARILYN.csv,MARILYN,19.8477666666667,504,19.865,57,9850003.7745663,3heptanone,True,"Cheesy, earthy, fruity"
"2-Propanone, 1-methoxy-",ORIANA.csv,ORIANA,2.18895,10,2.183,45,15906818.10485438,2propanone1methoxy,True,"Solvent, ether-like"
"Butanal, 3-methyl-",ORIANA.csv,ORIANA,2.90276666666667,32,2.895,44,4878545.57773314,butanal3methyl,True,"Malty, chocolate, cocoa-like (Maillard reaction product)"
Hexanal,ORIANA.csv,ORIANA,5.29123761276764,89,5.289,56,1228752.34933676,hexanal,True,"Green, grassy, fresh-cut potato"
Benzaldehyde,ORIANA.csv,ORIANA,9.33120891124663,165,9.322,85,3129.2938343315354,benzaldehyde,True,"Almond, cherry, sweet"
Dimethyl trisulfide,ORIANA.csv,ORIANA,9.5296,172,9.542,79,116460.69545609388,dimethyltrisulfide,True,"Cabbage, onion, sulfurous"
Octanal,ORIANA.csv,ORIANA,10.2016166666667,196,10.218,43,1310821.9105648932,octanal,True,"Citrus, fruity, green"
Hexanol,ORIANA.csv,ORIANA,10.7032166666667,209,10.699,92,11010.206222978042,hexanol,True,"Green, grassy, herbaceous"
Nonanal,ORIANA.csv,ORIANA,12.0826,253,12.102,57,11083412.79842807,nonanal,True,"Waxy, citrus, floral (lipid oxidation product)"
Decanal,ORIANA.csv,ORIANA,13.60025,297,13.587,59,58625.98629862065,decanal,True,"Citrus, fatty, waxy, potato-like"
Decanal,ORIANA.csv,ORIANA,13.7127833333333,300,13.703,120,17171.09330999815,decanal,True,"Citrus, fatty, waxy, potato-like"
Decanal,ORIANA.csv,ORIANA,15.0407166666667,343,15.031,55,149802.54874766478,decanal,True,"Citrus, fatty, waxy, potato-like"
Tetramethylpyrazine,ORIANA.csv,ORIANA,16.3622333333333,386,16.349,58,261358.36672841167,tetramethylpyrazine,True,"Roasted, nutty, cocoa"
1-Nonanol,ORIANA.csv,ORIANA,18.67085,463,18.668,135,11007.923003551105,1nonanol,True,"Waxy, floral, oily"
Acetophenone,ORIANA.csv,ORIANA,19.31715,484,19.314,57,134772.115260134,acetophenone,True,"Floral, sweet, almond-like"
"2-Propanone, 1-methoxy-",SAGITTA.csv,SAGITTA,2.18888333333333,10,2.183,45,15789596.366662825,2propanone1methoxy,True,"Solvent, ether-like"
"Butanal, 3-methyl-",SAGITTA.csv,SAGITTA,2.89948333333333,32,2.895,44,3244203.1769012604,butanal3methyl,True,"Malty, chocolate, cocoa-like (Maillard reaction product)"
Hexanal,SAGITTA.csv,SAGITTA,5.28452296022289,89,5.289,56,1743419.182767206,hexanal,True,"Green, grassy, fresh-cut potato"
Heptanal,SAGITTA.csv,SAGITTA,7.93793333333333,131,7.933,56,23007.486527268386,heptanal,True,"Fatty, citrus-like, slightly green"
Benzaldehyde,SAGITTA.csv,SAGITTA,9.32171998073253,165,9.322,85,29277.84461801107,benzaldehyde,True,"Almond, cherry, sweet"
Hexanol,SAGITTA.csv,SAGITTA,10.70315,209,10.699,92,34578.40348737253,hexanol,True,"Green, grassy, herbaceous"
Nonanal,SAGITTA.csv,SAGITTA,12.0825333333333,253,12.102,57,22812952.032224327,nonanal,True,"Waxy, citrus, floral (lipid oxidation product)"
Decanal,SAGITTA.csv,SAGITTA,13.5969666666667,297,13.587,59,373583.84381142986,decanal,True,"Citrus, fatty, waxy, potato-like"
Decanal,SAGITTA.csv,SAGITTA,13.7095,300,13.703,120,243342.0813468629,decanal,True,"Citrus, fatty, waxy, potato-like"
Ethanol,SAGITTA.csv,SAGITTA,13.9860166666667,308,13.989,57,1186504.4033326504,ethanol,True,"Alcoholic, sweet"
"2-Propanone, 1-methoxy-",SAGITTA.csv,SAGITTA,14.26255,317,14.247,88,3876331.947199064,2propanone1methoxy,True,"Solvent, ether-like"
"2-Propanone, 1-methoxy-",SAGITTA.csv,SAGITTA,14.3300666666667,320,14.343,71,619084.7284258666,2propanone1methoxy,True,"Solvent, ether-like"
Methyl butanoate,SAGITTA.csv,SAGITTA,15.50045,358,15.494,87,744963.1520498596,methylbutanoate,True,"Apple, fruity, sweet"
Decanal,SAGITTA.csv,SAGITTA,17.2978333333333,419,17.295,104,165236.1188992351,decanal,True,"Citrus, fatty, waxy, potato-like"
1-Nonanol,SAGITTA.csv,SAGITTA,18.6740166666667,463,18.668,135,20241.28577940695,1nonanol,True,"Waxy, floral, oily"
Acetophenone,SAGITTA.csv,SAGITTA,19.3203,484,19.314,57,576590.0964496112,acetophenone,True,"Floral, sweet, almond-like"
"2-Propanone, 1-methoxy-",SUPERIOR.csv,SUPERIOR,2.19218333333333,10,2.183,45,15171193.053389778,2propanone1methoxy,True,"Solvent, ether-like"
"Butanal, 3-methyl-",SUPERIOR.csv,SUPERIOR,2.89956666666667,32,2.895,44,2962706.655814306,butanal3methyl,True,"Malty, chocolate, cocoa-like (Maillard reaction product)"
Pentanal,SUPERIOR.csv,SUPERIOR,3.31433333333333,46,3.315,44,2506661.408266104,pentanal,True,"Fatty, green, pungent"
"Butanal, 3-methyl-",SUPERIOR.csv,SUPERIOR,3.69375,53,3.699,56,46062.251872779205,butanal3methyl,True,"Malty, chocolate, cocoa-like (Maillard reaction product)"
Benzaldehyde,SUPERIOR.csv,SUPERIOR,9.32551770994083,165,9.322,85,23293.08924390663,benzaldehyde,True,"Almond, cherry, sweet"
Hexanol,SUPERIOR.csv,SUPERIOR,9.76767320821925,180,9.767,60,66337.07167669803,hexanol,True,"Green, grassy, herbaceous"
Octanal,SUPERIOR.csv,SUPERIOR,10.1952,195,10.179,59,37310.96454609975,octanal,True,"Citrus, fruity, green"
Hexanol,SUPERIOR.csv,SUPERIOR,10.7032166666667,209,10.699,92,13818.050874117118,hexanol,True,"Green, grassy, herbaceous"
Nonanal,SUPERIOR.csv,SUPERIOR,12.0794,253,12.102,57,14265156.912752865,nonanal,True,"Waxy, citrus, floral (lipid oxidation product)"
Decanal,SUPERIOR.csv,SUPERIOR,13.7095833333333,300,13.703,120,33859.40259961337,decanal,True,"Citrus, fatty, waxy, potato-like"
Acetophenone,SUPERIOR.csv,SUPERIOR,19.3107333333333,484,19.314,57,102297.9338592812,acetophenone,True,"Floral, sweet, almond-like"
"2-Propanone, 1-methoxy-",NICOLA.csv,NICOLA,2.18896666666667,10,2.183,45,15356995.789133864,2propanone1methoxy,True,"Solvent, ether-like"
"Butanal, 3-methyl-",NICOLA.csv,NICOLA,2.89955,32,2.895,44,4624744.474243923,butanal3methyl,True,"Malty, chocolate, cocoa-like (Maillard reaction product)"
Hexanal,NICOLA.csv,NICOLA,5.28535,89,5.289,56,1644541.942022955,hexanal,True,"Green, grassy, fresh-cut potato"
Heptanal,NICOLA.csv,NICOLA,7.93801666666667,131,7.933,56,29127.83638830377,heptanal,True,"Fatty, citrus-like, slightly green"
Benzaldehyde,NICOLA.csv,NICOLA,9.3174,165,9.322,85,26822.896016777944,benzaldehyde,True,"Almond, cherry, sweet"
Hexanol,NICOLA.csv,NICOLA,10.7032166666667,209,10.699,92,35249.95314230353,hexanol,True,"Green, grassy, herbaceous"
Nonanal,NICOLA.csv,NICOLA,12.0826,253,12.102,57,24111125.782696724,nonanal,True,"Waxy, citrus, floral (lipid oxidation product)"
Decanal,NICOLA.csv,NICOLA,13.5970333333333,297,13.587,59,387581.1260842088,decanal,True,"Citrus, fatty, waxy, potato-like"
Decanal,NICOLA.csv,NICOLA,13.7095833333333,300,13.703,120,272178.61549872794,decanal,True,"Citrus, fatty, waxy, potato-like"
Ethanol,NICOLA.csv,NICOLA,13.9861,308,13.989,57,1252152.5213212797,ethanol,True,"Alcoholic, sweet"
"2-Propanone, 1-methoxy-",NICOLA.csv,NICOLA,14.2626166666667,317,14.247,88,4180500.755124504,2propanone1methoxy,True,"Solvent, ether-like"
"2-Propanone, 1-methoxy-",NICOLA.csv,NICOLA,14.3301333333333,320,14.343,71,709316.9595707424,2propanone1methoxy,True,"Solvent, ether-like"
Methyl butanoate,NICOLA.csv,NICOLA,15.4973166666667,358,15.494,87,665187.7175899682,methylbutanoate,True,"Apple, fruity, sweet"
Tetramethylpyrazine,NICOLA.csv,NICOLA,16.36225,386,16.349,58,1051432.9172814344,tetramethylpyrazine,True,"Roasted, nutty, cocoa"
Decanal,NICOLA.csv,NICOLA,17.2979166666667,419,17.295,104,167261.90672908063,decanal,True,"Citrus, fatty, waxy, potato-like"
Decanal,NICOLA.csv,NICOLA,18.4908,458,18.497,105,1072876.33245079,decanal,True,"Citrus, fatty, waxy, potato-like"
1-Octen-3-ol,NICOLA.csv,NICOLA,18.6740833333333,463,18.668,135,19438.5500117045,1octen3ol,True,"Mushroom, earthy, raw potato"
Acetophenone,NICOLA.csv,NICOLA,19.31715,484,19.314,57,594158.3580192846,acetophenone,True,"Floral, sweet, almond-like"
"Butanal, 3-methyl-",ALTHEA.csv,ALTHEA,2.89635,32,2.895,44,2008192.5939211932,butanal3methyl,True,"Malty, chocolate, cocoa-like (Maillard reaction product)"
Pentanal,ALTHEA.csv,ALTHEA,3.31113333333333,46,3.315,44,2011933.825099012,pentanal,True,"Fatty, green, pungent"
"2-Propanone, 1-methoxy-",ALTHEA.csv,ALTHEA,8.88978333333333,152,8.912,72,41279.04274224424,2propanone1methoxy,True,"Solvent, ether-like"
Benzaldehyde,ALTHEA.csv,ALTHEA,9.33440158227083,165,9.322,85,92347.79706787415,benzaldehyde,True,"Almond, cherry, sweet"
Hexanol,ALTHEA.csv,ALTHEA,9.76434403560331,180,9.767,60,165321.5706269488,hexanol,True,"Green, grassy, herbaceous"
Hexanol,ALTHEA.csv,ALTHEA,10.7289666666667,210,10.731,70,5036606.963805619,hexanol,True,"Green, grassy, herbaceous"
Acetophenone,ALTHEA.csv,ALTHEA,11.4780828167651,234,11.478,105,5251614.697346275,acetophenone,True,"Floral, sweet, almond-like"
Nonanal,ALTHEA.csv,ALTHEA,12.10835,253,12.102,57,30711175.93346511,nonanal,True,"Waxy, citrus, floral (lipid oxidation product)"
Decanal,ALTHEA.csv,ALTHEA,13.7321,301,13.732,57,9456029.58619698,decanal,True,"Citrus, fatty, waxy, potato-like"
Ethanol,ALTHEA.csv,ALTHEA,14.0054,309,14.018,133,155804.83358396258,ethanol,True,"Alcoholic, sweet"
Methyl butanoate,ALTHEA.csv,ALTHEA,15.5262666666667,359,15.523,129,5897436.427868853,methylbutanoate,True,"Apple, fruity, sweet"
Decanal,ALTHEA.csv,ALTHEA,17.3300833333333,420,17.317,69,12331776.89844332,decanal,True,"Citrus, fatty, waxy, potato-like"
Decanal,ALTHEA.csv,ALTHEA,18.5229833333333,459,18.539,71,874899.9840342549,decanal,True,"Citrus, fatty, waxy, potato-like"
Acetophenone,ALTHEA.csv,ALTHEA,19.3621833333333,486,19.362,106,2792677.065122273,acetophenone,True,"Floral, sweet, almond-like"
"Butanal, 3-methyl-",ALTHEA.csv,ALTHEA,20.6161666666667,529,20.612,43,2163251.2881427226,butanal3methyl,True,"Malty, chocolate, cocoa-like (Maillard reaction product)"
3-Octanone,ALTHEA.csv,ALTHEA,20.90555,539,20.903,57,15606838.179652415,3octanone,True,"Mushroom, earthy, fatty"
2-Nonanone,ALTHEA.csv,ALTHEA,21.8862333333333,575,21.878,57,10106247.974914793,2nonanone,True,"Fatty, floral, soapy"
Hexanoic acid,ALTHEA.csv,ALTHEA,22.45215,593,22.444,57,838442.7456421161,hexanoicacid,True,"Fatty, sweaty, rancid"
Hexanal,ANIVIA.csv,ANIVIA,5.28868333333333,89,5.289,56,3108765.236013164,hexanal,True,"Green, grassy, fresh-cut potato"
Benzaldehyde,ANIVIA.csv,ANIVIA,9.33822232080845,166,9.348,76,240557.05858560055,benzaldehyde,True,"Almond, cherry, sweet"
Octanal,ANIVIA.csv,ANIVIA,10.2178166666667,196,10.218,43,2093625.069336601,octanal,True,"Citrus, fruity, green"
Hexanol,ANIVIA.csv,ANIVIA,10.7162,210,10.731,70,1593566.123871794,hexanol,True,"Green, grassy, herbaceous"
Acetophenone,ANIVIA.csv,ANIVIA,11.4782333333333,234,11.478,105,1337140.9459329275,acetophenone,True,"Floral, sweet, almond-like"
Nonanal,ANIVIA.csv,ANIVIA,12.1020166666667,253,12.102,57,13050950.150920598,nonanal,True,"Waxy, citrus, floral (lipid oxidation product)"
Decanal,ANIVIA.csv,ANIVIA,13.6196666666667,298,13.616,57,1444938.2079647365,decanal,True,"Citrus, fatty, waxy, potato-like"
Decanal,ANIVIA.csv,ANIVIA,13.7289833333333,301,13.732,57,2524508.060912112,decanal,True,"Citrus, fatty, waxy, potato-like"
Decanal,ANIVIA.csv,ANIVIA,15.0601333333333,344,15.06,57,1116080.4431409251,decanal,True,"Citrus, fatty, waxy, potato-like"
Tetramethylpyrazine,ANIVIA.csv,ANIVIA,16.3848666666667,387,16.385,57,2997339.131585562,tetramethylpyrazine,True,"Roasted, nutty, cocoa"
Acetophenone,ANIVIA.csv,ANIVIA,19.33335,485,19.336,181,197140.0674438579,acetophenone,True,"Floral, sweet, almond-like"
"2-Propanone, 1-methoxy-",DONALD.csv,DONALD,2.17372180783437,10,2.183,45,7636135.726414933,2propanone1methoxy,True,"Solvent, ether-like"
"Butanal, 3-methyl-",DONALD.csv,DONALD,2.89326666666667,32,2.895,44,2330336.469752993,butanal3methyl,True,"Malty, chocolate, cocoa-like (Maillard reaction product)"
Benzaldehyde,DONALD.csv,DONALD,9.33387991154803,165,9.322,85,83897.85073175999,benzaldehyde,True,"Almond, cherry, sweet"
Hexanol,DONALD.csv,DONALD,9.75805,179,9.751,43,200207.22311666975,hexanol,True,"Green, grassy, herbaceous"
Hexanol,DONALD.csv,DONALD,10.7258666666667,210,10.731,70,4478165.174294494,hexanol,True,"Green, grassy, herbaceous"
Nonanal,DONALD.csv,DONALD,12.10525,253,12.102,57,25375380.569197588,nonanal,True,"Waxy, citrus, floral (lipid oxidation product)"
Decanal,DONALD.csv,DONALD,13.7322166666667,301,13.732,57,5836701.609797032,decanal,True,"Citrus, fatty, waxy, potato-like"
Ethanol,DONALD.csv,DONALD,13.9991,308,13.989,57,2181064.13259674,ethanol,True,"Alcoholic, sweet"
"2-Propanone, 1-methoxy-",DONALD.csv,DONALD,14.2884833333333,318,14.288,45,3216759.4296870218,2propanone1methoxy,True,"Solvent, ether-like"
"2-Propanone, 1-methoxy-",DONALD.csv,DONALD,14.356,320,14.343,71,817863.059695349,2propanone1methoxy,True,"Solvent, ether-like"
Methyl butanoate,DONALD.csv,DONALD,15.5231666666667,359,15.523,129,5052947.169276704,methylbutanoate,True,"Apple, fruity, sweet"
Decanal,DONALD.csv,DONALD,17.3269833333333,420,17.317,69,10612817.459039932,decanal,True,"Citrus, fatty, waxy, potato-like"
Decanal,DONALD.csv,DONALD,18.5198833333333,459,18.539,71,794490.2237475514,decanal,True,"Citrus, fatty, waxy, potato-like"
1-Octen-3-ol,DONALD.csv,DONALD,18.69995,464,18.697,83,4015473.178723139,1octen3ol,True,"Mushroom, earthy, raw potato"
Acetophenone,DONALD.csv,DONALD,19.3558833333333,486,19.362,106,2564662.192830961,acetophenone,True,"Floral, sweet, almond-like"
1-Heptanol,DONALD.csv,DONALD,19.64205,496,19.647,71,2110976.359819838,1heptanol,True,"Floral, herbal, fatty"
3-Octanone,DONALD.csv,DONALD,20.9024666666667,539,20.903,57,13145244.295594512,3octanone,True,"Mushroom, earthy, fatty"
2-Isopropyl-3-methoxypyrazine,DONALD.csv,DONALD,21.1564666666667,547,21.162,73,6041859.754775872,2isopropyl3methoxypyrazine,True,"Green, earthy, potato peel-like"
Benzeneacetaldehyde,DONALD.csv,DONALD,22.0857166666667,581,22.076,178,1889902.966949512,benzeneacetaldehyde,True,"Honey, floral, sweet"
Hexanoic acid,DONALD.csv,DONALD,22.4619,594,22.472,43,834474.1236951272,hexanoicacid,True,"Fatty, sweaty, rancid"
"2-Propanone, 1-methoxy-",FARIDA.csv,FARIDA,2.16343333333333,9,2.157,56,54899.9258890843,2propanone1methoxy,True,"Solvent, ether-like"
"Butanal, 3-methyl-",FARIDA.csv,FARIDA,2.89238155723577,32,2.895,44,2660496.8357913992,butanal3methyl,True,"Malty, chocolate, cocoa-like (Maillard reaction product)"
Benzaldehyde,FARIDA.csv,FARIDA,9.33615897855185,166,9.348,76,223967.44831915657,benzaldehyde,True,"Almond, cherry, sweet"
Dimethyl trisulfide,FARIDA.csv,FARIDA,9.54588333333333,172,9.542,79,159135.02001288917,dimethyltrisulfide,True,"Cabbage, onion, sulfurous"
Octanal,FARIDA.csv,FARIDA,10.2146833333333,196,10.218,43,2262143.566771772,octanal,True,"Citrus, fruity, green"
Hexanol,FARIDA.csv,FARIDA,10.7162833333333,210,10.731,70,1150002.7878135538,hexanol,True,"Green, grassy, herbaceous"
Acetophenone,FARIDA.csv,FARIDA,11.4751,234,11.478,105,1442919.7442744635,acetophenone,True,"Floral, sweet, almond-like"
Nonanal,FARIDA.csv,FARIDA,12.0988833333333,253,12.102,57,13440907.947707543,nonanal,True,"Waxy, citrus, floral (lipid oxidation product)"
Decanal,FARIDA.csv,FARIDA,13.61975,298,13.616,57,1177056.4196679918,decanal,True,"Citrus, fatty, waxy, potato-like"
Decanal,FARIDA.csv,FARIDA,13.7290666666667,301,13.732,57,3233051.4060283746,decanal,True,"Citrus, fatty, waxy, potato-like"
Decanal,FARIDA.csv,FARIDA,15.0634333333333,344,15.06,57,962489.5711892452,decanal,True,"Citrus, fatty, waxy, potato-like"
Tetramethylpyrazine,FARIDA.csv,FARIDA,16.38495,387,16.385,57,2686234.847455225,tetramethylpyrazine,True,"Roasted, nutty, cocoa"
1-Heptanol,FARIDA.csv,FARIDA,17.3141833333333,420,17.317,69,1561093.580091692,1heptanol,True,"Floral, herbal, fatty"
Acetophenone,FARIDA.csv,FARIDA,19.3334333333333,485,19.336,181,225093.19337356387,acetophenone,True,"Floral, sweet, almond-like"
"Butanal, 3-methyl-",HANSA.csv,HANSA,2.89618333333333,32,2.895,44,2351336.3303846824,butanal3methyl,True,"Malty, chocolate, cocoa-like (Maillard reaction product)"
"Butanal, 3-methyl-",HANSA.csv,HANSA,5.00225,80,4.999,83,106182.9750936848,butanal3methyl,True,"Malty, chocolate, cocoa-like (Maillard reaction product)"
Benzaldehyde,HANSA.csv,HANSA,9.33333333333333,165,9.322,85,87237.34299454276,benzaldehyde,True,"Almond, cherry, sweet"
Hexanol,HANSA.csv,HANSA,9.75775,179,9.751,43,212548.4585222437,hexanol,True,"Green, grassy, herbaceous"
Hexanol,HANSA.csv,HANSA,10.7255833333333,210,10.731,70,4616498.780706026,hexanol,True,"Green, grassy, herbaceous"
Acetophenone,HANSA.csv,HANSA,11.47475,234,11.478,105,4431419.449252492,acetophenone,True,"Floral, sweet, almond-like"
Nonanal,HANSA.csv,HANSA,12.1049666666667,253,12.102,57,22188476.601117637,nonanal,True,"Waxy, citrus, floral (lipid oxidation product)"
Octanoic acid,HANSA.csv,HANSA,12.4265,261,12.427,74,1989283.174044217,octanoicacid,True,"Fatty, soapy, rancid"
Decanal,HANSA.csv,HANSA,13.7319333333333,301,13.732,57,5775040.895128909,decanal,True,"Citrus, fatty, waxy, potato-like"
Ethanol,HANSA.csv,HANSA,13.9955833333333,308,13.989,57,1723357.471529986,ethanol,True,"Alcoholic, sweet"
"2-Propanone, 1-methoxy-",HANSA.csv,HANSA,14.27855,318,14.288,45,2849151.324441413,2propanone1methoxy,True,"Solvent, ether-like"
"2-Propanone, 1-methoxy-",HANSA.csv,HANSA,14.3492833333333,320,14.343,71,538708.5415404191,2propanone1methoxy,True,"Solvent, ether-like"
Methyl butanoate,HANSA.csv,HANSA,15.5228833333333,359,15.523,129,3998211.027660463,methylbutanoate,True,"Apple, fruity, sweet"
Decanal,HANSA.csv,HANSA,17.3202666666667,420,17.317,69,7638552.586644447,decanal,True,"Citrus, fatty, waxy, potato-like"
Decanal,HANSA.csv,HANSA,17.7832833333333,435,17.783,57,3072460.149281123,decanal,True,"Citrus, fatty, waxy, potato-like"
Octanoic acid,HANSA.csv,HANSA,18.3298833333333,452,18.33,141,19146.13033873791,octanoicacid,True,"Fatty, soapy, rancid"
Acetophenone,HANSA.csv,HANSA,19.34915,486,19.362,106,2015149.31115805,acetophenone,True,"Floral, sweet, almond-like"
3-Octanone,HANSA.csv,HANSA,20.89895,539,20.903,57,3958299.983489088,3octanone,True,"Mushroom, earthy, fatty"
"Butanal, 3-methyl-",KENNEBEC.csv,KENNEBEC,2.89961142477727,32,2.895,44,1817740.404932363,butanal3methyl,True,"Malty, chocolate, cocoa-like (Maillard reaction product)"
Pentanal,KENNEBEC.csv,KENNEBEC,3.30808333333333,46,3.315,44,2862904.097553506,pentanal,True,"Fatty, green, pungent"
Heptanal,KENNEBEC.csv,KENNEBEC,7.95105,132,7.959,70,1364524.5785633924,heptanal,True,"Fatty, citrus-like, slightly green"
Benzaldehyde,KENNEBEC.csv,KENNEBEC,9.33043333333333,165,9.322,85,86001.63559604326,benzaldehyde,True,"Almond, cherry, sweet"
Hexanol,KENNEBEC.csv,KENNEBEC,9.7613,180,9.767,60,292977.1782163709,hexanol,True,"Green, grassy, herbaceous"
Hexanol,KENNEBEC.csv,KENNEBEC,10.7291166666667,210,10.731,70,5079483.982202597,hexanol,True,"Green, grassy, herbaceous"
Acetophenone,KENNEBEC.csv,KENNEBEC,11.4750833333333,234,11.478,105,5126009.647667995,acetophenone,True,"Floral, sweet, almond-like"
Nonanal,KENNEBEC.csv,KENNEBEC,12.1085,253,12.102,57,32111056.373149727,nonanal,True,"Waxy, citrus, floral (lipid oxidation product)"
Decanal,KENNEBEC.csv,KENNEBEC,13.6229333333333,298,13.616,57,3995516.433823868,decanal,True,"Citrus, fatty, waxy, potato-like"
Decanal,KENNEBEC.csv,KENNEBEC,13.73225,301,13.732,57,7075855.68755641,decanal,True,"Citrus, fatty, waxy, potato-like"
Ethanol,KENNEBEC.csv,KENNEBEC,14.00235,308,13.989,57,2745907.316725808,ethanol,True,"Alcoholic, sweet"
Methyl butanoate,KENNEBEC.csv,KENNEBEC,15.5264166666667,359,15.523,129,5701232.601497975,methylbutanoate,True,"Apple, fruity, sweet"
Pentanal,KENNEBEC.csv,KENNEBEC,17.3302333333333,420,17.317,69,13184675.87992302,pentanal,True,"Fatty, green, pungent"
Decanal,KENNEBEC.csv,KENNEBEC,18.5231333333333,459,18.539,71,842586.1504035313,decanal,True,"Citrus, fatty, waxy, potato-like"
1-Octen-3-ol,KENNEBEC.csv,KENNEBEC,18.6999833333333,464,18.697,83,4180448.668575614,1octen3ol,True,"Mushroom, earthy, raw potato"
Acetophenone,KENNEBEC.csv,KENNEBEC,19.3591333333333,486,19.362,106,2650154.8174109147,acetophenone,True,"Floral, sweet, almond-like"
3-Octanone,KENNEBEC.csv,KENNEBEC,20.9057166666667,539,20.903,57,13256740.2966013,3octanone,True,"Mushroom, earthy, fatty"
2-Nonanone,KENNEBEC.csv,KENNEBEC,21.8831833333333,575,21.878,57,8267561.922485947,2nonanone,True,"Fatty, floral, soapy"
Hexanoic acid,KENNEBEC.csv,KENNEBEC,22.4523,593,22.444,57,836989.0064167838,hexanoicacid,True,"Fatty, sweaty, rancid"
"2-Propanone, 1-methoxy-",MEMPHIS.csv,MEMPHIS,2.17263333333333,10,2.183,45,7656608.395293852,2propanone1methoxy,True,"Solvent, ether-like"
"Butanal, 3-methyl-",MEMPHIS.csv,MEMPHIS,2.88965,32,2.895,44,4595846.717686013,butanal3methyl,True,"Malty, chocolate, cocoa-like (Maillard reaction product)"
Hexanal,MEMPHIS.csv,MEMPHIS,5.2883,89,5.289,56,2167714.5897906367,hexanal,True,"Green, grassy, fresh-cut potato"
Benzaldehyde,MEMPHIS.csv,MEMPHIS,9.3375116093026,166,9.348,76,262507.53440948407,benzaldehyde,True,"Almond, cherry, sweet"
Hexanol,MEMPHIS.csv,MEMPHIS,9.75443333333333,179,9.751,43,116828.51900605964,hexanol,True,"Green, grassy, herbaceous"
Octanal,MEMPHIS.csv,MEMPHIS,10.21745,196,10.218,43,1916679.0119128672,octanal,True,"Citrus, fruity, green"
Hexanol,MEMPHIS.csv,MEMPHIS,10.7158333333333,210,10.731,70,1274925.5254829137,hexanol,True,"Green, grassy, herbaceous"
Acetophenone,MEMPHIS.csv,MEMPHIS,11.47465,234,11.478,105,1829415.9496201,acetophenone,True,"Floral, sweet, almond-like"
Nonanal,MEMPHIS.csv,MEMPHIS,12.10165,253,12.102,57,11746334.648669291,nonanal,True,"Waxy, citrus, floral (lipid oxidation product)"
Decanal,MEMPHIS.csv,MEMPHIS,13.6192833333333,298,13.616,57,1234042.8727065404,decanal,True,"Citrus, fatty, waxy, potato-like"
Decanal,MEMPHIS.csv,MEMPHIS,13.7286166666667,301,13.732,57,2762620.5682519795,decanal,True,"Citrus, fatty, waxy, potato-like"
Decanal,MEMPHIS.csv,MEMPHIS,15.0597666666667,344,15.06,57,981537.565968034,decanal,True,"Citrus, fatty, waxy, potato-like"
Tetramethylpyrazine,MEMPHIS.csv,MEMPHIS,16.3845,387,16.385,57,2678212.615408216,tetramethylpyrazine,True,"Roasted, nutty, cocoa"
Acetophenone,MEMPHIS.csv,MEMPHIS,19.3329833333333,485,19.336,181,211990.87658876125,acetophenone,True,"Floral, sweet, almond-like"
"2-Propanone, 1-methoxy-",BILDTSTAR.csv,BILDTSTAR,2.1665,9,2.157,56,64772.99990821251,2propanone1methoxy,True,"Solvent, ether-like"
"Butanal, 3-methyl-",BILDTSTAR.csv,BILDTSTAR,2.88995,32,2.895,44,2541068.1681272504,butanal3methyl,True,"Malty, chocolate, cocoa-like (Maillard reaction product)"
Benzaldehyde,BILDTSTAR.csv,BILDTSTAR,9.33351666666667,165,9.322,85,14478.444655226527,benzaldehyde,True,"Almond, cherry, sweet"
Hexanol,BILDTSTAR.csv,BILDTSTAR,9.7483,179,9.751,43,125850.00219725155,hexanol,True,"Green, grassy, herbaceous"
Octanal,BILDTSTAR.csv,BILDTSTAR,10.2145333333333,196,10.218,43,2631065.987234636,octanal,True,"Citrus, fruity, green"
Hexanol,BILDTSTAR.csv,BILDTSTAR,10.7161166666667,210,10.731,70,1221297.1268205056,hexanol,True,"Green, grassy, herbaceous"
Acetophenone,BILDTSTAR.csv,BILDTSTAR,11.47495,234,11.478,105,1972929.81827598,acetophenone,True,"Floral, sweet, almond-like"
Nonanal,BILDTSTAR.csv,BILDTSTAR,12.1019333333333,253,12.102,57,14571470.420892537,nonanal,True,"Waxy, citrus, floral (lipid oxidation product)"
Decanal,BILDTSTAR.csv,BILDTSTAR,13.6195833333333,298,13.616,57,1243545.7393967358,decanal,True,"Citrus, fatty, waxy, potato-like"
Decanal,BILDTSTAR.csv,BILDTSTAR,13.7289,301,13.732,57,3948597.0969222975,decanal,True,"Citrus, fatty, waxy, potato-like"
Tetramethylpyrazine,BILDTSTAR.csv,BILDTSTAR,16.3847833333333,387,16.385,57,2807033.8730550325,tetramethylpyrazine,True,"Roasted, nutty, cocoa"
Decanal,BILDTSTAR.csv,BILDTSTAR,17.3140333333333,420,17.317,69,2467470.8681727634,decanal,True,"Citrus, fatty, waxy, potato-like"
Acetophenone,BILDTSTAR.csv,BILDTSTAR,19.3332666666667,485,19.336,181,293975.74782009964,acetophenone,True,"Floral, sweet, almond-like"
Hexanoic acid,BILDTSTAR.csv,BILDTSTAR,22.4682333333333,594,22.472,43,1142860.269205638,hexanoicacid,True,"Fatty, sweaty, rancid"
"2-Propanone, 1-methoxy-",REDDALE.csv,REDDALE,2.16993333333333,9,2.157,56,82915.28037565616,2propanone1methoxy,True,"Solvent, ether-like"
"Butanal, 3-methyl-",REDDALE.csv,REDDALE,2.89577027319904,32,2.895,44,3050365.73615094,butanal3methyl,True,"Malty, chocolate, cocoa-like (Maillard reaction product)"
Benzaldehyde,REDDALE.csv,REDDALE,9.33811335722017,166,9.348,76,190587.8960974779,benzaldehyde,True,"Almond, cherry, sweet"
Hexanol,REDDALE.csv,REDDALE,9.75175,179,9.751,43,114525.09155126392,hexanol,True,"Green, grassy, herbaceous"
Octanal,REDDALE.csv,REDDALE,10.21475,196,10.218,43,2270520.0175796333,octanal,True,"Citrus, fruity, green"
Hexanol,REDDALE.csv,REDDALE,10.71635,210,10.731,70,1132320.138026391,hexanol,True,"Green, grassy, herbaceous"
Acetophenone,REDDALE.csv,REDDALE,11.4751666666667,234,11.478,105,1797739.5535704463,acetophenone,True,"Floral, sweet, almond-like"
Nonanal,REDDALE.csv,REDDALE,12.1021666666667,253,12.102,57,13208966.806941338,nonanal,True,"Waxy, citrus, floral (lipid oxidation product)"
Decanal,REDDALE.csv,REDDALE,13.6198166666667,298,13.616,57,1342316.70458276,decanal,True,"Citrus, fatty, waxy, potato-like"
Decanal,REDDALE.csv,REDDALE,13.7291333333333,301,13.732,57,3343130.8960674177,decanal,True,"Citrus, fatty, waxy, potato-like"
Decanal,REDDALE.csv,REDDALE,15.0635166666667,344,15.06,57,1088767.6362965095,decanal,True,"Citrus, fatty, waxy, potato-like"
Tetramethylpyrazine,REDDALE.csv,REDDALE,16.3818,387,16.385,57,3041970.727202491,tetramethylpyrazine,True,"Roasted, nutty, cocoa"
Acetophenone,REDDALE.csv,REDDALE,19.3335,485,19.336,181,301322.0237361209,acetophenone,True,"Floral, sweet, almond-like"
"2-Propanone, 1-methoxy-",VIOLET QUEEN.csv,VIOLET QUEEN,2.17286666666667,10,2.183,45,6789151.233774794,2propanone1methoxy,True,"Solvent, ether-like"
"Butanal, 3-methyl-",VIOLET QUEEN.csv,VIOLET QUEEN,2.89631666666667,32,2.895,44,11012562.73728554,butanal3methyl,True,"Malty, chocolate, cocoa-like (Maillard reaction product)"
"Butanal, 3-methyl-",VIOLET QUEEN.csv,VIOLET QUEEN,5.00238333333333,80,4.999,83,77914.17166805189,butanal3methyl,True,"Malty, chocolate, cocoa-like (Maillard reaction product)"
"2-Propanone, 1-methoxy-",VIOLET QUEEN.csv,VIOLET QUEEN,8.88975,152,8.912,72,22794.64212223597,2propanone1methoxy,True,"Solvent, ether-like"
Benzaldehyde,VIOLET QUEEN.csv,VIOLET QUEEN,9.33025,165,9.322,85,79048.46779082804,benzaldehyde,True,"Almond, cherry, sweet"
Hexanol,VIOLET QUEEN.csv,VIOLET QUEEN,9.76431666666667,180,9.767,60,296958.0406828503,hexanol,True,"Green, grassy, herbaceous"
Hexanol,VIOLET QUEEN.csv,VIOLET QUEEN,10.7257166666667,210,10.731,70,4594877.091392594,hexanol,True,"Green, grassy, herbaceous"
Acetophenone,VIOLET QUEEN.csv,VIOLET QUEEN,11.4748833333333,234,11.478,105,4654803.763170636,acetophenone,True,"Floral, sweet, almond-like"
Nonanal,VIOLET QUEEN.csv,VIOLET QUEEN,12.1051,253,12.102,57,25967356.46760221,nonanal,True,"Waxy, citrus, floral (lipid oxidation product)"
Decanal,VIOLET QUEEN.csv,VIOLET QUEEN,13.7320666666667,301,13.732,57,5413954.92650467,decanal,True,"Citrus, fatty, waxy, potato-like"
Ethanol,VIOLET QUEEN.csv,VIOLET QUEEN,14.00215,308,13.989,57,2488598.9110639496,ethanol,True,"Alcoholic, sweet"
Methyl butanoate,VIOLET QUEEN.csv,VIOLET QUEEN,15.5230166666667,359,15.523,129,4300335.830128023,methylbutanoate,True,"Apple, fruity, sweet"
Tetramethylpyrazine,VIOLET QUEEN.csv,VIOLET QUEEN,16.3847333333333,387,16.385,57,14371780.31021212,tetramethylpyrazine,True,"Roasted, nutty, cocoa"
Decanal,VIOLET QUEEN.csv,VIOLET QUEEN,17.3268333333333,420,17.317,69,11042819.316744223,decanal,True,"Citrus, fatty, waxy, potato-like"
Decanal,VIOLET QUEEN.csv,VIOLET QUEEN,18.5197333333333,459,18.539,71,652654.2025125491,decanal,True,"Citrus, fatty, waxy, potato-like"
1-Octen-3-ol,VIOLET QUEEN.csv,VIOLET QUEEN,18.6997833333333,464,18.697,83,3543947.392214808,1octen3ol,True,"Mushroom, earthy, raw potato"
Acetophenone,VIOLET QUEEN.csv,VIOLET QUEEN,19.3525,486,19.362,106,2369510.4477743786,acetophenone,True,"Floral, sweet, almond-like"
3-Octanone,VIOLET QUEEN.csv,VIOLET QUEEN,20.9055166666667,539,20.903,57,12972409.366159707,3octanone,True,"Mushroom, earthy, fatty"
2-Nonanone,VIOLET QUEEN.csv,VIOLET QUEEN,21.8862,575,21.878,57,5614415.1256387895,2nonanone,True,"Fatty, floral, soapy"
"Butanal, 3-methyl-",ADORA.csv,ADORA,2.89308333333333,32,2.895,44,3847878.457655193,butanal3methyl,True,"Malty, chocolate, cocoa-like (Maillard reaction product)"
Benzaldehyde,ADORA.csv,ADORA,9.33794543512391,166,9.348,76,160831.54526904374,benzaldehyde,True,"Almond, cherry, sweet"
Hexanol,ADORA.csv,ADORA,9.75143333333333,179,9.751,43,192869.02404491528,hexanol,True,"Green, grassy, herbaceous"
Octanal,ADORA.csv,ADORA,10.2208833333333,196,10.218,43,3578182.4956626343,octanal,True,"Citrus, fruity, green"
Hexanol,ADORA.csv,ADORA,10.7335340073372,210,10.731,70,1396695.475933161,hexanol,True,"Green, grassy, herbaceous"
Acetophenone,ADORA.csv,ADORA,11.4748666666667,234,11.478,105,3943885.888873813,acetophenone,True,"Floral, sweet, almond-like"
Nonanal,ADORA.csv,ADORA,12.1050833333333,253,12.102,57,14775288.048156658,nonanal,True,"Waxy, citrus, floral (lipid oxidation product)"
Decanal,ADORA.csv,ADORA,13.6227333333333,298,13.616,57,1492866.7151218145,decanal,True,"Citrus, fatty, waxy, potato-like"
Decanal,ADORA.csv,ADORA,13.73205,301,13.732,57,7726009.46719241,decanal,True,"Citrus, fatty, waxy, potato-like"
Decanal,ADORA.csv,ADORA,16.5294,391,16.533,57,2106065.470160661,decanal,True,"Citrus, fatty, waxy, potato-like"
Phenylacetaldehyde,ADORA.csv,ADORA,18.1692333333333,447,18.182,51,432957.7455042657,phenylacetaldehyde,True,"Honey-like, floral, sweet potato note"
Acetophenone,ADORA.csv,ADORA,19.3332,485,19.336,181,583018.4466718099,acetophenone,True,"Floral, sweet, almond-like"
3-Heptanone,ADORA.csv,ADORA,19.8637333333333,504,19.865,57,2604082.8610777683,3heptanone,True,"Cheesy, earthy, fruity"
Octanoic acid,ADORA.csv,ADORA,20.4843,524,20.481,60,1881091.6041109867,octanoicacid,True,"Fatty, soapy, rancid"
Hexanoic acid,ADORA.csv,ADORA,22.46495,594,22.472,43,850233.6549555503,hexanoicacid,True,"Fatty, sweaty, rancid"
Hexanal,DESIREE.csv,DESIREE,5.29176666666667,89,5.289,56,6466124.484719032,hexanal,True,"Green, grassy, fresh-cut potato"
Benzaldehyde,DESIREE.csv,DESIREE,9.33988333333333,166,9.348,76,78596.28063854476,benzaldehyde,True,"Almond, cherry, sweet"
Hexanol,DESIREE.csv,DESIREE,9.75466666666667,179,9.751,43,149840.2799742995,hexanol,True,"Green, grassy, herbaceous"
Octanal,DESIREE.csv,DESIREE,10.2210704034593,196,10.218,43,2315171.019554893,octanal,True,"Citrus, fruity, green"
Hexanol,DESIREE.csv,DESIREE,10.7225,210,10.731,70,883643.0883154575,hexanol,True,"Green, grassy, herbaceous"
Acetophenone,DESIREE.csv,DESIREE,11.4781,234,11.478,105,942495.9238695938,acetophenone,True,"Floral, sweet, almond-like"
Nonanal,DESIREE.csv,DESIREE,12.1018833333333,253,12.102,57,12608448.879436214,nonanal,True,"Waxy, citrus, floral (lipid oxidation product)"
Decanal,DESIREE.csv,DESIREE,13.7320666666667,301,13.732,57,3717857.4059171714,decanal,True,"Citrus, fatty, waxy, potato-like"
Acetophenone,DESIREE.csv,DESIREE,19.33,485,19.336,181,166431.06379722556,acetophenone,True,"Floral, sweet, almond-like"
Octanoic acid,DESIREE.csv,DESIREE,20.4811,524,20.481,60,1483989.3657336812,octanoicacid,True,"Fatty, soapy, rancid"
Hexanoic acid,DESIREE.csv,DESIREE,22.4585333333333,594,22.472,43,516881.8667153966,hexanoicacid,True,"Fatty, sweaty, rancid"
"Butanal, 3-methyl-",CLEARWATER R.csv,CLEARWATER R,2.89006666666667,32,2.895,44,5188678.714902852,butanal3methyl,True,"Malty, chocolate, cocoa-like (Maillard reaction product)"
Benzaldehyde,CLEARWATER R.csv,CLEARWATER R,9.33365,165,9.322,85,17414.46136077501,benzaldehyde,True,"Almond, cherry, sweet"
Dimethyl trisulfide,CLEARWATER R.csv,CLEARWATER R,9.54906666666667,172,9.542,79,362248.98121570505,dimethyltrisulfide,True,"Cabbage, onion, sulfurous"
Hexanol,CLEARWATER R.csv,CLEARWATER R,9.75163333333333,179,9.751,43,168334.48496818438,hexanol,True,"Green, grassy, herbaceous"
Octanal,CLEARWATER R.csv,CLEARWATER R,10.2178666666667,196,10.218,43,3157417.113761561,octanal,True,"Citrus, fruity, green"
Hexanol,CLEARWATER R.csv,CLEARWATER R,10.7226833333333,210,10.731,70,2304953.3386584786,hexanol,True,"Green, grassy, herbaceous"
Acetophenone,CLEARWATER R.csv,CLEARWATER R,11.47185,234,11.478,105,3829074.524896996,acetophenone,True,"Floral, sweet, almond-like"
Nonanal,CLEARWATER R.csv,CLEARWATER R,12.1020666666667,253,12.102,57,15608755.915266382,nonanal,True,"Waxy, citrus, floral (lipid oxidation product)"
Hexanoic acid,CLEARWATER R.csv,CLEARWATER R,13.2853166666667,288,13.292,106,335589.15483314137,hexanoicacid,True,"Fatty, sweaty, rancid"
Decanal,CLEARWATER R.csv,CLEARWATER R,13.73225,301,13.732,57,7418906.721521261,decanal,True,"Citrus, fatty, waxy, potato-like"
Tetramethylpyrazine,CLEARWATER R.csv,CLEARWATER R,16.3849166666667,387,16.385,57,2606948.506737609,tetramethylpyrazine,True,"Roasted, nutty, cocoa"
Phenylacetaldehyde,CLEARWATER R.csv,CLEARWATER R,18.1694333333333,447,18.182,51,553591.8250802928,phenylacetaldehyde,True,"Honey-like, floral, sweet potato note"
Acetophenone,CLEARWATER R.csv,CLEARWATER R,19.3334,485,19.336,181,564239.8243013078,acetophenone,True,"Floral, sweet, almond-like"
3-Heptanone,CLEARWATER R.csv,CLEARWATER R,19.8639333333333,504,19.865,57,5248938.558986382,3heptanone,True,"Cheesy, earthy, fruity"
Octanoic acid,CLEARWATER R.csv,CLEARWATER R,20.5102166666667,525,20.506,73,2134156.882140276,octanoicacid,True,"Fatty, soapy, rancid"
3-Octanone,CLEARWATER R.csv,CLEARWATER R,20.9024833333333,539,20.903,57,8432760.75932718,3octanone,True,"Mushroom, earthy, fatty"
2-Nonanone,CLEARWATER R.csv,CLEARWATER R,21.8831666666667,575,21.878,57,2935511.267171874,2nonanone,True,"Fatty, floral, soapy"
Benzeneacetaldehyde,CLEARWATER R.csv,CLEARWATER R,22.0825166666667,581,22.076,178,1777200.2956077976,benzeneacetaldehyde,True,"Honey, floral, sweet"
Hexanoic acid,CLEARWATER R.csv,CLEARWATER R,22.1436166666667,582,22.134,105,17326135.897666533,hexanoicacid,True,"Fatty, sweaty, rancid"
Hexanoic acid,CLEARWATER R.csv,CLEARWATER R,22.4715833333333,594,22.472,43,1285653.322186977,hexanoicacid,True,"Fatty, sweaty, rancid"
"2-Propanone, 1-methoxy-",PAYETTE RUSSET.csv,PAYETTE RUSSET,2.1731,10,2.183,45,9093642.065276625,2propanone1methoxy,True,"Solvent, ether-like"
"Butanal, 3-methyl-",PAYETTE RUSSET.csv,PAYETTE RUSSET,2.89011666666667,32,2.895,44,2157062.730742956,butanal3methyl,True,"Malty, chocolate, cocoa-like (Maillard reaction product)"
Benzaldehyde,PAYETTE RUSSET.csv,PAYETTE RUSSET,9.34409271467212,166,9.348,76,96858.6527119544,benzaldehyde,True,"Almond, cherry, sweet"
Dimethyl trisulfide,PAYETTE RUSSET.csv,PAYETTE RUSSET,9.55233333333333,172,9.542,79,136734.81536719936,dimethyltrisulfide,True,"Cabbage, onion, sulfurous"
Octanal,PAYETTE RUSSET.csv,PAYETTE RUSSET,10.2211166666667,196,10.218,43,1259565.4525971336,octanal,True,"Citrus, fruity, green"
Hexanol,PAYETTE RUSSET.csv,PAYETTE RUSSET,10.7227166666667,210,10.731,70,367753.9089124087,hexanol,True,"Green, grassy, herbaceous"
Nonanal,PAYETTE RUSSET.csv,PAYETTE RUSSET,12.1021,253,12.102,57,7947913.941146258,nonanal,True,"Waxy, citrus, floral (lipid oxidation product)"
Decanal,PAYETTE RUSSET.csv,PAYETTE RUSSET,13.6229666666667,298,13.616,57,730490.5682056838,decanal,True,"Citrus, fatty, waxy, potato-like"
Decanal,PAYETTE RUSSET.csv,PAYETTE RUSSET,13.7322833333333,301,13.732,57,1661787.3072039278,decanal,True,"Citrus, fatty, waxy, potato-like"
Tetramethylpyrazine,PAYETTE RUSSET.csv,PAYETTE RUSSET,16.3849666666667,387,16.385,57,2127524.646835301,tetramethylpyrazine,True,"Roasted, nutty, cocoa"
Acetophenone,PAYETTE RUSSET.csv,PAYETTE RUSSET,19.3334333333333,485,19.336,181,126699.1515292369,acetophenone,True,"Floral, sweet, almond-like"
"Butanal, 3-methyl-",PRINCEOFORANGE.csv,PRINCEOFORANGE,2.88998333333333,32,2.895,44,4842375.017118897,butanal3methyl,True,"Malty, chocolate, cocoa-like (Maillard reaction product)"
Benzaldehyde,PRINCEOFORANGE.csv,PRINCEOFORANGE,9.34600893793363,166,9.348,76,51317.19368336991,benzaldehyde,True,"Almond, cherry, sweet"
Dimethyl trisulfide,PRINCEOFORANGE.csv,PRINCEOFORANGE,9.5522,172,9.542,79,199685.7522860056,dimethyltrisulfide,True,"Cabbage, onion, sulfurous"
Octanal,PRINCEOFORANGE.csv,PRINCEOFORANGE,10.2209833333333,196,10.218,43,2104772.0661971807,octanal,True,"Citrus, fruity, green"
Hexanol,PRINCEOFORANGE.csv,PRINCEOFORANGE,10.7225833333333,210,10.731,70,529971.5246829807,hexanol,True,"Green, grassy, herbaceous"
Nonanal,PRINCEOFORANGE.csv,PRINCEOFORANGE,12.1019666666667,253,12.102,57,11213860.26361446,nonanal,True,"Waxy, citrus, floral (lipid oxidation product)"
Decanal,PRINCEOFORANGE.csv,PRINCEOFORANGE,13.73215,301,13.732,57,3719409.394755061,decanal,True,"Citrus, fatty, waxy, potato-like"
Acetophenone,PRINCEOFORANGE.csv,PRINCEOFORANGE,19.3300833333333,485,19.336,181,161147.2839392513,acetophenone,True,"Floral, sweet, almond-like"
Octanoic acid,PRINCEOFORANGE.csv,PRINCEOFORANGE,20.4779666666667,524,20.481,60,1023094.1457984492,octanoicacid,True,"Fatty, soapy, rancid"
Hexanoic acid,PRINCEOFORANGE.csv,PRINCEOFORANGE,22.4586333333333,594,22.472,43,648838.922009202,hexanoicacid,True,"Fatty, sweaty, rancid"
"Butanal, 3-methyl-",SYMFONIA.csv,SYMFONIA,2.88671666666667,32,2.895,44,2667077.0820212555,butanal3methyl,True,"Malty, chocolate, cocoa-like (Maillard reaction product)"
Pentanal,SYMFONIA.csv,SYMFONIA,3.30793333333333,46,3.315,44,1306244.992160224,pentanal,True,"Fatty, green, pungent"
Hexanal,SYMFONIA.csv,SYMFONIA,5.2918,89,5.289,56,3298768.6487721503,hexanal,True,"Green, grassy, fresh-cut potato"
Benzaldehyde,SYMFONIA.csv,SYMFONIA,9.33993333333333,166,9.348,76,78977.09226067732,benzaldehyde,True,"Almond, cherry, sweet"
Dimethyl trisulfide,SYMFONIA.csv,SYMFONIA,9.55215,172,9.542,79,161487.55416962062,dimethyltrisulfide,True,"Cabbage, onion, sulfurous"
Octanal,SYMFONIA.csv,SYMFONIA,10.22095,196,10.218,43,1434755.3299765007,octanal,True,"Citrus, fruity, green"
Hexanol,SYMFONIA.csv,SYMFONIA,10.7296796400966,210,10.731,70,601493.9666474323,hexanol,True,"Green, grassy, herbaceous"
Acetophenone,SYMFONIA.csv,SYMFONIA,11.47815,234,11.478,105,846509.2464725884,acetophenone,True,"Floral, sweet, almond-like"
Nonanal,SYMFONIA.csv,SYMFONIA,12.1019333333333,253,12.102,57,7881663.69871914,nonanal,True,"Waxy, citrus, floral (lipid oxidation product)"
Decanal,SYMFONIA.csv,SYMFONIA,13.7321166666667,301,13.732,57,2156289.27292276,decanal,True,"Citrus, fatty, waxy, potato-like"
Acetophenone,SYMFONIA.csv,SYMFONIA,19.33005,485,19.336,181,115223.00023492063,acetophenone,True,"Floral, sweet, almond-like"
"Butanal, 3-methyl-",VE 71-105.csv,VE 71-105,2.88985,32,2.895,44,3190893.4712492167,butanal3methyl,True,"Malty, chocolate, cocoa-like (Maillard reaction product)"
Benzaldehyde,VE 71-105.csv,VE 71-105,9.33663333333333,166,9.348,76,141644.64210038583,benzaldehyde,True,"Almond, cherry, sweet"
Dimethyl trisulfide,VE 71-105.csv,VE 71-105,9.54885,172,9.542,79,323736.1367898537,dimethyltrisulfide,True,"Cabbage, onion, sulfurous"
Hexanol,VE 71-105.csv,VE 71-105,9.7482,179,9.751,43,173803.18418085677,hexanol,True,"Green, grassy, herbaceous"
Octanal,VE 71-105.csv,VE 71-105,10.2176333333333,196,10.218,43,3107477.378273432,octanal,True,"Citrus, fruity, green"
Hexanol,VE 71-105.csv,VE 71-105,10.72245,210,10.731,70,1463385.0886108696,hexanol,True,"Green, grassy, herbaceous"
Acetophenone,VE 71-105.csv,VE 71-105,11.47485,234,11.478,105,3665121.725217885,acetophenone,True,"Floral, sweet, almond-like"
Nonanal,VE 71-105.csv,VE 71-105,12.1018333333333,253,12.102,57,17845007.637012742,nonanal,True,"Waxy, citrus, floral (lipid oxidation product)"
Hexanoic acid,VE 71-105.csv,VE 71-105,13.2947333333333,288,13.292,106,370569.68542260746,hexanoicacid,True,"Fatty, sweaty, rancid"
Decanal,VE 71-105.csv,VE 71-105,13.7320166666667,301,13.732,57,6305181.120014818,decanal,True,"Citrus, fatty, waxy, potato-like"
Phenylacetaldehyde,VE 71-105.csv,VE 71-105,18.1692166666667,447,18.182,51,590242.8558980498,phenylacetaldehyde,True,"Honey-like, floral, sweet potato note"
Acetophenone,VE 71-105.csv,VE 71-105,19.3331666666667,485,19.336,181,750264.0850596495,acetophenone,True,"Floral, sweet, almond-like"
Octanoic acid,VE 71-105.csv,VE 71-105,20.50035,525,20.506,73,1662519.9951042917,octanoicacid,True,"Fatty, soapy, rancid"
Hexanoic acid,VE 71-105.csv,VE 71-105,22.1401833333333,582,22.134,105,3705348.359093747,hexanoicacid,True,"Fatty, sweaty, rancid"
Hexanoic acid,VE 71-105.csv,VE 71-105,22.2945166666667,588,22.3,71,198480.4660982481,hexanoicacid,True,"Fatty, sweaty, rancid"
"Butanal, 3-methyl-",ARIZONA.csv,ARIZONA,2.89318333333333,32,2.895,44,3825388.525553569,butanal3methyl,True,"Malty, chocolate, cocoa-like (Maillard reaction product)"
Hexanal,ARIZONA.csv,ARIZONA,5.29740469185326,89,5.289,56,2132347.28447954,hexanal,True,"Green, grassy, fresh-cut potato"
Benzaldehyde,ARIZONA.csv,ARIZONA,9.33829139177429,166,9.348,76,167532.65212711738,benzaldehyde,True,"Almond, cherry, sweet"
Dimethyl trisulfide,ARIZONA.csv,ARIZONA,9.54896666666667,172,9.542,79,265087.7171238397,dimethyltrisulfide,True,"Cabbage, onion, sulfurous"
Hexanol,ARIZONA.csv,ARIZONA,9.75153333333333,179,9.751,43,165339.02110682402,hexanol,True,"Green, grassy, herbaceous"
Octanal,ARIZONA.csv,ARIZONA,10.21775,196,10.218,43,2768684.408111443,octanal,True,"Citrus, fruity, green"
Hexanol,ARIZONA.csv,ARIZONA,10.7225666666667,210,10.731,70,1351144.308244985,hexanol,True,"Green, grassy, herbaceous"
Acetophenone,ARIZONA.csv,ARIZONA,11.47495,234,11.478,105,4131542.751888286,acetophenone,True,"Floral, sweet, almond-like"
Nonanal,ARIZONA.csv,ARIZONA,12.10195,253,12.102,57,13369009.18360675,nonanal,True,"Waxy, citrus, floral (lipid oxidation product)"
Hexanoic acid,ARIZONA.csv,ARIZONA,13.3141333333333,289,13.321,60,165795.15575240194,hexanoicacid,True,"Fatty, sweaty, rancid"
Decanal,ARIZONA.csv,ARIZONA,13.7321333333333,301,13.732,57,6305523.156872383,decanal,True,"Citrus, fatty, waxy, potato-like"
Phenylacetaldehyde,ARIZONA.csv,ARIZONA,18.1693333333333,447,18.182,51,441834.4521473285,phenylacetaldehyde,True,"Honey-like, floral, sweet potato note"
Ethyl pentanoate,ARIZONA.csv,ARIZONA,18.8349,468,18.822,65,1399254.3776610554,ethylpentanoate,True,"Fruity, sweet"
Acetophenone,ARIZONA.csv,ARIZONA,19.3300666666667,485,19.336,181,349342.9001886734,acetophenone,True,"Floral, sweet, almond-like"
Octanoic acid,ARIZONA.csv,ARIZONA,20.4811666666667,524,20.481,60,1193346.8292041218,octanoicacid,True,"Fatty, soapy, rancid"
Hexanoic acid,ARIZONA.csv,ARIZONA,22.4554,593,22.444,57,463463.6037907623,hexanoicacid,True,"Fatty, sweaty, rancid"
Benzaldehyde,DIAMANT.csv,DIAMANT,9.33363333333333,165,9.322,85,15264.663584898972,benzaldehyde,True,"Almond, cherry, sweet"
Dimethyl trisulfide,DIAMANT.csv,DIAMANT,9.54905,172,9.542,79,228265.23296740372,dimethyltrisulfide,True,"Cabbage, onion, sulfurous"
Octanal,DIAMANT.csv,DIAMANT,10.21785,196,10.218,43,3595516.8139098478,octanal,True,"Citrus, fruity, green"
Hexanol,DIAMANT.csv,DIAMANT,10.7251817367025,210,10.731,70,1148490.4419074364,hexanol,True,"Green, grassy, herbaceous"
Acetophenone,DIAMANT.csv,DIAMANT,11.4718333333333,234,11.478,105,3626165.964162607,acetophenone,True,"Floral, sweet, almond-like"
Nonanal,DIAMANT.csv,DIAMANT,12.10205,253,12.102,57,17773519.331448838,nonanal,True,"Waxy, citrus, floral (lipid oxidation product)"
Hexanoic acid,DIAMANT.csv,DIAMANT,13.266,287,13.269,76,179483.11024646598,hexanoicacid,True,"Fatty, sweaty, rancid"
Decanal,DIAMANT.csv,DIAMANT,13.7322333333333,301,13.732,57,5049558.856868086,decanal,True,"Citrus, fatty, waxy, potato-like"
Phenylacetaldehyde,DIAMANT.csv,DIAMANT,18.1694166666667,447,18.182,51,448570.8334936828,phenylacetaldehyde,True,"Honey-like, floral, sweet potato note"
Acetophenone,DIAMANT.csv,DIAMANT,19.3301666666667,485,19.336,181,293869.9671552659,acetophenone,True,"Floral, sweet, almond-like"
Octanoic acid,DIAMANT.csv,DIAMANT,20.50055,525,20.506,73,1532569.2861603685,octanoicacid,True,"Fatty, soapy, rancid"
Octanoic acid,DIAMANT.csv,DIAMANT,21.4941,561,21.485,57,923456.7693804974,octanoicacid,True,"Fatty, soapy, rancid"
Propanoic acid,DIAMANT.csv,DIAMANT,22.2979333333333,588,22.3,71,209136.65544818167,propanoicacid,True,"Sour, pungent"
Hexanoic acid,DIAMANT.csv,DIAMANT,22.4715666666667,594,22.472,43,778515.8152173181,hexanoicacid,True,"Fatty, sweaty, rancid"
Benzyl alcohol,AVENGER.csv,AVENGER,2.16663333333333,9,2.157,56,82403.105888661,benzylalcohol,True,"Floral, sweet, mild"
Benzaldehyde,AVENGER.csv,AVENGER,9.33686666666667,166,9.348,76,80107.66082568857,benzaldehyde,True,"Almond, cherry, sweet"
Hexanol,AVENGER.csv,AVENGER,9.75486666666667,179,9.751,43,126207.1903203717,hexanol,True,"Green, grassy, herbaceous"
Octanal,AVENGER.csv,AVENGER,10.2206973574432,196,10.218,43,2219151.4807359898,octanal,True,"Citrus, fruity, green"
Hexanol,AVENGER.csv,AVENGER,10.7226833333333,210,10.731,70,1774053.8778307235,hexanol,True,"Green, grassy, herbaceous"
Acetophenone,AVENGER.csv,AVENGER,11.4783,234,11.478,105,1305980.7409886096,acetophenone,True,"Floral, sweet, almond-like"
Nonanal,AVENGER.csv,AVENGER,12.1020666666667,253,12.102,57,11315501.293694066,nonanal,True,"Waxy, citrus, floral (lipid oxidation product)"
Decanal,AVENGER.csv,AVENGER,13.73225,301,13.732,57,2977963.422798682,decanal,True,"Citrus, fatty, waxy, potato-like"
Acetophenone,AVENGER.csv,AVENGER,19.3301833333333,485,19.336,181,269461.2344493614,acetophenone,True,"Floral, sweet, almond-like"
Propanal,CARRERA.csv,CARRERA,1.99931666666667,3,1.987,37,223090.35704240043,propanal,True,"Sharp, pungent, green"
"Butanal, 3-methyl-",CARRERA.csv,CARRERA,2.89318333333333,32,2.895,44,3385131.464591263,butanal3methyl,True,"Malty, chocolate, cocoa-like (Maillard reaction product)"
Heptanal,CARRERA.csv,CARRERA,7.95606385847193,132,7.959,70,1280617.839341198,heptanal,True,"Fatty, citrus-like, slightly green"
Benzaldehyde,CARRERA.csv,CARRERA,9.33675,166,9.348,76,146794.6245088714,benzaldehyde,True,"Almond, cherry, sweet"
Dimethyl trisulfide,CARRERA.csv,CARRERA,9.54896666666667,172,9.542,79,522543.58904709714,dimethyltrisulfide,True,"Cabbage, onion, sulfurous"
Hexanol,CARRERA.csv,CARRERA,9.75153333333333,179,9.751,43,191439.88202828917,hexanol,True,"Green, grassy, herbaceous"
Octanal,CARRERA.csv,CARRERA,10.21775,196,10.218,43,4445765.877244062,octanal,True,"Citrus, fruity, green"
Hexanol,CARRERA.csv,CARRERA,10.7257833333333,210,10.731,70,2629108.5114880227,hexanol,True,"Green, grassy, herbaceous"
Nonanal,CARRERA.csv,CARRERA,12.1051666666667,253,12.102,57,19280504.639314525,nonanal,True,"Waxy, citrus, floral (lipid oxidation product)"
Decanal,CARRERA.csv,CARRERA,13.7289166666667,301,13.732,57,5549715.64364851,decanal,True,"Citrus, fatty, waxy, potato-like"
Methyl butanoate,CARRERA.csv,CARRERA,17.1822166666667,415,17.185,57,409971.8209809413,methylbutanoate,True,"Apple, fruity, sweet"
Acetophenone,CARRERA.csv,CARRERA,19.3300666666667,485,19.336,181,512564.0193945669,acetophenone,True,"Floral, sweet, almond-like"
Pentanal,EVEREST.csv,EVEREST,3.3113,46,3.315,44,2730745.4205290424,pentanal,True,"Fatty, green, pungent"
Hexanal,EVEREST.csv,EVEREST,5.29493095921073,89,5.289,56,9251999.28654753,hexanal,True,"Green, grassy, fresh-cut potato"
Benzaldehyde,EVEREST.csv,EVEREST,9.33688333333333,166,9.348,76,180995.00593193976,benzaldehyde,True,"Almond, cherry, sweet"
Dimethyl trisulfide,EVEREST.csv,EVEREST,9.5491,172,9.542,79,243413.3062068744,dimethyltrisulfide,True,"Cabbage, onion, sulfurous"
Octanal,EVEREST.csv,EVEREST,10.2211,196,10.218,43,2706092.9116333616,octanal,True,"Citrus, fruity, green"
Hexanol,EVEREST.csv,EVEREST,10.7348671256124,210,10.731,70,997387.9420291984,hexanol,True,"Green, grassy, herbaceous"
Acetophenone,EVEREST.csv,EVEREST,11.4751,234,11.478,105,3454042.405666602,acetophenone,True,"Floral, sweet, almond-like"
Nonanal,EVEREST.csv,EVEREST,12.1020833333333,253,12.102,57,13338020.427739749,nonanal,True,"Waxy, citrus, floral (lipid oxidation product)"
Hexanoic acid,EVEREST.csv,EVEREST,13.2371,286,13.243,78,181932.68473227663,hexanoicacid,True,"Fatty, sweaty, rancid"
Decanal,EVEREST.csv,EVEREST,13.7322666666667,301,13.732,57,5283449.301148434,decanal,True,"Citrus, fatty, waxy, potato-like"
Phenylacetaldehyde,EVEREST.csv,EVEREST,18.16625,447,18.182,51,457225.4037653898,phenylacetaldehyde,True,"Honey-like, floral, sweet potato note"
Acetophenone,EVEREST.csv,EVEREST,19.3302,485,19.336,181,387421.2164470437,acetophenone,True,"Floral, sweet, almond-like"
Octanoic acid,EVEREST.csv,EVEREST,20.4780833333333,524,20.481,60,1364500.3022994674,octanoicacid,True,"Fatty, soapy, rancid"
"Butanal, 3-methyl-",EVORA.csv,EVORA,2.8960097181148,32,2.895,44,3434770.9941576743,butanal3methyl,True,"Malty, chocolate, cocoa-like (Maillard reaction product)"
Benzaldehyde,EVORA.csv,EVORA,9.33799735234731,166,9.348,76,148039.6751449257,benzaldehyde,True,"Almond, cherry, sweet"
Dimethyl trisulfide,EVORA.csv,EVORA,9.54896666666667,172,9.542,79,383137.0101978315,dimethyltrisulfide,True,"Cabbage, onion, sulfurous"
Octanal,EVORA.csv,EVORA,10.2209666666667,196,10.218,43,2214623.2056224374,octanal,True,"Citrus, fruity, green"
Hexanol,EVORA.csv,EVORA,10.7342711910049,210,10.731,70,1204451.9293162436,hexanol,True,"Green, grassy, herbaceous"
Acetophenone,EVORA.csv,EVORA,11.4717333333333,234,11.478,105,3524050.6415297803,acetophenone,True,"Floral, sweet, almond-like"
Nonanal,EVORA.csv,EVORA,12.10195,253,12.102,57,12181438.063798243,nonanal,True,"Waxy, citrus, floral (lipid oxidation product)"
Hexanoic acid,EVORA.csv,EVORA,13.2659166666667,287,13.269,76,185927.1522320434,hexanoicacid,True,"Fatty, sweaty, rancid"
Decanal,EVORA.csv,EVORA,13.7321333333333,301,13.732,57,4575543.22751433,decanal,True,"Citrus, fatty, waxy, potato-like"
Phenylacetaldehyde,EVORA.csv,EVORA,18.1693166666667,447,18.182,51,503030.1932341358,phenylacetaldehyde,True,"Honey-like, floral, sweet potato note"
Acetophenone,EVORA.csv,EVORA,19.3300666666667,485,19.336,181,457491.7716625431,acetophenone,True,"Floral, sweet, almond-like"
Benzaldehyde,FENWAY RED.csv,FENWAY RED,2.97685,35,2.98,78,6045169.251482179,benzaldehyde,True,"Almond, cherry, sweet"
Hexanal,FENWAY RED.csv,FENWAY RED,5.29191666666667,89,5.289,56,2806276.7546730894,hexanal,True,"Green, grassy, fresh-cut potato"
Benzaldehyde,FENWAY RED.csv,FENWAY RED,9.33683333333333,166,9.348,76,233177.7312419058,benzaldehyde,True,"Almond, cherry, sweet"
Octanal,FENWAY RED.csv,FENWAY RED,10.2178333333333,196,10.218,43,3234921.8174895397,octanal,True,"Citrus, fruity, green"
Hexanol,FENWAY RED.csv,FENWAY RED,10.7258666666667,210,10.731,70,1208044.957943441,hexanol,True,"Green, grassy, herbaceous"
Acetophenone,FENWAY RED.csv,FENWAY RED,11.4750333333333,234,11.478,105,3384079.684985722,acetophenone,True,"Floral, sweet, almond-like"
Nonanal,FENWAY RED.csv,FENWAY RED,12.1020333333333,253,12.102,57,15539094.999323042,nonanal,True,"Waxy, citrus, floral (lipid oxidation product)"
Decanal,FENWAY RED.csv,FENWAY RED,13.7322166666667,301,13.732,57,8207201.690917878,decanal,True,"Citrus, fatty, waxy, potato-like"
Decanal,FENWAY RED.csv,FENWAY RED,16.5295833333333,391,16.533,57,1440858.7535050386,decanal,True,"Citrus, fatty, waxy, potato-like"
Phenylacetaldehyde,FENWAY RED.csv,FENWAY RED,18.1694166666667,447,18.182,51,498458.3106651479,phenylacetaldehyde,True,"Honey-like, floral, sweet potato note"
Acetophenone,FENWAY RED.csv,FENWAY RED,19.33015,485,19.336,181,401544.24256619887,acetophenone,True,"Floral, sweet, almond-like"
Propanal,LADY CLAIRE.csv,LADY CLAIRE,1.99918333333333,3,1.987,37,81036.60742484355,propanal,True,"Sharp, pungent, green"
"2-Propanone, 1-methoxy-",LADY CLAIRE.csv,LADY CLAIRE,2.17281666666667,10,2.183,45,10906495.244460642,2propanone1methoxy,True,"Solvent, ether-like"
Acetic acid,LADY CLAIRE.csv,LADY CLAIRE,2.46541666666667,21,2.473,43,3256589.640836526,aceticacid,True,"Vinegar-like, sour"
"Butanal, 3-methyl-",LADY CLAIRE.csv,LADY CLAIRE,2.89305,32,2.895,44,1845931.113743806,butanal3methyl,True,"Malty, chocolate, cocoa-like (Maillard reaction product)"
"2-Propanone, 1-methoxy-",LADY CLAIRE.csv,LADY CLAIRE,2.97665,35,2.98,78,4048841.858254925,2propanone1methoxy,True,"Solvent, ether-like"
Pentanal,LADY CLAIRE.csv,LADY CLAIRE,3.31426666666667,46,3.315,44,391713.1893094314,pentanal,True,"Fatty, green, pungent"
"2,3-Pentanedione",LADY CLAIRE.csv,LADY CLAIRE,3.93483333333333,56,3.915,45,215694.1086979319,23pentanedione,True,"Creamy, buttery, sweet"
Butanoic acid,LADY CLAIRE.csv,LADY CLAIRE,4.77725,75,4.742,88,7410.144408184973,butanoicacid,True,"Rancid, cheesy, sweaty"
Ethyl hexanoate,LADY CLAIRE.csv,LADY CLAIRE,5.06341666666667,83,5.07,55,24938.997245358816,ethylhexanoate,True,"Apple, pineapple, sweet"
Hexanal,LADY CLAIRE.csv,LADY CLAIRE,5.29491666666667,89,5.289,56,1180927.013557156,hexanal,True,"Green, grassy, fresh-cut potato"
Furfural,LADY CLAIRE.csv,LADY CLAIRE,6.21773333333333,98,6.221,39,37059.12295803187,furfural,True,"Sweet, almond, caramel"
Methanethiol,LADY CLAIRE.csv,LADY CLAIRE,6.41708333333333,103,6.418,60,16982.13911590606,methanethiol,True,"Sulfurous, cabbage, cooked potato"
Methyl butanoate,LADY CLAIRE.csv,LADY CLAIRE,6.8383,109,6.828,63,27679.008236175912,methylbutanoate,True,"Apple, fruity, sweet"
Ethyl pentanoate,LADY CLAIRE.csv,LADY CLAIRE,6.97655,111,6.96,91,103122.1698346032,ethylpentanoate,True,"Fruity, sweet"
Octanoic acid,LADY CLAIRE.csv,LADY CLAIRE,7.42348333333333,118,7.39,102,33870.21842230095,octanoicacid,True,"Fatty, soapy, rancid"
Heptanal,LADY CLAIRE.csv,LADY CLAIRE,7.95723333333333,132,7.959,70,747239.5174314391,heptanal,True,"Fatty, citrus-like, slightly green"
Methional,LADY CLAIRE.csv,LADY CLAIRE,8.0762,133,8.094,109,4161.387399798898,methional,True,"Cooked potato, meaty, sulfurous (key potato note)"
Benzaldehyde,LADY CLAIRE.csv,LADY CLAIRE,9.33661666666667,166,9.348,76,137914.9402991096,benzaldehyde,True,"Almond, cherry, sweet"
Dimethyl trisulfide,LADY CLAIRE.csv,LADY CLAIRE,9.54883333333333,172,9.542,79,207571.7760852559,dimethyltrisulfide,True,"Cabbage, onion, sulfurous"
Hexanol,LADY CLAIRE.csv,LADY CLAIRE,9.7514,179,9.751,43,116647.06828783016,hexanol,True,"Green, grassy, herbaceous"
Octanal,LADY CLAIRE.csv,LADY CLAIRE,10.2176333333333,196,10.218,43,2699071.7797043626,octanal,True,"Citrus, fruity, green"
Hexanol,LADY CLAIRE.csv,LADY CLAIRE,10.72245,210,10.731,70,1235899.74932409,hexanol,True,"Green, grassy, herbaceous"
Octanal,LADY CLAIRE.csv,LADY CLAIRE,11.35265,230,11.337,91,123225.55917937116,octanal,True,"Citrus, fruity, green"
Acetophenone,LADY CLAIRE.csv,LADY CLAIRE,11.4748333333333,234,11.478,105,1404874.7220141287,acetophenone,True,"Floral, sweet, almond-like"
Benzeneacetaldehyde,LADY CLAIRE.csv,LADY CLAIRE,11.5809333333333,238,11.585,105,115251.0973814904,benzeneacetaldehyde,True,"Honey, floral, sweet"
Nonanal,LADY CLAIRE.csv,LADY CLAIRE,12.1018333333333,253,12.102,57,13023554.658415277,nonanal,True,"Waxy, citrus, floral (lipid oxidation product)"
Octanoic acid,LADY CLAIRE.csv,LADY CLAIRE,12.4330166666667,261,12.427,74,135659.9103734837,octanoicacid,True,"Fatty, soapy, rancid"
Hexanoic acid,LADY CLAIRE.csv,LADY CLAIRE,13.0985833333333,281,13.095,77,277454.81901070167,hexanoicacid,True,"Fatty, sweaty, rancid"
Decanal,LADY CLAIRE.csv,LADY CLAIRE,13.17575,284,13.179,57,610407.9631074932,decanal,True,"Citrus, fatty, waxy, potato-like"
Decanal,LADY CLAIRE.csv,LADY CLAIRE,13.5262333333333,295,13.533,128,209472.97227547903,decanal,True,"Citrus, fatty, waxy, potato-like"
Decanal,LADY CLAIRE.csv,LADY CLAIRE,13.6194833333333,298,13.616,57,346528.97337188147,decanal,True,"Citrus, fatty, waxy, potato-like"
Decanal,LADY CLAIRE.csv,LADY CLAIRE,13.7320166666667,301,13.732,57,4835136.114093865,decanal,True,"Citrus, fatty, waxy, potato-like"
2-Methylthiazole,LADY CLAIRE.csv,LADY CLAIRE,14.1435833333333,313,14.134,97,94362.58442483404,2methylthiazole,True,"Nutty, roasted"
Octanoic acid,LADY CLAIRE.csv,LADY CLAIRE,14.2336166666667,316,14.224,102,354544.80379056744,octanoicacid,True,"Fatty, soapy, rancid"
"2-Propanone, 1-methoxy-",LADY CLAIRE.csv,LADY CLAIRE,14.2818333333333,318,14.288,45,57176.59523754208,2propanone1methoxy,True,"Solvent, ether-like"
"Butanal, 3-methyl-",LADY CLAIRE.csv,LADY CLAIRE,14.3493666666667,320,14.343,71,118814.07987131596,butanal3methyl,True,"Malty, chocolate, cocoa-like (Maillard reaction product)"
Octanoic acid,LADY CLAIRE.csv,LADY CLAIRE,14.6001666666667,329,14.6,73,293632.5902960273,octanoicacid,True,"Fatty, soapy, rancid"
"Butanal, 3-methyl-",LADY CLAIRE.csv,LADY CLAIRE,14.6773333333333,333,14.681,102,205846.6165793125,butanal3methyl,True,"Malty, chocolate, cocoa-like (Maillard reaction product)"
2-Nonanone,LADY CLAIRE.csv,LADY CLAIRE,15.0020833333333,342,15.002,58,142546.46546251446,2nonanone,True,"Fatty, floral, soapy"
Decanal,LADY CLAIRE.csv,LADY CLAIRE,15.1885666666667,348,15.192,57,885065.679021565,decanal,True,"Citrus, fatty, waxy, potato-like"
Methyl butanoate,LADY CLAIRE.csv,LADY CLAIRE,15.5165333333333,359,15.523,129,121705.48241061394,methylbutanoate,True,"Apple, fruity, sweet"
Octanoic acid,LADY CLAIRE.csv,LADY CLAIRE,15.8702166666667,370,15.874,95,3735.3786238414746,octanoicacid,True,"Fatty, soapy, rancid"
Acetophenone,LADY CLAIRE.csv,LADY CLAIRE,16.29465,384,16.292,87,272855.8606338888,acetophenone,True,"Floral, sweet, almond-like"
3-Octanone,LADY CLAIRE.csv,LADY CLAIRE,16.3428833333333,386,16.349,58,156499.13305854166,3octanone,True,"Mushroom, earthy, fatty"
Tetramethylpyrazine,LADY CLAIRE.csv,LADY CLAIRE,16.3846833333333,387,16.385,57,721231.857695922,tetramethylpyrazine,True,"Roasted, nutty, cocoa"
Decanal,LADY CLAIRE.csv,LADY CLAIRE,16.5293666666667,391,16.533,57,980364.8984233484,decanal,True,"Citrus, fatty, waxy, potato-like"
Benzeneacetaldehyde,LADY CLAIRE.csv,LADY CLAIRE,16.9827333333333,407,16.989,167,90520.58379042464,benzeneacetaldehyde,True,"Honey, floral, sweet"
Methyl butanoate,LADY CLAIRE.csv,LADY CLAIRE,17.1820833333333,415,17.185,57,284181.1807170377,methylbutanoate,True,"Apple, fruity, sweet"
Methanethiol,LADY CLAIRE.csv,LADY CLAIRE,17.7126166666667,433,17.713,57,145627.1074374132,methanethiol,True,"Sulfurous, cabbage, cooked potato"
Decanal,LADY CLAIRE.csv,LADY CLAIRE,17.7769333333333,435,17.783,57,888150.7219135723,decanal,True,"Citrus, fatty, waxy, potato-like"
Phenylacetaldehyde,LADY CLAIRE.csv,LADY CLAIRE,18.1724166666667,447,18.182,51,126758.6154328691,phenylacetaldehyde,True,"Honey-like, floral, sweet potato note"
Octanoic acid,LADY CLAIRE.csv,LADY CLAIRE,18.2913833333333,450,18.275,241,27345.41871946545,octanoicacid,True,"Fatty, soapy, rancid"
Decanal,LADY CLAIRE.csv,LADY CLAIRE,18.9505333333333,473,18.954,57,623726.0184566912,decanal,True,"Citrus, fatty, waxy, potato-like"
Acetophenone,LADY CLAIRE.csv,LADY CLAIRE,19.32995,485,19.336,181,273746.60625634505,acetophenone,True,"Floral, sweet, almond-like"
Ethyl pentanoate,LADY CLAIRE.csv,LADY CLAIRE,19.928,506,19.936,197,128377.27274482306,ethylpentanoate,True,"Fruity, sweet"
Octanoic acid,LADY CLAIRE.csv,LADY CLAIRE,20.4714,524,20.481,60,600453.9687948847,octanoicacid,True,"Fatty, soapy, rancid"
3-Octanone,LADY CLAIRE.csv,LADY CLAIRE,20.8990333333333,539,20.903,57,692368.8829413845,3octanone,True,"Mushroom, earthy, fatty"
Benzeneacetaldehyde,LADY CLAIRE.csv,LADY CLAIRE,22.0790666666667,581,22.076,178,183512.84244471815,benzeneacetaldehyde,True,"Honey, floral, sweet"
Hexanoic acid,LADY CLAIRE.csv,LADY CLAIRE,22.13695,582,22.134,105,748205.0786447143,hexanoicacid,True,"Fatty, sweaty, rancid"
Dimethyl disulfide,LADY CLAIRE.csv,LADY CLAIRE,22.42955,592,22.421,55,37701.65685565359,dimethyldisulfide,True,"Garlic, onion, sulfurous"
Isovaleric acid,LADY CLAIRE.csv,LADY CLAIRE,23.0469,615,23.031,77,188200.3543069597,isovalericacid,True,"Sweaty, cheesy, foot-like"
"Butanal, 3-methyl-",RANGER RUSSET.csv,RANGER RUSSET,2.89018333333333,32,2.895,44,3353130.831367347,butanal3methyl,True,"Malty, chocolate, cocoa-like (Maillard reaction product)"
Benzaldehyde,RANGER RUSSET.csv,RANGER RUSSET,9.33775803769801,166,9.348,76,160830.8127054739,benzaldehyde,True,"Almond, cherry, sweet"
Dimethyl trisulfide,RANGER RUSSET.csv,RANGER RUSSET,9.5524,172,9.542,79,200658.7335380603,dimethyltrisulfide,True,"Cabbage, onion, sulfurous"
Hexanol,RANGER RUSSET.csv,RANGER RUSSET,9.75175,179,9.751,43,181349.46057850152,hexanol,True,"Green, grassy, herbaceous"
Octanal,RANGER RUSSET.csv,RANGER RUSSET,10.2179666666667,196,10.218,43,2755263.1513228216,octanal,True,"Citrus, fruity, green"
Hexanol,RANGER RUSSET.csv,RANGER RUSSET,10.7351737121752,210,10.731,70,937236.2270473216,hexanol,True,"Green, grassy, herbaceous"
Acetophenone,RANGER RUSSET.csv,RANGER RUSSET,11.4751833333333,234,11.478,105,3258426.859830849,acetophenone,True,"Floral, sweet, almond-like"
Nonanal,RANGER RUSSET.csv,RANGER RUSSET,12.1021666666667,253,12.102,57,14843326.63030608,nonanal,True,"Waxy, citrus, floral (lipid oxidation product)"
Hexanoic acid,RANGER RUSSET.csv,RANGER RUSSET,13.2436166666667,286,13.243,78,196920.826594674,hexanoicacid,True,"Fatty, sweaty, rancid"
Decanal,RANGER RUSSET.csv,RANGER RUSSET,13.7291333333333,301,13.732,57,4311438.27332363,decanal,True,"Citrus, fatty, waxy, potato-like"
Phenylacetaldehyde,RANGER RUSSET.csv,RANGER RUSSET,18.16955,447,18.182,51,475832.2520081839,phenylacetaldehyde,True,"Honey-like, floral, sweet potato note"
Acetophenone,RANGER RUSSET.csv,RANGER RUSSET,19.3302833333333,485,19.336,181,332624.0242423234,acetophenone,True,"Floral, sweet, almond-like"
Hexanoic acid,RANGER RUSSET.csv,RANGER RUSSET,22.1405166666667,582,22.134,105,2017824.221656305,hexanoicacid,True,"Fatty, sweaty, rancid"
"Butanal, 3-methyl-",RICKEY RUSSET.csv,RICKEY RUSSET,2.89008333333333,32,2.895,44,1903995.7437327956,butanal3methyl,True,"Malty, chocolate, cocoa-like (Maillard reaction product)"
Benzaldehyde,RICKEY RUSSET.csv,RICKEY RUSSET,9.33686666666667,166,9.348,76,225145.721079439,benzaldehyde,True,"Almond, cherry, sweet"
Dimethyl trisulfide,RICKEY RUSSET.csv,RICKEY RUSSET,9.54908333333333,172,9.542,79,200850.35021081395,dimethyltrisulfide,True,"Cabbage, onion, sulfurous"
Hexanol,RICKEY RUSSET.csv,RICKEY RUSSET,9.75165,179,9.751,43,213306.1581552261,hexanol,True,"Green, grassy, herbaceous"
Octanal,RICKEY RUSSET.csv,RICKEY RUSSET,10.2178833333333,196,10.218,43,4041170.8759398,octanal,True,"Citrus, fruity, green"
Hexanol,RICKEY RUSSET.csv,RICKEY RUSSET,10.7227,210,10.731,70,2135174.8980012974,hexanol,True,"Green, grassy, herbaceous"
Acetophenone,RICKEY RUSSET.csv,RICKEY RUSSET,11.4750833333333,234,11.478,105,3268031.8327577105,acetophenone,True,"Floral, sweet, almond-like"
Nonanal,RICKEY RUSSET.csv,RICKEY RUSSET,12.1020833333333,253,12.102,57,18848704.28708462,nonanal,True,"Waxy, citrus, floral (lipid oxidation product)"
Hexanoic acid,RICKEY RUSSET.csv,RICKEY RUSSET,13.22745,286,13.243,78,203169.2837839352,hexanoicacid,True,"Fatty, sweaty, rancid"
Decanal,RICKEY RUSSET.csv,RICKEY RUSSET,13.7322666666667,301,13.732,57,9363979.223167429,decanal,True,"Citrus, fatty, waxy, potato-like"
Phenylacetaldehyde,RICKEY RUSSET.csv,RICKEY RUSSET,18.16945,447,18.182,51,489700.06446216936,phenylacetaldehyde,True,"Honey-like, floral, sweet potato note"
Acetophenone,RICKEY RUSSET.csv,RICKEY RUSSET,19.3269833333333,485,19.336,181,759253.8291503927,acetophenone,True,"Floral, sweet, almond-like"
"Butanal, 3-methyl-",FORTUS.csv,FORTUS,2.89325,32,2.895,44,2931520.196577614,butanal3methyl,True,"Malty, chocolate, cocoa-like (Maillard reaction product)"
Benzaldehyde,FORTUS.csv,FORTUS,9.33683333333333,166,9.348,76,262657.99185006006,benzaldehyde,True,"Almond, cherry, sweet"
Dimethyl trisulfide,FORTUS.csv,FORTUS,9.54903333333333,172,9.542,79,362125.1054787328,dimethyltrisulfide,True,"Cabbage, onion, sulfurous"
Hexanol,FORTUS.csv,FORTUS,9.7516,179,9.751,43,175056.9846541162,hexanol,True,"Green, grassy, herbaceous"
Octanal,FORTUS.csv,FORTUS,10.2178333333333,196,10.218,43,5117570.86260813,octanal,True,"Citrus, fruity, green"
Hexanol,FORTUS.csv,FORTUS,10.7258666666667,210,10.731,70,2463594.087098373,hexanol,True,"Green, grassy, herbaceous"
Acetophenone,FORTUS.csv,FORTUS,11.4750333333333,234,11.478,105,1639599.9573070372,acetophenone,True,"Floral, sweet, almond-like"
Nonanal,FORTUS.csv,FORTUS,12.10525,253,12.102,57,21501268.98576213,nonanal,True,"Waxy, citrus, floral (lipid oxidation product)"
Decanal,FORTUS.csv,FORTUS,13.7322166666667,301,13.732,57,9350465.244067855,decanal,True,"Citrus, fatty, waxy, potato-like"
Acetophenone,FORTUS.csv,FORTUS,19.3333666666667,485,19.336,181,249948.9138232564,acetophenone,True,"Floral, sweet, almond-like"
Octanoic acid,FORTUS.csv,FORTUS,20.48125,524,20.481,60,751332.3361306197,octanoicacid,True,"Fatty, soapy, rancid"
Hexanoic acid,FORTUS.csv,FORTUS,22.13715,582,22.134,105,830451.4939224551,hexanoicacid,True,"Fatty, sweaty, rancid"
"2-Propanone, 1-methoxy-",AGRIA.csv,AGRIA,2.16973333333333,9,2.157,56,106623.8468173112,2propanone1methoxy,True,"Solvent, ether-like"
"Butanal, 3-methyl-",AGRIA.csv,AGRIA,2.88676666666667,32,2.895,44,1334536.933616924,butanal3methyl,True,"Malty, chocolate, cocoa-like (Maillard reaction product)"
Pentanal,AGRIA.csv,AGRIA,3.30475,46,3.315,44,764549.4717209316,pentanal,True,"Fatty, green, pungent"
Benzaldehyde,AGRIA.csv,AGRIA,9.33897937638422,166,9.348,76,52980.39518640352,benzaldehyde,True,"Almond, cherry, sweet"
Dimethyl trisulfide,AGRIA.csv,AGRIA,9.54255,172,9.542,79,102709.6490845056,dimethyltrisulfide,True,"Cabbage, onion, sulfurous"
Octanal,AGRIA.csv,AGRIA,10.2113333333333,196,10.218,43,1701690.3689166915,octanal,True,"Citrus, fruity, green"
Hexanol,AGRIA.csv,AGRIA,10.7174192008557,210,10.731,70,773138.3881164188,hexanol,True,"Green, grassy, herbaceous"
Nonanal,AGRIA.csv,AGRIA,12.0955333333333,253,12.102,57,10344218.332297267,nonanal,True,"Waxy, citrus, floral (lipid oxidation product)"
Decanal,AGRIA.csv,AGRIA,13.7225,301,13.732,57,3024816.73755745,decanal,True,"Citrus, fatty, waxy, potato-like"
Tetramethylpyrazine,AGRIA.csv,AGRIA,16.3751666666667,387,16.385,57,1247032.0143449346,tetramethylpyrazine,True,"Roasted, nutty, cocoa"
Acetophenone,AGRIA.csv,AGRIA,19.32365,484,19.314,57,47385.7369032415,acetophenone,True,"Floral, sweet, almond-like"
Ethyl hexanoate,AGRIA.csv,AGRIA,21.1113833333333,546,21.114,99,1268983.0302839642,ethylhexanoate,True,"Apple, pineapple, sweet"
"2-Propanone, 1-methoxy-",CAROLINA.csv,CAROLINA,2.17311666666667,10,2.183,45,5457054.95304359,2propanone1methoxy,True,"Solvent, ether-like"
"Butanal, 3-methyl-",CAROLINA.csv,CAROLINA,2.88693333333333,32,2.895,44,1822087.6404451216,butanal3methyl,True,"Malty, chocolate, cocoa-like (Maillard reaction product)"
Benzaldehyde,CAROLINA.csv,CAROLINA,9.33693333333333,166,9.348,76,33423.28089257315,benzaldehyde,True,"Almond, cherry, sweet"
Dimethyl trisulfide,CAROLINA.csv,CAROLINA,9.54593333333333,172,9.542,79,77537.87278855519,dimethyltrisulfide,True,"Cabbage, onion, sulfurous"
Hexanol,CAROLINA.csv,CAROLINA,9.75493333333333,179,9.751,43,40426.95095597671,hexanol,True,"Green, grassy, herbaceous"
Octanal,CAROLINA.csv,CAROLINA,10.2115166666667,196,10.218,43,1219379.6578332484,octanal,True,"Citrus, fruity, green"
Hexanol,CAROLINA.csv,CAROLINA,10.7195333333333,210,10.731,70,818548.9108392091,hexanol,True,"Green, grassy, herbaceous"
Nonanal,CAROLINA.csv,CAROLINA,12.0925,253,12.102,57,7848254.809693603,nonanal,True,"Waxy, citrus, floral (lipid oxidation product)"
Decanal,CAROLINA.csv,CAROLINA,13.7226833333333,301,13.732,57,2025197.863174249,decanal,True,"Citrus, fatty, waxy, potato-like"
Acetophenone,CAROLINA.csv,CAROLINA,19.3238166666667,484,19.314,57,72845.69816285682,acetophenone,True,"Floral, sweet, almond-like"
"2-Propanone, 1-methoxy-",COLOMBA.csv,COLOMBA,2.1771918311642,10,2.183,45,4951333.303430219,2propanone1methoxy,True,"Solvent, ether-like"
"Butanal, 3-methyl-",COLOMBA.csv,COLOMBA,2.89003333333333,32,2.895,44,2723086.523297281,butanal3methyl,True,"Malty, chocolate, cocoa-like (Maillard reaction product)"
Heptanal,COLOMBA.csv,COLOMBA,7.951,132,7.959,70,587866.9291216478,heptanal,True,"Fatty, citrus-like, slightly green"
Benzaldehyde,COLOMBA.csv,COLOMBA,9.34009657462521,166,9.348,76,40882.02221400591,benzaldehyde,True,"Almond, cherry, sweet"
Dimethyl trisulfide,COLOMBA.csv,COLOMBA,9.54581666666667,172,9.542,79,151829.19267688604,dimethyltrisulfide,True,"Cabbage, onion, sulfurous"
Octanal,COLOMBA.csv,COLOMBA,10.2114,196,10.218,43,1968341.2427552603,octanal,True,"Citrus, fruity, green"
Hexanol,COLOMBA.csv,COLOMBA,10.7162,210,10.731,70,1231577.4473676274,hexanol,True,"Green, grassy, herbaceous"
Nonanal,COLOMBA.csv,COLOMBA,12.0956,253,12.102,57,10465656.659880262,nonanal,True,"Waxy, citrus, floral (lipid oxidation product)"
Decanal,COLOMBA.csv,COLOMBA,13.7225666666667,301,13.732,57,3575702.6318048225,decanal,True,"Citrus, fatty, waxy, potato-like"
Acetophenone,COLOMBA.csv,COLOMBA,19.3242068121168,484,19.314,57,54795.14626645893,acetophenone,True,"Floral, sweet, almond-like"
Hexanoic acid,COLOMBA.csv,COLOMBA,22.1339333333333,582,22.134,105,1216458.5378671892,hexanoicacid,True,"Fatty, sweaty, rancid"
"2-Propanone, 1-methoxy-",CRISPS4ALL.csv,CRISPS4ALL,2.17301666666667,10,2.183,45,6108112.556187334,2propanone1methoxy,True,"Solvent, ether-like"
"Butanal, 3-methyl-",CRISPS4ALL.csv,CRISPS4ALL,2.88681666666667,32,2.895,44,1037048.0327622312,butanal3methyl,True,"Malty, chocolate, cocoa-like (Maillard reaction product)"
Benzaldehyde,CRISPS4ALL.csv,CRISPS4ALL,9.3336,165,9.322,85,14257.426428794688,benzaldehyde,True,"Almond, cherry, sweet"
Dimethyl trisulfide,CRISPS4ALL.csv,CRISPS4ALL,9.5426,172,9.542,79,104941.65484394434,dimethyltrisulfide,True,"Cabbage, onion, sulfurous"
Octanal,CRISPS4ALL.csv,CRISPS4ALL,10.2114,196,10.218,43,1567512.5893099303,octanal,True,"Citrus, fruity, green"
Hexanol,CRISPS4ALL.csv,CRISPS4ALL,10.7162,210,10.731,70,993247.142439164,hexanol,True,"Green, grassy, herbaceous"
Nonanal,CRISPS4ALL.csv,CRISPS4ALL,12.0956,253,12.102,57,9297290.313146444,nonanal,True,"Waxy, citrus, floral (lipid oxidation product)"
Decanal,CRISPS4ALL.csv,CRISPS4ALL,13.7225666666667,301,13.732,57,2248520.189221301,decanal,True,"Citrus, fatty, waxy, potato-like"
Acetophenone,CRISPS4ALL.csv,CRISPS4ALL,19.3237166666667,484,19.314,57,65559.50112235706,acetophenone,True,"Floral, sweet, almond-like"
Hexanoic acid,CRISPS4ALL.csv,CRISPS4ALL,22.1339333333333,582,22.134,105,701333.5368993821,hexanoicacid,True,"Fatty, sweaty, rancid"
"2-Propanone, 1-methoxy-",DEODARA.csv,DEODARA,2.16943333333333,9,2.157,56,57813.78919903021,2propanone1methoxy,True,"Solvent, ether-like"
"Butanal, 3-methyl-",DEODARA.csv,DEODARA,2.88645,32,2.895,44,1706296.472152758,butanal3methyl,True,"Malty, chocolate, cocoa-like (Maillard reaction product)"
Hexanal,DEODARA.csv,DEODARA,5.29475,89,5.289,56,552759.7698191799,hexanal,True,"Green, grassy, fresh-cut potato"
Benzaldehyde,DEODARA.csv,DEODARA,9.34533339337578,166,9.348,76,39016.13586610536,benzaldehyde,True,"Almond, cherry, sweet"
Octanal,DEODARA.csv,DEODARA,10.21425,196,10.218,43,1229772.248183376,octanal,True,"Citrus, fruity, green"
Hexanol,DEODARA.csv,DEODARA,10.7256189772497,210,10.731,70,535455.3660561204,hexanol,True,"Green, grassy, herbaceous"
Nonanal,DEODARA.csv,DEODARA,12.0952333333333,253,12.102,57,8539889.531093393,nonanal,True,"Waxy, citrus, floral (lipid oxidation product)"
Decanal,DEODARA.csv,DEODARA,13.7222,301,13.732,57,2081774.9692500336,decanal,True,"Citrus, fatty, waxy, potato-like"
Acetophenone,DEODARA.csv,DEODARA,19.3265666666667,485,19.336,181,118066.26838184326,acetophenone,True,"Floral, sweet, almond-like"
"2-Propanone, 1-methoxy-",TETON RUSSET.csv,TETON RUSSET,2.16646666666667,9,2.157,56,58541.2083093846,2propanone1methoxy,True,"Solvent, ether-like"
"Butanal, 3-methyl-",TETON RUSSET.csv,TETON RUSSET,2.88671666666667,32,2.895,44,1478740.3648519097,butanal3methyl,True,"Malty, chocolate, cocoa-like (Maillard reaction product)"
Hexanal,TETON RUSSET.csv,TETON RUSSET,5.28858333333333,89,5.289,56,646032.7495870076,hexanal,True,"Green, grassy, fresh-cut potato"
Heptanal,TETON RUSSET.csv,TETON RUSSET,7.9509,132,7.959,70,480206.3720192873,heptanal,True,"Fatty, citrus-like, slightly green"
Benzaldehyde,TETON RUSSET.csv,TETON RUSSET,9.33671666666667,166,9.348,76,31436.90949947679,benzaldehyde,True,"Almond, cherry, sweet"
Octanal,TETON RUSSET.csv,TETON RUSSET,10.2112833333333,196,10.218,43,1982557.984897208,octanal,True,"Citrus, fruity, green"
Hexanol,TETON RUSSET.csv,TETON RUSSET,10.7161,210,10.731,70,553599.4833207367,hexanol,True,"Green, grassy, herbaceous"
Nonanal,TETON RUSSET.csv,TETON RUSSET,12.0922666666667,253,12.102,57,11810380.709428,nonanal,True,"Waxy, citrus, floral (lipid oxidation product)"
Decanal,TETON RUSSET.csv,TETON RUSSET,13.72245,301,13.732,57,3018490.3826682125,decanal,True,"Citrus, fatty, waxy, potato-like"
Tetramethylpyrazine,TETON RUSSET.csv,TETON RUSSET,16.3751166666667,387,16.385,57,818492.9800292914,tetramethylpyrazine,True,"Roasted, nutty, cocoa"
Acetophenone,TETON RUSSET.csv,TETON RUSSET,19.3268166666667,485,19.336,181,101566.7540182481,acetophenone,True,"Floral, sweet, almond-like"
"2-Propanone, 1-methoxy-",KONDOR.csv,KONDOR,2.16988333333333,9,2.157,56,50933.44164949173,2propanone1methoxy,True,"Solvent, ether-like"
"Butanal, 3-methyl-",KONDOR.csv,KONDOR,2.88691666666667,32,2.895,44,2600282.0107890265,butanal3methyl,True,"Malty, chocolate, cocoa-like (Maillard reaction product)"
Hexanal,KONDOR.csv,KONDOR,5.292,89,5.289,56,702778.650244358,hexanal,True,"Green, grassy, fresh-cut potato"
Benzaldehyde,KONDOR.csv,KONDOR,9.34273546479431,166,9.348,76,33701.6549893135,benzaldehyde,True,"Almond, cherry, sweet"
Dimethyl trisulfide,KONDOR.csv,KONDOR,9.54591666666667,172,9.542,79,104683.6578160856,dimethyltrisulfide,True,"Cabbage, onion, sulfurous"
Octanal,KONDOR.csv,KONDOR,10.2115,196,10.218,43,1263219.486053296,octanal,True,"Citrus, fruity, green"
Hexanol,KONDOR.csv,KONDOR,10.7163,210,10.731,70,654432.0843048983,hexanol,True,"Green, grassy, herbaceous"
Nonanal,KONDOR.csv,KONDOR,12.0956833333333,253,12.102,57,9300171.682544684,nonanal,True,"Waxy, citrus, floral (lipid oxidation product)"
Decanal,KONDOR.csv,KONDOR,13.7226666666667,301,13.732,57,2373120.578785081,decanal,True,"Citrus, fatty, waxy, potato-like"
Acetophenone,KONDOR.csv,KONDOR,19.3238,484,19.314,57,42755.45305199544,acetophenone,True,"Floral, sweet, almond-like"
3-Octanone,KONDOR.csv,KONDOR,20.8896833333333,538,20.887,150,59945.803565433744,3octanone,True,"Mushroom, earthy, fatty"
Hexanoic acid,KONDOR.csv,KONDOR,22.1340333333333,582,22.134,105,976983.2930266706,hexanoicacid,True,"Fatty, sweaty, rancid"
"2-Propanone, 1-methoxy-",MUSE.csv,MUSE,2.17281666666667,10,2.183,45,5139707.949372045,2propanone1methoxy,True,"Solvent, ether-like"
"Butanal, 3-methyl-",MUSE.csv,MUSE,2.88663333333333,32,2.895,44,2549142.720807146,butanal3methyl,True,"Malty, chocolate, cocoa-like (Maillard reaction product)"
Benzaldehyde,MUSE.csv,MUSE,9.33341666666667,165,9.322,85,17149.173846403868,benzaldehyde,True,"Almond, cherry, sweet"
Dimethyl trisulfide,MUSE.csv,MUSE,9.54241666666667,172,9.542,79,135956.56895028954,dimethyltrisulfide,True,"Cabbage, onion, sulfurous"
Octanal,MUSE.csv,MUSE,10.2112,196,10.218,43,1496795.690077609,octanal,True,"Citrus, fruity, green"
Hexanol,MUSE.csv,MUSE,10.7128,209,10.699,92,13339.269169646384,hexanol,True,"Green, grassy, herbaceous"
Nonanal,MUSE.csv,MUSE,12.0954,253,12.102,57,8960530.617668886,nonanal,True,"Waxy, citrus, floral (lipid oxidation product)"
Decanal,MUSE.csv,MUSE,13.7223666666667,301,13.732,57,2551357.694800597,decanal,True,"Citrus, fatty, waxy, potato-like"
Acetophenone,MUSE.csv,MUSE,19.3235166666667,484,19.314,57,115160.83925632152,acetophenone,True,"Floral, sweet, almond-like"
"2-Propanone, 1-methoxy-",PARELLA.csv,PARELLA,2.17298333333333,10,2.183,45,7161196.4421763485,2propanone1methoxy,True,"Solvent, ether-like"
"Butanal, 3-methyl-",PARELLA.csv,PARELLA,2.8868,32,2.895,44,2206009.6715440257,butanal3methyl,True,"Malty, chocolate, cocoa-like (Maillard reaction product)"
Hexanal,PARELLA.csv,PARELLA,5.29188333333333,89,5.289,56,670834.8777786633,hexanal,True,"Green, grassy, fresh-cut potato"
Benzaldehyde,PARELLA.csv,PARELLA,9.34206303418719,166,9.348,76,32522.3468907745,benzaldehyde,True,"Almond, cherry, sweet"
Dimethyl trisulfide,PARELLA.csv,PARELLA,9.5458,172,9.542,79,72427.04657254922,dimethyltrisulfide,True,"Cabbage, onion, sulfurous"
Octanal,PARELLA.csv,PARELLA,10.2113833333333,196,10.218,43,1778362.178748647,octanal,True,"Citrus, fruity, green"
Hexanol,PARELLA.csv,PARELLA,10.7194,210,10.731,70,520366.8759260949,hexanol,True,"Green, grassy, herbaceous"
Nonanal,PARELLA.csv,PARELLA,12.0955833333333,253,12.102,57,10490819.238299502,nonanal,True,"Waxy, citrus, floral (lipid oxidation product)"
Decanal,PARELLA.csv,PARELLA,13.72255,301,13.732,57,3655461.4722235953,decanal,True,"Citrus, fatty, waxy, potato-like"
Decanal,PARELLA.csv,PARELLA,16.5199,391,16.533,57,692970.4246622184,decanal,True,"Citrus, fatty, waxy, potato-like"
Acetophenone,PARELLA.csv,PARELLA,19.3237,484,19.314,57,39925.45126591212,acetophenone,True,"Floral, sweet, almond-like"
Hexanoic acid,PARELLA.csv,PARELLA,22.1371333333333,582,22.134,105,702473.0297671462,hexanoicacid,True,"Fatty, sweaty, rancid"
"2-Propanone, 1-methoxy-",ROYAL.csv,ROYAL,2.17047741734271,10,2.183,45,6286099.283933094,2propanone1methoxy,True,"Solvent, ether-like"
"Butanal, 3-methyl-",ROYAL.csv,ROYAL,2.88686666666667,32,2.895,44,1231729.2678691498,butanal3methyl,True,"Malty, chocolate, cocoa-like (Maillard reaction product)"
Hexanal,ROYAL.csv,ROYAL,5.2897625770269,89,5.289,56,951675.4792289227,hexanal,True,"Green, grassy, fresh-cut potato"
Benzaldehyde,ROYAL.csv,ROYAL,9.33994131530767,166,9.348,76,35671.756595026935,benzaldehyde,True,"Almond, cherry, sweet"
Dimethyl trisulfide,ROYAL.csv,ROYAL,9.54586666666667,172,9.542,79,77291.86006999723,dimethyltrisulfide,True,"Cabbage, onion, sulfurous"
Hexanol,ROYAL.csv,ROYAL,9.75486666666667,179,9.751,43,41683.27668789262,hexanol,True,"Green, grassy, herbaceous"
Octanal,ROYAL.csv,ROYAL,10.2114333333333,196,10.218,43,1764047.956506823,octanal,True,"Citrus, fruity, green"
Hexanol,ROYAL.csv,ROYAL,10.71625,210,10.731,70,596806.1052822404,hexanol,True,"Green, grassy, herbaceous"
Nonanal,ROYAL.csv,ROYAL,12.0956333333333,253,12.102,57,12400690.05026539,nonanal,True,"Waxy, citrus, floral (lipid oxidation product)"
Decanal,ROYAL.csv,ROYAL,13.7226,301,13.732,57,3405669.522337467,decanal,True,"Citrus, fatty, waxy, potato-like"
Acetophenone,ROYAL.csv,ROYAL,19.32375,484,19.314,57,56258.14581100366,acetophenone,True,"Floral, sweet, almond-like"
Hexanoic acid,ROYAL.csv,ROYAL,22.1339833333333,582,22.134,105,1611763.034794837,hexanoicacid,True,"Fatty, sweaty, rancid"
"2-Propanone, 1-methoxy-",CARDYMA.csv,CARDYMA,2.17306666666667,10,2.183,45,8045744.729033032,2propanone1methoxy,True,"Solvent, ether-like"
"Butanal, 3-methyl-",CARDYMA.csv,CARDYMA,3.36596666666667,47,3.38,81,1300938.7822589043,butanal3methyl,True,"Malty, chocolate, cocoa-like (Maillard reaction product)"
Hexanal,CARDYMA.csv,CARDYMA,5.2791,89,5.289,56,2387828.02464338,hexanal,True,"Green, grassy, fresh-cut potato"
Heptanal,CARDYMA.csv,CARDYMA,7.94785,132,7.959,70,611985.6142134374,heptanal,True,"Fatty, citrus-like, slightly green"
Benzaldehyde,CARDYMA.csv,CARDYMA,9.33045,165,9.322,85,15810.415614109128,benzaldehyde,True,"Almond, cherry, sweet"
Hexanol,CARDYMA.csv,CARDYMA,9.75166666666667,179,9.751,43,64151.39586109427,hexanol,True,"Green, grassy, herbaceous"
Octanal,CARDYMA.csv,CARDYMA,10.21145,196,10.218,43,2093724.0074348447,octanal,True,"Citrus, fruity, green"
Hexanol,CARDYMA.csv,CARDYMA,10.729443610586,210,10.731,70,867801.3021879579,hexanol,True,"Green, grassy, herbaceous"
Acetophenone,CARDYMA.csv,CARDYMA,11.46865,234,11.478,105,1230244.8086239856,acetophenone,True,"Floral, sweet, almond-like"
Nonanal,CARDYMA.csv,CARDYMA,12.0924333333333,253,12.102,57,13446501.765046136,nonanal,True,"Waxy, citrus, floral (lipid oxidation product)"
Octanoic acid,CARDYMA.csv,CARDYMA,12.4204,261,12.427,74,498870.62198238703,octanoicacid,True,"Fatty, soapy, rancid"
Decanal,CARDYMA.csv,CARDYMA,13.7194,301,13.732,57,3768902.890242812,decanal,True,"Citrus, fatty, waxy, potato-like"
"2-Propanone, 1-methoxy-",CARDYMA.csv,CARDYMA,14.2853166666667,318,14.288,45,796101.8619554297,2propanone1methoxy,True,"Solvent, ether-like"
"2-Propanone, 1-methoxy-",CARDYMA.csv,CARDYMA,14.3496166666667,320,14.343,71,269496.2875692456,2propanone1methoxy,True,"Solvent, ether-like"
Methyl butanoate,CARDYMA.csv,CARDYMA,15.50715,358,15.494,87,790603.0275969619,methylbutanoate,True,"Apple, fruity, sweet"
Tetramethylpyrazine,CARDYMA.csv,CARDYMA,16.3752833333333,387,16.385,57,3339980.7130219643,tetramethylpyrazine,True,"Roasted, nutty, cocoa"
Methyl butanoate,CARDYMA.csv,CARDYMA,17.1759166666667,415,17.185,57,720714.0317290655,methylbutanoate,True,"Apple, fruity, sweet"
Acetophenone,CARDYMA.csv,CARDYMA,19.3269833333333,485,19.336,181,1372355.120172867,acetophenone,True,"Floral, sweet, almond-like"
3-Octanone,CARDYMA.csv,CARDYMA,20.8928666666667,538,20.887,150,182012.63372474723,3octanone,True,"Mushroom, earthy, fatty"
"2-Propanone, 1-methoxy-",CECILE.csv,CECILE,2.16955,9,2.157,56,40747.97157910509,2propanone1methoxy,True,"Solvent, ether-like"
"Butanal, 3-methyl-",CECILE.csv,CECILE,2.88658333333333,32,2.895,44,3697019.306815424,butanal3methyl,True,"Malty, chocolate, cocoa-like (Maillard reaction product)"
Hexanal,CECILE.csv,CECILE,5.28986045118674,89,5.289,56,909407.876164155,hexanal,True,"Green, grassy, fresh-cut potato"
Benzaldehyde,CECILE.csv,CECILE,9.33758412916277,166,9.348,76,53783.83284363252,benzaldehyde,True,"Almond, cherry, sweet"
Dimethyl trisulfide,CECILE.csv,CECILE,9.54236666666667,172,9.542,79,115230.50175771106,dimethyltrisulfide,True,"Cabbage, onion, sulfurous"
Octanal,CECILE.csv,CECILE,10.20795,196,10.218,43,1449856.081796561,octanal,True,"Citrus, fruity, green"
Nonanal,CECILE.csv,CECILE,12.09215,253,12.102,57,12595792.040800815,nonanal,True,"Waxy, citrus, floral (lipid oxidation product)"
Decanal,CECILE.csv,CECILE,13.7223333333333,301,13.732,57,2122155.3471162627,decanal,True,"Citrus, fatty, waxy, potato-like"
Tetramethylpyrazine,CECILE.csv,CECILE,16.375,387,16.385,57,1050827.618719646,tetramethylpyrazine,True,"Roasted, nutty, cocoa"
Acetophenone,CECILE.csv,CECILE,19.3234666666667,484,19.314,57,38176.464048452886,acetophenone,True,"Floral, sweet, almond-like"
"Butanal, 3-methyl-",FLAMENCO.csv,FLAMENCO,2.89039380320615,32,2.895,44,5678239.957699855,butanal3methyl,True,"Malty, chocolate, cocoa-like (Maillard reaction product)"
Pentanal,FLAMENCO.csv,FLAMENCO,3.30274251766081,46,3.315,44,701977.8411723005,pentanal,True,"Fatty, green, pungent"
"Butanal, 3-methyl-",FLAMENCO.csv,FLAMENCO,4.99818290871182,80,4.999,83,22553.867759881487,butanal3methyl,True,"Malty, chocolate, cocoa-like (Maillard reaction product)"
Benzaldehyde,FLAMENCO.csv,FLAMENCO,9.33676666666667,166,9.348,76,326803.5345337977,benzaldehyde,True,"Almond, cherry, sweet"
Dimethyl trisulfide,FLAMENCO.csv,FLAMENCO,9.54255,172,9.542,79,146237.39449550674,dimethyltrisulfide,True,"Cabbage, onion, sulfurous"
Octanal,FLAMENCO.csv,FLAMENCO,10.21135,196,10.218,43,3656354.589371972,octanal,True,"Citrus, fruity, green"
Hexanol,FLAMENCO.csv,FLAMENCO,10.7258,210,10.731,70,885394.1577046519,hexanol,True,"Green, grassy, herbaceous"
Nonanal,FLAMENCO.csv,FLAMENCO,12.0923333333333,253,12.102,57,19546498.40384778,nonanal,True,"Waxy, citrus, floral (lipid oxidation product)"
Decanal,FLAMENCO.csv,FLAMENCO,13.7225166666667,301,13.732,57,6085997.356390832,decanal,True,"Citrus, fatty, waxy, potato-like"
Tetramethylpyrazine,FLAMENCO.csv,FLAMENCO,16.3751833333333,387,16.385,57,2893140.138069713,tetramethylpyrazine,True,"Roasted, nutty, cocoa"
Acetophenone,FLAMENCO.csv,FLAMENCO,19.3268833333333,485,19.336,181,83676.41303718206,acetophenone,True,"Floral, sweet, almond-like"
"2-Propanone, 1-methoxy-",HERMES.csv,HERMES,2.16975,9,2.157,56,83062.06969254519,2propanone1methoxy,True,"Solvent, ether-like"
"Butanal, 3-methyl-",HERMES.csv,HERMES,2.88356666666667,32,2.895,44,1601608.274565273,butanal3methyl,True,"Malty, chocolate, cocoa-like (Maillard reaction product)"
"Butanal, 3-methyl-",HERMES.csv,HERMES,4.99740272670968,80,4.999,83,9175.939711074392,butanal3methyl,True,"Malty, chocolate, cocoa-like (Maillard reaction product)"
Hexanal,HERMES.csv,HERMES,9.18930536727129,161,9.196,72,144173.2882024522,hexanal,True,"Green, grassy, fresh-cut potato"
Benzaldehyde,HERMES.csv,HERMES,9.32713333333333,165,9.322,85,6084.781189066644,benzaldehyde,True,"Almond, cherry, sweet"
Hexanol,HERMES.csv,HERMES,9.75156666666667,179,9.751,43,42060.476466668784,hexanol,True,"Green, grassy, herbaceous"
Octanal,HERMES.csv,HERMES,10.21135,196,10.218,43,1313155.117650841,octanal,True,"Citrus, fruity, green"
Hexanol,HERMES.csv,HERMES,10.7192896997955,210,10.731,70,512431.429704907,hexanol,True,"Green, grassy, herbaceous"
Acetophenone,HERMES.csv,HERMES,11.4685666666667,234,11.478,105,629862.2693410618,acetophenone,True,"Floral, sweet, almond-like"
Nonanal,HERMES.csv,HERMES,12.0923333333333,253,12.102,57,9455493.926111098,nonanal,True,"Waxy, citrus, floral (lipid oxidation product)"
Decanal,HERMES.csv,HERMES,13.7193166666667,301,13.732,57,2541874.540839763,decanal,True,"Citrus, fatty, waxy, potato-like"
"2-Propanone, 1-methoxy-",HERMES.csv,HERMES,14.2884333333333,318,14.288,45,315765.77037402097,2propanone1methoxy,True,"Solvent, ether-like"
"2-Propanone, 1-methoxy-",HERMES.csv,HERMES,14.3552383310731,320,14.343,71,154945.0806838275,2propanone1methoxy,True,"Solvent, ether-like"
Methyl butanoate,HERMES.csv,HERMES,15.50705,358,15.494,87,236777.318225775,methylbutanoate,True,"Apple, fruity, sweet"
Tetramethylpyrazine,HERMES.csv,HERMES,16.3752,387,16.385,57,2619173.615526404,tetramethylpyrazine,True,"Roasted, nutty, cocoa"
Methyl butanoate,HERMES.csv,HERMES,17.1758166666667,415,17.185,57,359303.4409559493,methylbutanoate,True,"Apple, fruity, sweet"
Acetophenone,HERMES.csv,HERMES,19.3301,485,19.336,181,524374.725009359,acetophenone,True,"Floral, sweet, almond-like"
3-Octanone,HERMES.csv,HERMES,20.8927666666667,538,20.887,150,112900.699108139,3octanone,True,"Mushroom, earthy, fatty"
Hexanoic acid,HERMES.csv,HERMES,22.5358166666667,597,22.533,129,69355.8405531437,hexanoicacid,True,"Fatty, sweaty, rancid"
"2-Propanone, 1-methoxy-",NADINE.csv,NADINE,2.1662,9,2.157,56,57366.51421301889,2propanone1methoxy,True,"Solvent, ether-like"
"Butanal, 3-methyl-",NADINE.csv,NADINE,2.88321666666667,32,2.895,44,3720240.9570400296,butanal3methyl,True,"Malty, chocolate, cocoa-like (Maillard reaction product)"
Hexanal,NADINE.csv,NADINE,5.28813920860569,89,5.289,56,733736.38012794,hexanal,True,"Green, grassy, fresh-cut potato"
Benzaldehyde,NADINE.csv,NADINE,9.33955052979494,166,9.348,76,40332.57615011516,benzaldehyde,True,"Almond, cherry, sweet"
Dimethyl trisulfide,NADINE.csv,NADINE,9.54221666666667,172,9.542,79,129759.7548436308,dimethyltrisulfide,True,"Cabbage, onion, sulfurous"
Octanal,NADINE.csv,NADINE,10.2110166666667,196,10.218,43,1069180.442876039,octanal,True,"Citrus, fruity, green"
Nonanal,NADINE.csv,NADINE,12.092,253,12.102,57,7266047.419222085,nonanal,True,"Waxy, citrus, floral (lipid oxidation product)"
Decanal,NADINE.csv,NADINE,13.7221833333333,301,13.732,57,1735929.620263972,decanal,True,"Citrus, fatty, waxy, potato-like"
Tetramethylpyrazine,NADINE.csv,NADINE,16.37485,387,16.385,57,921547.0028438346,tetramethylpyrazine,True,"Roasted, nutty, cocoa"
Acetophenone,NADINE.csv,NADINE,19.3233166666667,484,19.314,57,36983.56446780629,acetophenone,True,"Floral, sweet, almond-like"
"2-Propanone, 1-methoxy-",NOBLESSE.csv,NOBLESSE,2.16661666666667,9,2.157,56,31276.856417101462,2propanone1methoxy,True,"Solvent, ether-like"
"Butanal, 3-methyl-",NOBLESSE.csv,NOBLESSE,2.88363333333333,32,2.895,44,1382094.236128647,butanal3methyl,True,"Malty, chocolate, cocoa-like (Maillard reaction product)"
Hexanal,NOBLESSE.csv,NOBLESSE,5.28551666666667,89,5.289,56,620562.792152475,hexanal,True,"Green, grassy, fresh-cut potato"
Benzaldehyde,NOBLESSE.csv,NOBLESSE,9.33365,165,9.322,85,3146.558249335113,benzaldehyde,True,"Almond, cherry, sweet"
Octanal,NOBLESSE.csv,NOBLESSE,10.2114333333333,196,10.218,43,1066961.0253846291,octanal,True,"Citrus, fruity, green"
Hexanol,NOBLESSE.csv,NOBLESSE,10.7258833333333,210,10.731,70,381003.0973338185,hexanol,True,"Green, grassy, herbaceous"
Nonanal,NOBLESSE.csv,NOBLESSE,12.0924166666667,253,12.102,57,8868482.24100458,nonanal,True,"Waxy, citrus, floral (lipid oxidation product)"
Decanal,NOBLESSE.csv,NOBLESSE,13.7193833333333,301,13.732,57,1330184.6171562748,decanal,True,"Citrus, fatty, waxy, potato-like"
Tetramethylpyrazine,NOBLESSE.csv,NOBLESSE,16.3752666666667,387,16.385,57,816161.0547897278,tetramethylpyrazine,True,"Roasted, nutty, cocoa"
Acetophenone,NOBLESSE.csv,NOBLESSE,19.32375,484,19.314,57,32052.70543710654,acetophenone,True,"Floral, sweet, almond-like"
"2-Propanone, 1-methoxy-",IVORY RUSSET.csv,IVORY RUSSET,2.17305,10,2.183,45,9585053.451720811,2propanone1methoxy,True,"Solvent, ether-like"
"Butanal, 3-methyl-",IVORY RUSSET.csv,IVORY RUSSET,2.88686666666667,32,2.895,44,1208694.0430742954,butanal3methyl,True,"Malty, chocolate, cocoa-like (Maillard reaction product)"
Pentanal,IVORY RUSSET.csv,IVORY RUSSET,3.30163333333333,46,3.315,44,1589634.4973101672,pentanal,True,"Fatty, green, pungent"
"Butanal, 3-methyl-",IVORY RUSSET.csv,IVORY RUSSET,3.36273333333333,47,3.38,81,699610.8822902672,butanal3methyl,True,"Malty, chocolate, cocoa-like (Maillard reaction product)"
Hexanal,IVORY RUSSET.csv,IVORY RUSSET,5.2823,89,5.289,56,8123383.677937783,hexanal,True,"Green, grassy, fresh-cut potato"
Heptanal,IVORY RUSSET.csv,IVORY RUSSET,7.94461666666667,131,7.933,56,31987.931121600406,heptanal,True,"Fatty, citrus-like, slightly green"
Benzaldehyde,IVORY RUSSET.csv,IVORY RUSSET,9.32721666666667,165,9.322,85,18192.2546185771,benzaldehyde,True,"Almond, cherry, sweet"
Dimethyl trisulfide,IVORY RUSSET.csv,IVORY RUSSET,9.53943333333333,172,9.542,79,147639.83598274284,dimethyltrisulfide,True,"Cabbage, onion, sulfurous"
Hexanol,IVORY RUSSET.csv,IVORY RUSSET,9.75271782617284,179,9.751,43,78965.42430599115,hexanol,True,"Green, grassy, herbaceous"
Octanal,IVORY RUSSET.csv,IVORY RUSSET,10.2114333333333,196,10.218,43,2474396.617094948,octanal,True,"Citrus, fruity, green"
Hexanol,IVORY RUSSET.csv,IVORY RUSSET,10.71625,210,10.731,70,1447609.1226045827,hexanol,True,"Green, grassy, herbaceous"
Acetophenone,IVORY RUSSET.csv,IVORY RUSSET,11.4654333333333,234,11.478,105,1420891.6857588352,acetophenone,True,"Floral, sweet, almond-like"
Nonanal,IVORY RUSSET.csv,IVORY RUSSET,12.0924166666667,253,12.102,57,14010000.941576358,nonanal,True,"Waxy, citrus, floral (lipid oxidation product)"
Decanal,IVORY RUSSET.csv,IVORY RUSSET,13.7193833333333,301,13.732,57,4284247.987855595,decanal,True,"Citrus, fatty, waxy, potato-like"
"2-Propanone, 1-methoxy-",IVORY RUSSET.csv,IVORY RUSSET,14.2820833333333,318,14.288,45,1052480.0295647774,2propanone1methoxy,True,"Solvent, ether-like"
"2-Propanone, 1-methoxy-",IVORY RUSSET.csv,IVORY RUSSET,14.3512746657312,320,14.343,71,294720.7256842873,2propanone1methoxy,True,"Solvent, ether-like"
Methyl butanoate,IVORY RUSSET.csv,IVORY RUSSET,15.5071333333333,358,15.494,87,899748.6819434984,methylbutanoate,True,"Apple, fruity, sweet"
Tetramethylpyrazine,IVORY RUSSET.csv,IVORY RUSSET,16.3752666666667,387,16.385,57,3524737.851942286,tetramethylpyrazine,True,"Roasted, nutty, cocoa"
Methyl butanoate,IVORY RUSSET.csv,IVORY RUSSET,17.1759,415,17.185,57,773063.8355346026,methylbutanoate,True,"Apple, fruity, sweet"
Acetophenone,IVORY RUSSET.csv,IVORY RUSSET,19.3301833333333,485,19.336,181,1569934.387252721,acetophenone,True,"Floral, sweet, almond-like"
3-Octanone,IVORY RUSSET.csv,IVORY RUSSET,20.89285,538,20.887,150,178578.86782709623,3octanone,True,"Mushroom, earthy, fatty"
"2-Propanone, 1-methoxy-",SABABA.csv,SABABA,2.16983333333333,9,2.157,56,138054.58990845564,2propanone1methoxy,True,"Solvent, ether-like"
"Butanal, 3-methyl-",SABABA.csv,SABABA,2.88365,32,2.895,44,1555186.559796413,butanal3methyl,True,"Malty, chocolate, cocoa-like (Maillard reaction product)"
Pentanal,SABABA.csv,SABABA,3.30165,46,3.315,44,1437166.2505308727,pentanal,True,"Fatty, green, pungent"
"Butanal, 3-methyl-",SABABA.csv,SABABA,3.36595,47,3.38,81,638747.8510072951,butanal3methyl,True,"Malty, chocolate, cocoa-like (Maillard reaction product)"
Hexanal,SABABA.csv,SABABA,5.27908333333333,89,5.289,56,6872060.894509628,hexanal,True,"Green, grassy, fresh-cut potato"
Benzaldehyde,SABABA.csv,SABABA,9.33582745102529,166,9.348,76,68128.44240386283,benzaldehyde,True,"Almond, cherry, sweet"
Octanal,SABABA.csv,SABABA,10.2082333333333,196,10.218,43,1427867.796942152,octanal,True,"Citrus, fruity, green"
Nonanal,SABABA.csv,SABABA,12.0924166666667,253,12.102,57,10113278.539600909,nonanal,True,"Waxy, citrus, floral (lipid oxidation product)"
Decanal,SABABA.csv,SABABA,13.6100666666667,298,13.616,57,882896.8583440839,decanal,True,"Citrus, fatty, waxy, potato-like"
Decanal,SABABA.csv,SABABA,13.7194,301,13.732,57,2196401.338085216,decanal,True,"Citrus, fatty, waxy, potato-like"
Decanal,SABABA.csv,SABABA,15.0537666666667,344,15.06,57,700002.3729386464,decanal,True,"Citrus, fatty, waxy, potato-like"
Tetramethylpyrazine,SABABA.csv,SABABA,16.3752833333333,387,16.385,57,2703516.3058418366,tetramethylpyrazine,True,"Roasted, nutty, cocoa"
Acetophenone,SABABA.csv,SABABA,19.32375,484,19.314,57,54412.92054503135,acetophenone,True,"Floral, sweet, almond-like"
3-Octanone,SABABA.csv,SABABA,20.89285,538,20.887,150,80592.32700151142,3octanone,True,"Mushroom, earthy, fatty"
"2-Propanone, 1-methoxy-",SALINERO.csv,SALINERO,2.16653333333333,9,2.157,56,40398.30976101246,2propanone1methoxy,True,"Solvent, ether-like"
"Butanal, 3-methyl-",SALINERO.csv,SALINERO,2.88356666666667,32,2.895,44,2122744.4514558064,butanal3methyl,True,"Malty, chocolate, cocoa-like (Maillard reaction product)"
Benzaldehyde,SALINERO.csv,SALINERO,9.33356666666667,165,9.322,85,4199.518407715061,benzaldehyde,True,"Almond, cherry, sweet"
Dimethyl trisulfide,SALINERO.csv,SALINERO,9.54256666666667,172,9.542,79,107810.97007390569,dimethyltrisulfide,True,"Cabbage, onion, sulfurous"
Octanal,SALINERO.csv,SALINERO,10.21135,196,10.218,43,1174139.5661960288,octanal,True,"Citrus, fruity, green"
Nonanal,SALINERO.csv,SALINERO,12.0923333333333,253,12.102,57,8794824.648670826,nonanal,True,"Waxy, citrus, floral (lipid oxidation product)"
Decanal,SALINERO.csv,SALINERO,13.7225166666667,301,13.732,57,1430422.2805140095,decanal,True,"Citrus, fatty, waxy, potato-like"
Tetramethylpyrazine,SALINERO.csv,SALINERO,16.3751833333333,387,16.385,57,754667.7636210565,tetramethylpyrazine,True,"Roasted, nutty, cocoa"
Acetophenone,SALINERO.csv,SALINERO,19.3236666666667,484,19.314,57,31010.506756314626,acetophenone,True,"Floral, sweet, almond-like"
"2-Propanone, 1-methoxy-",SPUNTA.csv,SPUNTA,2.16658333333333,9,2.157,56,54670.460198902256,2propanone1methoxy,True,"Solvent, ether-like"
"Butanal, 3-methyl-",SPUNTA.csv,SPUNTA,2.88681666666667,32,2.895,44,1713169.8246905794,butanal3methyl,True,"Malty, chocolate, cocoa-like (Maillard reaction product)"
Pentanal,SPUNTA.csv,SPUNTA,3.30481666666667,46,3.315,44,793640.3757756553,pentanal,True,"Fatty, green, pungent"
Benzaldehyde,SPUNTA.csv,SPUNTA,9.34044009493064,166,9.348,76,52196.37203108409,benzaldehyde,True,"Almond, cherry, sweet"
Dimethyl trisulfide,SPUNTA.csv,SPUNTA,9.5426,172,9.542,79,72420.22141900948,dimethyltrisulfide,True,"Cabbage, onion, sulfurous"
Octanal,SPUNTA.csv,SPUNTA,10.2114,196,10.218,43,1284557.7525583934,octanal,True,"Citrus, fruity, green"
Nonanal,SPUNTA.csv,SPUNTA,12.0923833333333,253,12.102,57,9113588.698493823,nonanal,True,"Waxy, citrus, floral (lipid oxidation product)"
Decanal,SPUNTA.csv,SPUNTA,13.6100333333333,298,13.616,57,908223.8919658004,decanal,True,"Citrus, fatty, waxy, potato-like"
Decanal,SPUNTA.csv,SPUNTA,13.71935,301,13.732,57,2153528.576022128,decanal,True,"Citrus, fatty, waxy, potato-like"
Tetramethylpyrazine,SPUNTA.csv,SPUNTA,16.3752333333333,387,16.385,57,2701419.841968331,tetramethylpyrazine,True,"Roasted, nutty, cocoa"
Acetophenone,SPUNTA.csv,SPUNTA,19.3237166666667,484,19.314,57,55550.712624886735,acetophenone,True,"Floral, sweet, almond-like"
3-Octanone,SPUNTA.csv,SPUNTA,20.8928,538,20.887,150,47379.93415375832,3octanone,True,"Mushroom, earthy, fatty"
"Butanal, 3-methyl-",ALOUETTE.csv,ALOUETTE,2.89641666666667,32,2.895,44,3230070.424135656,butanal3methyl,True,"Malty, chocolate, cocoa-like (Maillard reaction product)"
"Butanal, 3-methyl-",ALOUETTE.csv,ALOUETTE,5.0089,81,5.006,55,357776.2505563318,butanal3methyl,True,"Malty, chocolate, cocoa-like (Maillard reaction product)"
Benzaldehyde,ALOUETTE.csv,ALOUETTE,9.33355,165,9.322,85,55187.57530871618,benzaldehyde,True,"Almond, cherry, sweet"
Hexanol,ALOUETTE.csv,ALOUETTE,9.75454269024723,179,9.751,43,307662.91382791114,hexanol,True,"Green, grassy, herbaceous"
Octanal,ALOUETTE.csv,ALOUETTE,10.2145666666667,196,10.218,43,1911090.1189944989,octanal,True,"Citrus, fruity, green"
Hexanol,ALOUETTE.csv,ALOUETTE,10.7290166666667,210,10.731,70,2262581.9715935187,hexanol,True,"Green, grassy, herbaceous"
Acetophenone,ALOUETTE.csv,ALOUETTE,11.4717666666667,234,11.478,105,2284538.933483253,acetophenone,True,"Floral, sweet, almond-like"
Nonanal,ALOUETTE.csv,ALOUETTE,12.1019666666667,253,12.102,57,12108987.480927965,nonanal,True,"Waxy, citrus, floral (lipid oxidation product)"
Decanal,ALOUETTE.csv,ALOUETTE,13.72895,301,13.732,57,4251331.353206735,decanal,True,"Citrus, fatty, waxy, potato-like"
Decanal,ALOUETTE.csv,ALOUETTE,16.5263,391,16.533,57,2421639.375466582,decanal,True,"Citrus, fatty, waxy, potato-like"
Methyl butanoate,ALOUETTE.csv,ALOUETTE,17.18545,415,17.185,57,815706.9280808957,methylbutanoate,True,"Apple, fruity, sweet"
Acetophenone,ALOUETTE.csv,ALOUETTE,19.3365166666667,485,19.336,181,1621039.3318188076,acetophenone,True,"Floral, sweet, almond-like"
Benzeneacetaldehyde,ALOUETTE.csv,ALOUETTE,22.0727833333333,581,22.076,178,758227.5423023455,benzeneacetaldehyde,True,"Honey, floral, sweet"
Hexanoic acid,ALOUETTE.csv,ALOUETTE,22.1338833333333,582,22.134,105,3671582.211235325,hexanoicacid,True,"Fatty, sweaty, rancid"
Benzyl alcohol,ATLANTIC.csv,ATLANTIC,2.16991666666667,9,2.157,56,102038.10623230592,benzylalcohol,True,"Floral, sweet, mild"
Benzaldehyde,ATLANTIC.csv,ATLANTIC,2.9816254554346,35,2.98,78,7110061.027792764,benzaldehyde,True,"Almond, cherry, sweet"
Benzaldehyde,ATLANTIC.csv,ATLANTIC,9.33371666666667,165,9.322,85,9961.905020214264,benzaldehyde,True,"Almond, cherry, sweet"
Octanal,ATLANTIC.csv,ATLANTIC,10.2147333333333,196,10.218,43,1236641.2794773383,octanal,True,"Citrus, fruity, green"
Acetophenone,ATLANTIC.csv,ATLANTIC,11.4757993038527,234,11.478,105,1424626.707800239,acetophenone,True,"Floral, sweet, almond-like"
Nonanal,ATLANTIC.csv,ATLANTIC,12.0989333333333,253,12.102,57,9661325.393514449,nonanal,True,"Waxy, citrus, floral (lipid oxidation product)"
Decanal,ATLANTIC.csv,ATLANTIC,13.6197833333333,298,13.616,57,1758364.4535294122,decanal,True,"Citrus, fatty, waxy, potato-like"
Decanal,ATLANTIC.csv,ATLANTIC,13.7291166666667,301,13.732,57,2351167.3529487066,decanal,True,"Citrus, fatty, waxy, potato-like"
Decanal,ATLANTIC.csv,ATLANTIC,15.0602666666667,344,15.06,57,1831081.9167081737,decanal,True,"Citrus, fatty, waxy, potato-like"
Tetramethylpyrazine,ATLANTIC.csv,ATLANTIC,16.3817833333333,387,16.385,57,5005714.997813786,tetramethylpyrazine,True,"Roasted, nutty, cocoa"
1-Nonanol,ATLANTIC.csv,ATLANTIC,18.6871833333333,464,18.697,83,929638.439754412,1nonanol,True,"Waxy, floral, oily"
Acetophenone,ATLANTIC.csv,ATLANTIC,19.32705,485,19.336,181,260888.09425026207,acetophenone,True,"Floral, sweet, almond-like"
"Butanal, 3-methyl-",BERBER.csv,BERBER,2.89316968764975,32,2.895,44,2227345.0829441524,butanal3methyl,True,"Malty, chocolate, cocoa-like (Maillard reaction product)"
Hexanal,BERBER.csv,BERBER,5.28923899113504,89,5.289,56,2760825.7782216542,hexanal,True,"Green, grassy, fresh-cut potato"
Benzaldehyde,BERBER.csv,BERBER,9.33041666666667,165,9.322,85,19222.43592535301,benzaldehyde,True,"Almond, cherry, sweet"
Hexanol,BERBER.csv,BERBER,9.75163333333333,179,9.751,43,254430.05730183757,hexanol,True,"Green, grassy, herbaceous"
Octanal,BERBER.csv,BERBER,10.21785,196,10.218,43,1671639.8958774875,octanal,True,"Citrus, fruity, green"
Acetophenone,BERBER.csv,BERBER,11.4718333333333,234,11.478,105,2392466.491138284,acetophenone,True,"Floral, sweet, almond-like"
Nonanal,BERBER.csv,BERBER,12.10205,253,12.102,57,10766781.457544154,nonanal,True,"Waxy, citrus, floral (lipid oxidation product)"
Decanal,BERBER.csv,BERBER,13.6197,298,13.616,57,1122214.4419567226,decanal,True,"Citrus, fatty, waxy, potato-like"
Decanal,BERBER.csv,BERBER,13.7290166666667,301,13.732,57,3426064.7541408907,decanal,True,"Citrus, fatty, waxy, potato-like"
"2-Propanone, 1-methoxy-",BERBER.csv,BERBER,14.2917,318,14.288,45,512115.5132065994,2propanone1methoxy,True,"Solvent, ether-like"
"2-Propanone, 1-methoxy-",BERBER.csv,BERBER,14.3616722442682,321,14.369,59,5305328.469483859,2propanone1methoxy,True,"Solvent, ether-like"
Methyl butanoate,BERBER.csv,BERBER,15.5135333333333,359,15.523,129,850770.3641283402,methylbutanoate,True,"Apple, fruity, sweet"
Tetramethylpyrazine,BERBER.csv,BERBER,16.3816833333333,387,16.385,57,4591641.917087216,tetramethylpyrazine,True,"Roasted, nutty, cocoa"
Methyl butanoate,BERBER.csv,BERBER,17.1823166666667,415,17.185,57,485469.1350250784,methylbutanoate,True,"Apple, fruity, sweet"
Octanoic acid,BERBER.csv,BERBER,18.3141166666667,451,18.308,83,1500342.2028225998,octanoicacid,True,"Fatty, soapy, rancid"
Acetophenone,BERBER.csv,BERBER,19.3301666666667,485,19.336,181,924166.9224351736,acetophenone,True,"Floral, sweet, almond-like"
"Butanal, 3-methyl-",BLUE STAR.csv,BLUE STAR,2.89321666666667,32,2.895,44,4934802.185150661,butanal3methyl,True,"Malty, chocolate, cocoa-like (Maillard reaction product)"
Benzaldehyde,BLUE STAR.csv,BLUE STAR,9.33036666666667,165,9.322,85,26960.67373130779,benzaldehyde,True,"Almond, cherry, sweet"
Dimethyl trisulfide,BLUE STAR.csv,BLUE STAR,9.54578333333333,172,9.542,79,209399.2543089761,dimethyltrisulfide,True,"Cabbage, onion, sulfurous"
Hexanol,BLUE STAR.csv,BLUE STAR,9.75156666666667,179,9.751,43,292317.52366105525,hexanol,True,"Green, grassy, herbaceous"
Octanal,BLUE STAR.csv,BLUE STAR,10.2145833333333,196,10.218,43,1657700.7280793637,octanal,True,"Citrus, fruity, green"
Hexanol,BLUE STAR.csv,BLUE STAR,10.7290333333333,210,10.731,70,793413.8571585527,hexanol,True,"Green, grassy, herbaceous"
Acetophenone,BLUE STAR.csv,BLUE STAR,11.4717833333333,234,11.478,105,2004214.1921222887,acetophenone,True,"Floral, sweet, almond-like"
Nonanal,BLUE STAR.csv,BLUE STAR,12.102,253,12.102,57,10582211.294554608,nonanal,True,"Waxy, citrus, floral (lipid oxidation product)"
Decanal,BLUE STAR.csv,BLUE STAR,13.7289666666667,301,13.732,57,3200186.8218328604,decanal,True,"Citrus, fatty, waxy, potato-like"
Methyl butanoate,BLUE STAR.csv,BLUE STAR,17.18225,415,17.185,57,375515.8401866849,methylbutanoate,True,"Apple, fruity, sweet"
Acetophenone,BLUE STAR.csv,BLUE STAR,19.3301166666667,485,19.336,181,667559.600583125,acetophenone,True,"Floral, sweet, almond-like"
"2-Propanone, 1-methoxy-",CARLITA.csv,CARLITA,2.17429355580737,10,2.183,45,5301133.360097358,2propanone1methoxy,True,"Solvent, ether-like"
"Butanal, 3-methyl-",CARLITA.csv,CARLITA,2.89008333333333,32,2.895,44,2208259.42777528,butanal3methyl,True,"Malty, chocolate, cocoa-like (Maillard reaction product)"
Benzaldehyde,CARLITA.csv,CARLITA,9.33043333333333,165,9.322,85,17062.065575972432,benzaldehyde,True,"Almond, cherry, sweet"
Octanal,CARLITA.csv,CARLITA,10.21465,196,10.218,43,1627330.360725314,octanal,True,"Citrus, fruity, green"
Hexanol,CARLITA.csv,CARLITA,10.7323333333333,210,10.731,70,528045.2736829434,hexanol,True,"Green, grassy, herbaceous"
Acetophenone,CARLITA.csv,CARLITA,11.47185,234,11.478,105,1624991.735722724,acetophenone,True,"Floral, sweet, almond-like"
Nonanal,CARLITA.csv,CARLITA,12.09885,253,12.102,57,8434239.480247082,nonanal,True,"Waxy, citrus, floral (lipid oxidation product)"
Decanal,CARLITA.csv,CARLITA,13.7290333333333,301,13.732,57,4097670.366972609,decanal,True,"Citrus, fatty, waxy, potato-like"
Ethyl pentanoate,CARLITA.csv,CARLITA,18.8350166666667,468,18.822,65,1851530.145450646,ethylpentanoate,True,"Fruity, sweet"
Acetophenone,CARLITA.csv,CARLITA,19.3301833333333,485,19.336,181,312595.208679715,acetophenone,True,"Floral, sweet, almond-like"
Hexanoic acid,CARLITA.csv,CARLITA,22.1404,582,22.134,105,1474073.10438475,hexanoicacid,True,"Fatty, sweaty, rancid"
"Butanal, 3-methyl-",CHALLENGER.csv,CHALLENGER,2.89015,32,2.895,44,2309920.6647367454,butanal3methyl,True,"Malty, chocolate, cocoa-like (Maillard reaction product)"
Benzaldehyde,CHALLENGER.csv,CHALLENGER,9.3305,165,9.322,85,27071.163436789106,benzaldehyde,True,"Almond, cherry, sweet"
Hexanol,CHALLENGER.csv,CHALLENGER,9.75171666666667,179,9.751,43,279407.4469584663,hexanol,True,"Green, grassy, herbaceous"
Octanal,CHALLENGER.csv,CHALLENGER,10.2147333333333,196,10.218,43,2181077.61383834,octanal,True,"Citrus, fruity, green"
Hexanol,CHALLENGER.csv,CHALLENGER,10.7259666666667,210,10.731,70,1310337.8331282637,hexanol,True,"Green, grassy, herbaceous"
Acetophenone,CHALLENGER.csv,CHALLENGER,11.4719333333333,234,11.478,105,1745936.743316098,acetophenone,True,"Floral, sweet, almond-like"
Nonanal,CHALLENGER.csv,CHALLENGER,12.0989333333333,253,12.102,57,13083180.449144509,nonanal,True,"Waxy, citrus, floral (lipid oxidation product)"
Decanal,CHALLENGER.csv,CHALLENGER,13.7291166666667,301,13.732,57,5619306.13453314,decanal,True,"Citrus, fatty, waxy, potato-like"
Acetophenone,CHALLENGER.csv,CHALLENGER,19.3296195430915,485,19.336,181,735223.8666548762,acetophenone,True,"Floral, sweet, almond-like"
"Butanal, 3-methyl-",CIKLAMEN.csv,CIKLAMEN,2.89972090424453,32,2.895,44,3662074.414300794,butanal3methyl,True,"Malty, chocolate, cocoa-like (Maillard reaction product)"
Benzaldehyde,CIKLAMEN.csv,CIKLAMEN,9.33026666666667,165,9.322,85,15582.111187749577,benzaldehyde,True,"Almond, cherry, sweet"
Octanal,CIKLAMEN.csv,CIKLAMEN,10.2177,196,10.218,43,1679996.3027417082,octanal,True,"Citrus, fruity, green"
Acetophenone,CIKLAMEN.csv,CIKLAMEN,11.4716833333333,234,11.478,105,2146197.987301393,acetophenone,True,"Floral, sweet, almond-like"
Nonanal,CIKLAMEN.csv,CIKLAMEN,12.1019,253,12.102,57,9578689.344662787,nonanal,True,"Waxy, citrus, floral (lipid oxidation product)"
Hexanoic acid,CIKLAMEN.csv,CIKLAMEN,13.20155,285,13.205,101,135321.8560684608,hexanoicacid,True,"Fatty, sweaty, rancid"
Decanal,CIKLAMEN.csv,CIKLAMEN,13.61955,298,13.616,57,1539396.1294329292,decanal,True,"Citrus, fatty, waxy, potato-like"
Decanal,CIKLAMEN.csv,CIKLAMEN,13.7288666666667,301,13.732,57,3567380.047324043,decanal,True,"Citrus, fatty, waxy, potato-like"
Decanal,CIKLAMEN.csv,CIKLAMEN,15.0600333333333,344,15.06,57,1360121.2869817526,decanal,True,"Citrus, fatty, waxy, potato-like"
Tetramethylpyrazine,CIKLAMEN.csv,CIKLAMEN,16.3815333333333,387,16.385,57,3526972.9841305264,tetramethylpyrazine,True,"Roasted, nutty, cocoa"
Acetophenone,CIKLAMEN.csv,CIKLAMEN,19.3268,485,19.336,181,334492.3426769986,acetophenone,True,"Floral, sweet, almond-like"
"Butanal, 3-methyl-",MONALISA.csv,MONALISA,2.89666960225317,32,2.895,44,5033743.562269565,butanal3methyl,True,"Malty, chocolate, cocoa-like (Maillard reaction product)"
Benzaldehyde,MONALISA.csv,MONALISA,9.33481971374137,165,9.322,85,14921.318554685538,benzaldehyde,True,"Almond, cherry, sweet"
Dimethyl trisulfide,MONALISA.csv,MONALISA,9.5459,172,9.542,79,161079.02958000344,dimethyltrisulfide,True,"Cabbage, onion, sulfurous"
Octanal,MONALISA.csv,MONALISA,10.2146833333333,196,10.218,43,1491042.2020826514,octanal,True,"Citrus, fruity, green"
Hexanol,MONALISA.csv,MONALISA,10.7259333333333,210,10.731,70,625870.0725918133,hexanol,True,"Green, grassy, herbaceous"
Nonanal,MONALISA.csv,MONALISA,12.0988833333333,253,12.102,57,9226739.057882808,nonanal,True,"Waxy, citrus, floral (lipid oxidation product)"
Decanal,MONALISA.csv,MONALISA,13.7290666666667,301,13.732,57,3468393.088128701,decanal,True,"Citrus, fatty, waxy, potato-like"
Acetophenone,MONALISA.csv,MONALISA,19.327,485,19.336,181,263730.54219000536,acetophenone,True,"Floral, sweet, almond-like"
Hexanoic acid,MONALISA.csv,MONALISA,22.134,582,22.134,105,1701437.0324401257,hexanoicacid,True,"Fatty, sweaty, rancid"
Hexanoic acid,MONALISA.csv,MONALISA,22.4330333333333,593,22.444,57,713725.448407096,hexanoicacid,True,"Fatty, sweaty, rancid"
"Butanal, 3-methyl-",PEE WEE RUSSET.csv,PEE WEE RUSSET,2.8931,32,2.895,44,2370285.483106433,butanal3methyl,True,"Malty, chocolate, cocoa-like (Maillard reaction product)"
"Butanal, 3-methyl-",PEE WEE RUSSET.csv,PEE WEE RUSSET,5.0056,81,5.006,55,403552.70712555415,butanal3methyl,True,"Malty, chocolate, cocoa-like (Maillard reaction product)"
"Butanal, 3-methyl-",PEE WEE RUSSET.csv,PEE WEE RUSSET,5.55188702332705,92,5.552,70,931418.3704866456,butanal3methyl,True,"Malty, chocolate, cocoa-like (Maillard reaction product)"
Hexanal,PEE WEE RUSSET.csv,PEE WEE RUSSET,9.18555,160,9.177,111,48622.8255411282,hexanal,True,"Green, grassy, fresh-cut potato"
Benzaldehyde,PEE WEE RUSSET.csv,PEE WEE RUSSET,9.32703333333333,165,9.322,85,48903.70361961183,benzaldehyde,True,"Almond, cherry, sweet"
Hexanol,PEE WEE RUSSET.csv,PEE WEE RUSSET,9.75113386451404,179,9.751,43,279553.54693196545,hexanol,True,"Green, grassy, herbaceous"
Hexanol,PEE WEE RUSSET.csv,PEE WEE RUSSET,10.7417833333333,210,10.731,70,2192660.9524969007,hexanol,True,"Green, grassy, herbaceous"
Acetophenone,PEE WEE RUSSET.csv,PEE WEE RUSSET,11.46845,234,11.478,105,1941248.4739511823,acetophenone,True,"Floral, sweet, almond-like"
Nonanal,PEE WEE RUSSET.csv,PEE WEE RUSSET,12.0986666666667,253,12.102,57,12129791.166698445,nonanal,True,"Waxy, citrus, floral (lipid oxidation product)"
Decanal,PEE WEE RUSSET.csv,PEE WEE RUSSET,13.7256333333333,301,13.732,57,5336698.45017028,decanal,True,"Citrus, fatty, waxy, potato-like"
Methyl butanoate,PEE WEE RUSSET.csv,PEE WEE RUSSET,17.1789333333333,415,17.185,57,480531.38747602585,methylbutanoate,True,"Apple, fruity, sweet"
Acetophenone,PEE WEE RUSSET.csv,PEE WEE RUSSET,19.33,485,19.336,181,806253.1406945027,acetophenone,True,"Floral, sweet, almond-like"
Benzaldehyde,ARGOS.csv,ARGOS,9.33365,165,9.322,85,31122.84509923927,benzaldehyde,True,"Almond, cherry, sweet"
Nonanal,ARGOS.csv,ARGOS,12.09565,253,12.102,57,1119882.7322034503,nonanal,True,"Waxy, citrus, floral (lipid oxidation product)"
Methyl butanoate,ARGOS.csv,ARGOS,17.1791166666667,415,17.185,57,315207.9467706178,methylbutanoate,True,"Apple, fruity, sweet"
Acetophenone,ARGOS.csv,ARGOS,19.3237666666667,484,19.314,57,138398.20384446424,acetophenone,True,"Floral, sweet, almond-like"
Benzaldehyde,BINTJE.csv,BINTJE,9.33338333333333,165,9.322,85,5813.610711284822,benzaldehyde,True,"Almond, cherry, sweet"
Acetophenone,BINTJE.csv,BINTJE,11.4748,234,11.478,105,595605.2298780506,acetophenone,True,"Floral, sweet, almond-like"
Nonanal,BINTJE.csv,BINTJE,12.0953666666667,253,12.102,57,1075032.1612361474,nonanal,True,"Waxy, citrus, floral (lipid oxidation product)"
Hexanoic acid,BINTJE.csv,BINTJE,13.1435833333333,283,13.15,105,672310.0746853438,hexanoicacid,True,"Fatty, sweaty, rancid"
Tetramethylpyrazine,BINTJE.csv,BINTJE,16.375,387,16.385,57,926647.7686616296,tetramethylpyrazine,True,"Roasted, nutty, cocoa"
Acetophenone,BINTJE.csv,BINTJE,19.3267,485,19.336,181,57759.22042914304,acetophenone,True,"Floral, sweet, almond-like"
Benzaldehyde,DELIA RED.csv,DELIA RED,9.33745323510734,166,9.348,76,36142.565870243045,benzaldehyde,True,"Almond, cherry, sweet"
Acetophenone,DELIA RED.csv,DELIA RED,11.4714833333333,234,11.478,105,721259.3283296843,acetophenone,True,"Floral, sweet, almond-like"
Nonanal,DELIA RED.csv,DELIA RED,12.0952666666667,253,12.102,57,847337.7782144868,nonanal,True,"Waxy, citrus, floral (lipid oxidation product)"
Methyl butanoate,DELIA RED.csv,DELIA RED,17.1755166666667,415,17.185,57,277257.20515640505,methylbutanoate,True,"Apple, fruity, sweet"
Acetophenone,DELIA RED.csv,DELIA RED,19.3233833333333,484,19.314,57,105899.70257261272,acetophenone,True,"Floral, sweet, almond-like"
Benzaldehyde,FESTIEN.csv,FESTIEN,9.32956861120923,165,9.322,85,16472.910893657358,benzaldehyde,True,"Almond, cherry, sweet"
Acetophenone,FESTIEN.csv,FESTIEN,11.4654833333333,234,11.478,105,1679863.8260573763,acetophenone,True,"Floral, sweet, almond-like"
Nonanal,FESTIEN.csv,FESTIEN,12.08605,253,12.102,57,10847676.619344575,nonanal,True,"Waxy, citrus, floral (lipid oxidation product)"
Decanal,FESTIEN.csv,FESTIEN,13.7162333333333,300,13.703,120,39015.984901508775,decanal,True,"Citrus, fatty, waxy, potato-like"
Methyl butanoate,FESTIEN.csv,FESTIEN,17.1727333333333,415,17.185,57,288621.7877734403,methylbutanoate,True,"Apple, fruity, sweet"
Acetophenone,FESTIEN.csv,FESTIEN,19.3206,484,19.314,57,72470.66264364457,acetophenone,True,"Floral, sweet, almond-like"
Benzaldehyde,MULBERRYBEAUTY.csv,MULBERRYBEAUTY,9.33786289879757,166,9.348,76,34939.35386956274,benzaldehyde,True,"Almond, cherry, sweet"
Hexanol,MULBERRYBEAUTY.csv,MULBERRYBEAUTY,9.75483333333333,179,9.751,43,116265.64511299928,hexanol,True,"Green, grassy, herbaceous"
Nonanal,MULBERRYBEAUTY.csv,MULBERRYBEAUTY,12.0924,253,12.102,57,1003101.705314679,nonanal,True,"Waxy, citrus, floral (lipid oxidation product)"
Decanal,MULBERRYBEAUTY.csv,MULBERRYBEAUTY,13.7193666666667,301,13.732,57,742433.3077272491,decanal,True,"Citrus, fatty, waxy, potato-like"
Acetophenone,MULBERRYBEAUTY.csv,MULBERRYBEAUTY,19.3237333333333,484,19.314,57,131679.32144193724,acetophenone,True,"Floral, sweet, almond-like"
Benzaldehyde,OSPREY.csv,OSPREY,9.33371666666667,165,9.322,85,5372.956123948808,benzaldehyde,True,"Almond, cherry, sweet"
Octanal,OSPREY.csv,OSPREY,10.2147166666667,196,10.218,43,497598.9092324458,octanal,True,"Citrus, fruity, green"
Acetophenone,OSPREY.csv,OSPREY,11.4751333333333,234,11.478,105,639575.221877589,acetophenone,True,"Floral, sweet, almond-like"
Nonanal,OSPREY.csv,OSPREY,12.0924833333333,253,12.102,57,1669616.6447871928,nonanal,True,"Waxy, citrus, floral (lipid oxidation product)"
Hexanoic acid,OSPREY.csv,OSPREY,13.1374833333333,283,13.15,105,632703.3369866388,hexanoicacid,True,"Fatty, sweaty, rancid"
Decanal,OSPREY.csv,OSPREY,13.7226666666667,301,13.732,57,870974.6017767041,decanal,True,"Citrus, fatty, waxy, potato-like"
Tetramethylpyrazine,OSPREY.csv,OSPREY,16.3753333333333,387,16.385,57,1180178.8072669094,tetramethylpyrazine,True,"Roasted, nutty, cocoa"
Acetophenone,OSPREY.csv,OSPREY,19.3270333333333,485,19.336,181,51153.81408241486,acetophenone,True,"Floral, sweet, almond-like"
Benzaldehyde,SMART.csv,SMART,9.32726666666667,165,9.322,85,29210.25115335807,benzaldehyde,True,"Almond, cherry, sweet"
Hexanol,SMART.csv,SMART,9.7517,179,9.751,43,134384.10626877335,hexanol,True,"Green, grassy, herbaceous"
Octanal,SMART.csv,SMART,10.2114833333333,196,10.218,43,711626.1377797369,octanal,True,"Citrus, fruity, green"
Acetophenone,SMART.csv,SMART,11.4687,234,11.478,105,1552020.0338186084,acetophenone,True,"Floral, sweet, almond-like"
Nonanal,SMART.csv,SMART,12.0924666666667,253,12.102,57,4284123.961325587,nonanal,True,"Waxy, citrus, floral (lipid oxidation product)"
Octanoic acid,SMART.csv,SMART,12.4172166666667,261,12.427,74,884074.6216237592,octanoicacid,True,"Fatty, soapy, rancid"
Hexanoic acid,SMART.csv,SMART,13.1631833333333,283,13.15,105,860833.0020233009,hexanoicacid,True,"Fatty, sweaty, rancid"
Decanal,SMART.csv,SMART,13.7194333333333,301,13.732,57,1324228.5239629855,decanal,True,"Citrus, fatty, waxy, potato-like"
"2-Propanone, 1-methoxy-",SMART.csv,SMART,14.2917666666667,318,14.288,45,329464.661633516,2propanone1methoxy,True,"Solvent, ether-like"
"2-Propanone, 1-methoxy-",SMART.csv,SMART,14.3593,321,14.369,59,3982325.435332843,2propanone1methoxy,True,"Solvent, ether-like"
Methyl butanoate,SMART.csv,SMART,15.5071833333333,358,15.494,87,427192.6188413357,methylbutanoate,True,"Apple, fruity, sweet"
Methyl butanoate,SMART.csv,SMART,17.17595,415,17.185,57,479230.734259029,methylbutanoate,True,"Apple, fruity, sweet"
Acetophenone,SMART.csv,SMART,19.3270166666667,485,19.336,181,1280914.4970402,acetophenone,True,"Floral, sweet, almond-like"
Benzaldehyde,TAURUS.csv,TAURUS,9.33346666666667,165,9.322,85,4056.2364205896106,benzaldehyde,True,"Almond, cherry, sweet"
Acetophenone,TAURUS.csv,TAURUS,11.4749,234,11.478,105,460017.9475452682,acetophenone,True,"Floral, sweet, almond-like"
Nonanal,TAURUS.csv,TAURUS,12.09545,253,12.102,57,1047219.3495316532,nonanal,True,"Waxy, citrus, floral (lipid oxidation product)"
Hexanoic acid,TAURUS.csv,TAURUS,13.1115166666667,282,13.124,51,112423.99434263849,hexanoicacid,True,"Fatty, sweaty, rancid"
Tetramethylpyrazine,TAURUS.csv,TAURUS,16.3751,387,16.385,57,1288333.2412405524,tetramethylpyrazine,True,"Roasted, nutty, cocoa"
Benzaldehyde,TRIPLE7.csv,TRIPLE7,9.33458433444908,165,9.322,85,19328.93730906454,benzaldehyde,True,"Almond, cherry, sweet"
Hexanol,TRIPLE7.csv,TRIPLE7,9.75930273304633,180,9.767,60,28428.72873946509,hexanol,True,"Green, grassy, herbaceous"
Acetophenone,TRIPLE7.csv,TRIPLE7,11.4687166666667,234,11.478,105,1533655.5910882405,acetophenone,True,"Floral, sweet, almond-like"
Nonanal,TRIPLE7.csv,TRIPLE7,12.0925,253,12.102,57,3909523.7282509166,nonanal,True,"Waxy, citrus, floral (lipid oxidation product)"
Octanoic acid,TRIPLE7.csv,TRIPLE7,12.41725,261,12.427,74,885024.9114118156,octanoicacid,True,"Fatty, soapy, rancid"
Hexanoic acid,TRIPLE7.csv,TRIPLE7,13.1374833333333,283,13.15,105,745245.4117761117,hexanoicacid,True,"Fatty, sweaty, rancid"
Decanal,TRIPLE7.csv,TRIPLE7,13.7226833333333,301,13.732,57,1289123.34075193,decanal,True,"Citrus, fatty, waxy, potato-like"
"2-Propanone, 1-methoxy-",TRIPLE7.csv,TRIPLE7,14.2961373028378,318,14.288,45,343093.3388842184,2propanone1methoxy,True,"Solvent, ether-like"
"2-Propanone, 1-methoxy-",TRIPLE7.csv,TRIPLE7,14.3561,321,14.369,59,4294307.554547742,2propanone1methoxy,True,"Solvent, ether-like"
Methyl butanoate,TRIPLE7.csv,TRIPLE7,15.5072,358,15.494,87,353047.46797900455,methylbutanoate,True,"Apple, fruity, sweet"
Acetophenone,TRIPLE7.csv,TRIPLE7,19.32705,485,19.336,181,1419268.5402646444,acetophenone,True,"Floral, sweet, almond-like"
