Component RT,Compound Name,Match Factor,Best Hit,Formula,FileType,FileName
2.18566666666667,"2-Propanone, 1-methoxy-",91.0357160771666,True,C4H8O2,sample,ALVERSTONE R..csv
2.89948333333333,"Butanal, 3-methyl-",95.5543825426067,True,C5H10O,sample,ALVERSTONE R..csv
3.31748333333333,Pentanal,91.3601140786733,True,C5H10O,sample,ALVERSTONE R..csv
4.06986666666667,"Disulfide, dimethyl",94.5653537036832,True,C2H6S2,sample,ALVERSTONE R..csv
5.28206666666667,Hexanal,93.6097649781279,True,C6H12O,sample,ALVERSTONE R..csv
5.88333333333333,"Cyclotrisiloxane, hexamethyl-",97.8892041545568,True,C6H18O3Si3,sample,ALVERSTONE R..csv
7.68393333333333,Styrene,90.4284404554089,True,C8H8,sample,ALVERSTONE R..csv
7.93473333333333,Heptanal,92.7014523705841,True,C7H14O,sample,ALVERSTONE R..csv
9.31411666666667,Benzaldehyde,97.4730433854117,True,C7H6O,sample,ALVERSTONE R..csv
9.5199,Dimethyl trisulfide,96.795684828508,True,C2H6S3,sample,ALVERSTONE R..csv
9.74916974420989,Phenol,91.349784634285,True,C6H6O,sample,ALVERSTONE R..csv
9.87036666666667,"5-Hepten-2-one, 6-methyl-",90.0683469238282,True,C8H14O,sample,ALVERSTONE R..csv
9.96683333333333,"Furan, 2-pentyl-",90.591927174255,True,C9H14O,sample,ALVERSTONE R..csv
10.0890166666667,"Cyclotetrasiloxane, octamethyl-",96.1154505221608,True,C8H24O4Si4,sample,ALVERSTONE R..csv
10.1919,Octanal,96.7628982056386,True,C8H16O,sample,ALVERSTONE R..csv
10.6935,"1-Hexanol, 2-ethyl-",97.5204486834393,True,C8H18O,sample,ALVERSTONE R..csv
12.00215,Linalool,94.1533777424938,True,C10H18O,sample,ALVERSTONE R..csv
12.0761,Nonanal,98.9915254758646,True,C9H18O,sample,ALVERSTONE R..csv
13.59375,Dodecane,93.3807074306985,True,C12H26,sample,ALVERSTONE R..csv
13.7030666666667,Decanal,98.7401587373944,True,C10H20O,sample,ALVERSTONE R..csv
15.0342333333333,Tridecane,90.5860214188269,True,C13H28,sample,ALVERSTONE R..csv
16.35895,Tetradecane,95.6644283199159,True,C14H30,sample,ALVERSTONE R..csv
16.5840333333333,"2,4,7,9-Tetramethyl-5-decyn-4,7-diol",91.4346863989865,True,C14H26O2,sample,ALVERSTONE R..csv
18.7511833333333,Hexadecane,96.8838412357975,True,C16H34,sample,ALVERSTONE R..csv
19.31065,Benzophenone,94.5193507633105,True,C13H10O,sample,ALVERSTONE R..csv
2.18263333333333,"2-Propanone, 1-methoxy-",92.4875674518374,True,C4H8O2,sample,ANTI.csv
2.89965,"Butanal, 3-methyl-",95.3371870840724,True,C5H10O,sample,ANTI.csv
4.07003333333333,"Disulfide, dimethyl",96.6150094161277,True,C2H6S2,sample,ANTI.csv
5.28223333333333,Hexanal,94.0703322302205,True,C6H12O,sample,ANTI.csv
5.88671666666667,"Cyclotrisiloxane, hexamethyl-",97.997992770967,True,C6H18O3Si3,sample,ANTI.csv
7.6841,Styrene,90.800877989639,True,C8H8,sample,ANTI.csv
7.9349,Heptanal,93.7496694404187,True,C7H14O,sample,ANTI.csv
8.72266666666667,"(1R)-2,6,6-Trimethylbicyclo[3.1.1]hept-2-ene",90.9009662756797,True,C10H16,sample,ANTI.csv
9.31428333333333,Benzaldehyde,97.9674577675769,True,C7H6O,sample,ANTI.csv
9.52328333333333,Dimethyl trisulfide,90.5615159068578,True,C2H6S3,sample,ANTI.csv
9.97343333333333,"Furan, 2-pentyl-",92.2974754756814,True,C9H14O,sample,ANTI.csv
10.0924,"Cyclotetrasiloxane, octamethyl-",96.0949844461813,True,C8H24O4Si4,sample,ANTI.csv
10.1952833333333,Octanal,97.3573134720968,True,C8H16O,sample,ANTI.csv
10.6968833333333,"1-Hexanol, 2-ethyl-",97.5158680246647,True,C8H18O,sample,ANTI.csv
11.4525,Acetophenone,91.9845447816485,True,C8H8O,sample,ANTI.csv
12.0794833333333,Nonanal,99.0398060088957,True,C9H18O,sample,ANTI.csv
13.5971333333333,Dodecane,91.010778591796,True,C12H26,sample,ANTI.csv
13.7064666666667,Decanal,98.4532688218708,True,C10H20O,sample,ANTI.csv
15.0376166666667,Tridecane,90.0374904576798,True,C13H28,sample,ANTI.csv
16.3623333333333,Tetradecane,97.0579859243584,True,C14H30,sample,ANTI.csv
16.5874166666667,"2,4,7,9-Tetramethyl-5-decyn-4,7-diol",93.583514740801,True,C14H26O2,sample,ANTI.csv
16.82535,"Nonanoic acid, 9-oxo-, methyl ester",91.744654254759,True,C10H18O3,sample,ANTI.csv
17.6935,"Carbonic acid, 2-ethylhexyl octyl ester",91.2175350302396,True,C17H34O3,sample,ANTI.csv
18.6709666666667,1-Nonadecene,90.9009607486541,True,C19H38,sample,ANTI.csv
18.75135,Hexadecane,98.2960762895767,True,C16H34,sample,ANTI.csv
19.3108166666667,Benzophenone,95.5848581552047,True,C13H10O,sample,ANTI.csv
2.18576666666667,"2-Propanone, 1-methoxy-",92.1630038507463,True,C4H8O2,sample,AVARNA.csv
2.90278333333333,"Butanal, 3-methyl-",91.790258770813,True,C5H10O,sample,AVARNA.csv
4.06675,"Disulfide, dimethyl",95.6568493961022,True,C2H6S2,sample,AVARNA.csv
5.28215,Hexanal,91.3016563946429,True,C6H12O,sample,AVARNA.csv
5.88341666666667,"Cyclotrisiloxane, hexamethyl-",97.7669864725193,True,C6H18O3Si3,sample,AVARNA.csv
7.93803333333333,Heptanal,90.0240434645195,True,C7H14O,sample,AVARNA.csv
9.31935031267744,Benzaldehyde,97.5251918310253,True,C7H6O,sample,AVARNA.csv
10.0891,"Cyclotetrasiloxane, octamethyl-",95.9422950274545,True,C8H24O4Si4,sample,AVARNA.csv
10.1952166666667,Octanal,95.3163389378927,True,C8H16O,sample,AVARNA.csv
10.6968166666667,"1-Hexanol, 2-ethyl-",96.6751515829367,True,C8H18O,sample,AVARNA.csv
11.4524166666667,Acetophenone,93.7591511302903,True,C8H8O,sample,AVARNA.csv
12.0762,Nonanal,98.5563941290107,True,C9H18O,sample,AVARNA.csv
13.59385,Dodecane,92.5588786720297,True,C12H26,sample,AVARNA.csv
13.7063833333333,Decanal,97.9841018973535,True,C10H20O,sample,AVARNA.csv
15.0375333333333,Tridecane,91.5403787148652,True,C13H28,sample,AVARNA.csv
16.3622666666667,Tetradecane,97.0441624741747,True,C14H30,sample,AVARNA.csv
16.5873333333333,"2,4,7,9-Tetramethyl-5-decyn-4,7-diol",95.541233838652,True,C14H26O2,sample,AVARNA.csv
17.6934166666667,"Carbonic acid, 2-ethylhexyl octyl ester",90.5215057139086,True,C17H34O3,sample,AVARNA.csv
18.6708833333333,E-15-Heptadecenal,90.1182690587029,True,C17H32O,sample,AVARNA.csv
18.7512666666667,Hexadecane,97.7885834374417,True,C16H34,sample,AVARNA.csv
19.3126992338825,Benzophenone,95.1811328389832,True,C13H10O,sample,AVARNA.csv
2.18964424861626,"2-Propanone, 1-methoxy-",91.2577646393593,True,C4H8O2,sample,CAMEL.csv
2.35948333333333,"Propanal, 2-methyl-",90.6041885056164,True,C4H8O,sample,CAMEL.csv
2.89965,"Butanal, 3-methyl-",98.2857084643026,True,C5H10O,sample,CAMEL.csv
4.07005,"Disulfide, dimethyl",93.3188649846308,True,C2H6S2,sample,CAMEL.csv
5.28545,Hexanal,95.0885601385696,True,C6H12O,sample,CAMEL.csv
5.88671666666667,"Cyclotrisiloxane, hexamethyl-",97.5754832514974,True,C6H18O3Si3,sample,CAMEL.csv
7.93811666666667,Heptanal,91.5503122208854,True,C7H14O,sample,CAMEL.csv
9.3175,Benzaldehyde,97.4841747377201,True,C7H6O,sample,CAMEL.csv
9.52615132960155,Dimethyl trisulfide,96.1609163048598,True,C2H6S3,sample,CAMEL.csv
9.76193233643763,Phenol,90.0771008443126,True,C6H6O,sample,CAMEL.csv
10.0924,"Cyclotetrasiloxane, octamethyl-",95.7529367246018,True,C8H24O4Si4,sample,CAMEL.csv
10.1953,Octanal,95.9821962043007,True,C8H16O,sample,CAMEL.csv
10.6969,"1-Hexanol, 2-ethyl-",97.1846333202293,True,C8H18O,sample,CAMEL.csv
12.0795,Nonanal,98.9168931133551,True,C9H18O,sample,CAMEL.csv
13.59715,Dodecane,93.0473736032457,True,C12H26,sample,CAMEL.csv
13.7064666666667,Decanal,98.0768275517292,True,C10H20O,sample,CAMEL.csv
15.0408333333333,Tridecane,94.1113534816405,True,C13H28,sample,CAMEL.csv
16.36235,Tetradecane,97.3441532631977,True,C14H30,sample,CAMEL.csv
16.5874166666667,"2,4,7,9-Tetramethyl-5-decyn-4,7-diol",93.4088789410114,True,C14H26O2,sample,CAMEL.csv
17.5906166666667,Pentadecane,90.7458005679626,True,C15H32,sample,CAMEL.csv
18.6709666666667,E-15-Heptadecenal,90.9403971225846,True,C17H32O,sample,CAMEL.csv
18.75135,Hexadecane,98.2161078170811,True,C16H34,sample,CAMEL.csv
19.31405,Benzophenone,93.0743298742017,True,C13H10O,sample,CAMEL.csv
2.19512636665457,"2-Propanone, 1-methoxy-",90.93186222334,True,C4H8O2,sample,CHOPIN.csv
2.89645,"Butanal, 3-methyl-",97.2355622492843,True,C5H10O,sample,CHOPIN.csv
4.06685,"Disulfide, dimethyl",93.8542848233392,True,C2H6S2,sample,CHOPIN.csv
5.27903333333333,Hexanal,93.2030280453966,True,C6H12O,sample,CHOPIN.csv
5.88351666666667,"Cyclotrisiloxane, hexamethyl-",97.9474783315233,True,C6H18O3Si3,sample,CHOPIN.csv
7.6809,Styrene,92.2008151961807,True,C8H8,sample,CHOPIN.csv
7.9317,Heptanal,95.1376046027239,True,C7H14O,sample,CHOPIN.csv
9.32181529811492,Benzaldehyde,96.6411120469429,True,C7H6O,sample,CHOPIN.csv
9.52304469214157,Dimethyl trisulfide,96.3196565114005,True,C2H6S3,sample,CHOPIN.csv
9.74195,Phenol,90.8569713479557,True,C6H6O,sample,CHOPIN.csv
9.87055,"5-Hepten-2-one, 6-methyl-",91.9110679704843,True,C8H14O,sample,CHOPIN.csv
9.97023333333333,"Furan, 2-pentyl-",91.3229994567506,True,C9H14O,sample,CHOPIN.csv
10.0924166666667,"Cyclotetrasiloxane, octamethyl-",96.12458468292,True,C8H24O4Si4,sample,CHOPIN.csv
10.1921,Octanal,97.9225116213136,True,C8H16O,sample,CHOPIN.csv
10.6936833333333,"1-Hexanol, 2-ethyl-",97.5200004274642,True,C8H18O,sample,CHOPIN.csv
12.0795,Nonanal,99.057668309807,True,C9H18O,sample,CHOPIN.csv
13.59715,Dodecane,95.1246124764658,True,C12H26,sample,CHOPIN.csv
13.7064833333333,Decanal,98.7500801657233,True,C10H20O,sample,CHOPIN.csv
15.0376333333333,Tridecane,93.3809986253872,True,C13H28,sample,CHOPIN.csv
16.36235,Tetradecane,97.3786021315507,True,C14H30,sample,CHOPIN.csv
16.5874333333333,"2,4,7,9-Tetramethyl-5-decyn-4,7-diol",93.4330833825784,True,C14H26O2,sample,CHOPIN.csv
18.6709833333333,1-Nonadecene,91.8910688346229,True,C19H38,sample,CHOPIN.csv
18.7513666666667,Hexadecane,98.1200270349258,True,C16H34,sample,CHOPIN.csv
19.3108333333333,Benzophenone,94.8513369702311,True,C13H10O,sample,CHOPIN.csv
21.00855,"Carbonic acid, bis(2-ethylhexyl) ester",90.3070604000842,True,C17H34O3,sample,CHOPIN.csv
2.01332051450488,Propene,90.219041561688,True,C3H6,sample,FELSINA.csv
2.19652489391002,"2-Propanone, 1-methoxy-",91.9846321191979,True,C4H8O2,sample,FELSINA.csv
3.31448333333333,Pentanal,95.0403511052758,True,C5H10O,sample,FELSINA.csv
4.06984627560436,"Disulfide, dimethyl",97.6312364641767,True,C2H6S2,sample,FELSINA.csv
5.2855,Hexanal,97.9486485401076,True,C6H12O,sample,FELSINA.csv
5.88355,"Cyclotrisiloxane, hexamethyl-",97.9661957452842,True,C6H18O3Si3,sample,FELSINA.csv
7.93495,Heptanal,92.8410442065824,True,C7H14O,sample,FELSINA.csv
9.31111666666667,Benzaldehyde,97.7257951169114,True,C7H6O,sample,FELSINA.csv
9.73876666666667,Phenol,90.6148833439274,True,C6H6O,sample,FELSINA.csv
9.97026666666667,"Furan, 2-pentyl-",95.5950839510848,True,C9H14O,sample,FELSINA.csv
10.09245,"Cyclotetrasiloxane, octamethyl-",96.04876147437,True,C8H24O4Si4,sample,FELSINA.csv
10.1921333333333,Octanal,96.9541293066023,True,C8H16O,sample,FELSINA.csv
10.6992654344065,"1-Hexanol, 2-ethyl-",96.5058702541769,True,C8H18O,sample,FELSINA.csv
11.2596333333333,"2-Octenal, (E)-",91.3302753715732,True,C8H14O,sample,FELSINA.csv
11.45255,Acetophenone,91.7345921887765,True,C8H8O,sample,FELSINA.csv
12.0763333333333,Nonanal,99.0996549579721,True,C9H18O,sample,FELSINA.csv
13.5939833333333,Dodecane,93.5065529290556,True,C12H26,sample,FELSINA.csv
13.7065166666667,Decanal,98.5790178853135,True,C10H20O,sample,FELSINA.csv
15.0376666666667,Tridecane,92.1181700182272,True,C13H28,sample,FELSINA.csv
16.3624,Tetradecane,96.7973459303572,True,C14H30,sample,FELSINA.csv
16.5874666666667,"2,4,7,9-Tetramethyl-5-decyn-4,7-diol",95.0379099685448,True,C14H26O2,sample,FELSINA.csv
16.8222,"Nonanoic acid, 9-oxo-, methyl ester",90.9935001800827,True,C10H18O3,sample,FELSINA.csv
17.69355,"Octane, 1,1'-oxybis-",90.0382449270269,True,C16H34O,sample,FELSINA.csv
18.6710166666667,1-Octadecanol,90.1768416070337,True,C18H38O,sample,FELSINA.csv
18.7514,Hexadecane,98.0758250201709,True,C16H34,sample,FELSINA.csv
19.3108833333333,Benzophenone,95.2498090160249,True,C13H10O,sample,FELSINA.csv
22.7995333333333,Eicosane,90.4523875542036,True,C20H42,sample,FELSINA.csv
2.01531666666667,Propene,77.9615009608457,True,C3H6,sample,INNOVATOR.csv
2.20114075593465,"2-Propanone, 1-methoxy-",90.1085453674739,True,C4H8O2,sample,INNOVATOR.csv
2.35936666666667,"Propanal, 2-methyl-",74.7603833765082,True,C4H8O,sample,INNOVATOR.csv
2.45903333333333,Acetic acid ethenyl ester,74.9230970622399,True,C4H6O2,sample,INNOVATOR.csv
2.89953333333333,"Butanal, 3-methyl-",93.8879803076517,True,C5H10O,sample,INNOVATOR.csv
2.98313333333333,"Propane, 2-chloro-2-methyl-",68.8294371468995,True,C4H9Cl,sample,INNOVATOR.csv
3.15998333333333,"Cyclohexane, octyl-",67.4231546232159,True,C14H28,sample,INNOVATOR.csv
3.20821666666667,"2,3-Pentanedione",55.869458347156,True,C5H8O2,sample,INNOVATOR.csv
3.28216666666667,"2,3-Pentanedione",74.3271827734648,True,C5H8O2,sample,INNOVATOR.csv
3.31753333333333,"1,6-Diaminohexane-N,N,N',N'-tetraacetic acid",57.5468570280742,True,C14H24N2O8,sample,INNOVATOR.csv
3.90595,"2-Pentanol, 4-methyl-",65.3409714722772,True,C6H14O,sample,INNOVATOR.csv
4.06993333333333,"Disulfide, dimethyl",92.3618439117255,True,C2H6S2,sample,INNOVATOR.csv
4.24998333333333,"Silane, triethylmethoxy-",67.4840610389815,True,C7H18OSi,sample,INNOVATOR.csv
4.50721666666667,Toluene,80.1324405809116,True,C7H8,sample,INNOVATOR.csv
5.05705,2-Ethylhexyl acrylate,77.410331121248,True,C11H20O2,sample,INNOVATOR.csv
5.28533333333333,Hexanal,94.1480576817473,True,C6H12O,sample,INNOVATOR.csv
5.8866,"Cyclotrisiloxane, hexamethyl-",97.9342277294851,True,C6H18O3Si3,sample,INNOVATOR.csv
6.20490173251373,Furfural,88.1989840468879,True,C5H4O2,sample,INNOVATOR.csv
6.39785,"2,4-Dimethyl-1-heptene",67.9711653016053,True,C9H18,sample,INNOVATOR.csv
6.81263333333333,"3-Chloropropionic acid, pentadecyl ester",63.0078102263614,True,C18H35ClO2,sample,INNOVATOR.csv
6.98625,"Octane, 4-methyl-",65.4413084494174,True,C9H20,sample,INNOVATOR.csv
7.14701666666667,o-Xylene,79.9180030748065,True,C8H10,sample,INNOVATOR.csv
7.58431666666667,"8-Hydroxy-2,2-dimethyl-dec-5-en-3-one",59.6037615973609,True,C12H22O2,sample,INNOVATOR.csv
7.68398333333333,Styrene,92.0006761297821,True,C8H8,sample,INNOVATOR.csv
7.93478333333333,Heptanal,94.1548914665807,True,C7H14O,sample,INNOVATOR.csv
8.05053333333333,Methional,69.826664516876,True,C4H8OS,sample,INNOVATOR.csv
8.72255,"(1R)-2,6,6-Trimethylbicyclo[3.1.1]hept-2-ene",89.8882151160247,True,C10H16,sample,INNOVATOR.csv
9.03765,"Pyran-4-carboxylic acid, 4-(4-methoxyphenyl)-tetrahydro-",69.593532058328,True,C13H16O4,sample,INNOVATOR.csv
9.18876666666667,"Vanillin, TBDMS derivative",68.1429383196864,True,C14H22O3Si,sample,INNOVATOR.csv
9.31738333333333,Benzaldehyde,96.9193183624394,True,C7H6O,sample,INNOVATOR.csv
9.52638333333333,Dimethyl trisulfide,95.3360334778293,True,C2H6S3,sample,INNOVATOR.csv
9.6968,1-Octyn-3-ol,67.0313904667627,True,C8H14O,sample,INNOVATOR.csv
9.74825,Phenol,90.6639961314745,True,C6H6O,sample,INNOVATOR.csv
9.87365,"5-Hepten-2-one, 6-methyl-",91.2804992998195,True,C8H14O,sample,INNOVATOR.csv
9.97331666666667,"Furan, 2-pentyl-",92.1103317205298,True,C9H14O,sample,INNOVATOR.csv
10.0472666666667,"Butanoic acid, butyl ester",73.3869014315117,True,C8H16O2,sample,INNOVATOR.csv
10.0955,"Cyclotetrasiloxane, octamethyl-",96.1739378727717,True,C8H24O4Si4,sample,INNOVATOR.csv
10.1951833333333,Octanal,97.2998361265648,True,C8H16O,sample,INNOVATOR.csv
10.39775,"1-Pentanol, 2-methyl-, acetate",58.99774273821,True,C8H16O2,sample,INNOVATOR.csv
10.5295833333333,4-Cyanocyclohexene,72.3965152809493,True,C7H9N,sample,INNOVATOR.csv
10.6967833333333,"1-Hexanol, 2-ethyl-",97.4901646875085,True,C8H18O,sample,INNOVATOR.csv
11.02795,Benzeneacetaldehyde,85.2241997373481,True,C8H8O,sample,INNOVATOR.csv
11.25625,"Undecane, 2-methyl-",81.6972106784112,True,C12H26,sample,INNOVATOR.csv
11.3237666666667,"Octane, 1-chloro-",78.7171963271763,True,C8H17Cl,sample,INNOVATOR.csv
11.464465749342,.gamma.-Chlorobutyrophenone,78.8176634317583,True,C10H11ClO,sample,INNOVATOR.csv
11.6485166666667,"Trichloroacetic acid, undecyl ester",71.8650892092677,True,C13H23Cl3O2,sample,INNOVATOR.csv
11.7224666666667,"1-Heptanol, 2,4-diethyl-",65.8661032957732,True,C11H24O,sample,INNOVATOR.csv
12.0054333333333,Linalool,85.5974503456986,True,C10H18O,sample,INNOVATOR.csv
12.0793833333333,Nonanal,99.0210865041304,True,C9H18O,sample,INNOVATOR.csv
12.2498,"10-Undecenoic acid, methyl ester",73.8378717786138,True,C12H22O2,sample,INNOVATOR.csv
12.4041333333333,"Octanoic acid, methyl ester",64.767038252099,True,C9H18O2,sample,INNOVATOR.csv
12.49095,"2-Undecanethiol, 2-methyl-",77.5994299788938,True,C12H26S,sample,INNOVATOR.csv
12.5584666666667,"Octadecane, 1-(ethenyloxy)-",77.6879743758428,True,C20H40O,sample,INNOVATOR.csv
12.7256666666667,"1-Dodecanol, 3,7,11-trimethyl-",65.0473340187119,True,C15H32O,sample,INNOVATOR.csv
12.8607166666667,2-[(Trimethylsilyl)oxy]-2-{4-[(trimethylsilyl)oxy]phenyl}ethanamine,85.712288605408,True,C14H27NO2Si2,sample,INNOVATOR.csv
13.0054,"2-Nonenal, (E)-",79.4080241059868,True,C9H16O,sample,INNOVATOR.csv
13.0632833333333,"Decane, 1-chloro-",60.0176572032175,True,C10H21Cl,sample,INNOVATOR.csv
13.09865,"Benzofuran, 4,5,6,7-tetrahydro-3,6-dimethyl-",69.1876905221789,True,C10H14O,sample,INNOVATOR.csv
13.1533,Dodecanal,90.308502355298,True,C12H24O,sample,INNOVATOR.csv
13.26585,"1,2-15,16-Diepoxyhexadecane",65.2297112150585,True,C16H30O2,sample,INNOVATOR.csv
13.3783833333333,14-Pentadecenoic acid,63.0437127756079,True,C15H28O2,sample,INNOVATOR.csv
13.4716333333333,"1-Hexadecanol, 2-methyl-",72.3345054743458,True,C17H36O,sample,INNOVATOR.csv
13.5520166666667,.alpha.-Terpineol,64.9676639139779,True,C10H18O,sample,INNOVATOR.csv
13.5970333333333,Dodecane,93.8035600326241,True,C12H26,sample,INNOVATOR.csv
13.70635,Decanal,98.7996731787383,True,C10H20O,sample,INNOVATOR.csv
13.8188833333333,"1-Hexadecanol, 2-methyl-",74.5952558572658,True,C17H36O,sample,INNOVATOR.csv
13.8671166666667,"2-Octene, 4-ethyl-",64.487824251267,True,C10H20,sample,INNOVATOR.csv
14.0439666666667,"Dodecanoic acid, 3-hydroxy-",75.5560552373938,True,C12H24O3,sample,INNOVATOR.csv
14.1275666666667,"1,2-Benzisothiazole",76.7525353655641,True,C7H5NS,sample,INNOVATOR.csv
14.2272333333333,Neodecanoic acid,81.1698962003645,True,C10H20O2,sample,INNOVATOR.csv
14.3353179366634,"Butanoic acid, 2-ethyl-2,3,3-trimethyl-",71.6189157790056,True,C9H18O2,sample,INNOVATOR.csv
14.48125,"Benzene, 1,4-dimethyl-2,5-bis(1-methylethyl)-",65.5705301054325,True,C14H22,sample,INNOVATOR.csv
14.5487666666667,"Dodecanoic acid, 3-hydroxy-",77.6587699596695,True,C12H24O3,sample,INNOVATOR.csv
14.6098666666667,Neodecanoic acid,83.5256453738804,True,C10H20O2,sample,INNOVATOR.csv
14.6773833333333,"Butanoic acid, 2-ethyl-2,3,3-trimethyl-",69.5479712669492,True,C9H18O2,sample,INNOVATOR.csv
14.7159666666667,"Butanoic acid, 2-ethyl-2,3,3-trimethyl-",64.38813555816,True,C9H18O2,sample,INNOVATOR.csv
14.7706333333333,Phytol,79.6816414399887,True,C20H40O,sample,INNOVATOR.csv
14.9314,"1,2-Dichlorooctane",58.311826080694,True,C8H16Cl2,sample,INNOVATOR.csv
14.9892666666667,"[1,1'-Bicyclopentyl]-2-one",69.7307383457103,True,C10H16O,sample,INNOVATOR.csv
15.0407166666667,Tridecane,92.5341931986533,True,C13H28,sample,INNOVATOR.csv
15.1661166666667,Undecanal,88.1998353919521,True,C11H22O,sample,INNOVATOR.csv
15.2722333333333,"1-Hexadecanol, 2-methyl-",78.5358183324603,True,C17H36O,sample,INNOVATOR.csv
15.3686833333333,"Silane, [[3,3-dimethyl-4-methylene-2-(trimethylsilyl)-1-cyclopenten-1-yl]methoxy]trimethyl-",60.3243232418314,True,C15H30OSi2,sample,INNOVATOR.csv
15.4104833333333,Octadecane,60.6438499225692,True,C18H38,sample,INNOVATOR.csv
15.5037333333333,Methyl 8-oxooctanoate,69.1830225486974,True,C9H16O3,sample,INNOVATOR.csv
15.52945,"Eicosane, 10-methyl-",56.473316072012,True,C21H44,sample,INNOVATOR.csv
15.63235,"Dodecane, 2-methyl-",70.8361571127947,True,C13H28,sample,INNOVATOR.csv
15.6709333333333,"1-Hexadecanol, 2-methyl-",69.8450327404334,True,C17H36O,sample,INNOVATOR.csv
15.71595,Nerolidyl propionate,50.8108607765537,True,C18H30O2,sample,INNOVATOR.csv
15.7641666666667,"2,6,6,10-Tetramethyl-undeca-8,10-diene-3,7-dione",70.7857786101547,True,C15H24O2,sample,INNOVATOR.csv
15.9410166666667,"2-Tridecenal, (E)-",80.0312599726428,True,C13H24O,sample,INNOVATOR.csv
15.9860333333333,"Eicosane, 10-methyl-",67.1485950512961,True,C21H44,sample,INNOVATOR.csv
16.0342666666667,"Cyclopentadecanone, 2-hydroxy-",60.61141403424,True,C15H28O2,sample,INNOVATOR.csv
16.13715,"Octanoic acid, 2-dimethylaminoethyl ester",80.9967797764387,True,C12H25NO2,sample,INNOVATOR.csv
16.2657666666667,E-15-Heptadecenal,80.6002120004346,True,C17H32O,sample,INNOVATOR.csv
16.3204333333333,2-Dodecanone,62.5665179707584,True,C12H24O,sample,INNOVATOR.csv
16.3622333333333,Tetradecane,97.0658565819303,True,C14H30,sample,INNOVATOR.csv
16.5069166666667,Tetradecanal,84.1378146959442,True,C14H28O,sample,INNOVATOR.csv
16.5873,"2,4,7,9-Tetramethyl-5-decyn-4,7-diol",92.0859998440367,True,C14H26O2,sample,INNOVATOR.csv
16.72235,"3-Eicosene, (E)-",83.9328367218607,True,C20H40,sample,INNOVATOR.csv
16.8134897661926,"1-Dodecanol, 3,7,11-trimethyl-",83.4631993501752,True,C15H32O,sample,INNOVATOR.csv
16.9249166666667,11-Methyldodecanol,79.6306656975847,True,C13H28O,sample,INNOVATOR.csv
16.9795833333333,"1-Dodecanol, 3,7,11-trimethyl-",84.8639777608911,True,C15H32O,sample,INNOVATOR.csv
17.0824666666667,"Naphthalene, 1,3-dimethyl-",71.4957602087574,True,C12H12,sample,INNOVATOR.csv
17.1274833333333,"1-Dodecanol, 3,7,11-trimethyl-",84.4681739011339,True,C15H32O,sample,INNOVATOR.csv
17.16285,"5-Bromopentanoic acid, 6-ethyl-3-octyl ester",66.1965967193295,True,C15H29BrO2,sample,INNOVATOR.csv
17.2336,tert-Hexadecanethiol,63.8551085400554,True,C16H34S,sample,INNOVATOR.csv
17.2914666666667,"3-Eicosene, (E)-",88.5610832822268,True,C20H40,sample,INNOVATOR.csv
17.3622,"2,5-Cyclohexadiene-1,4-dione, 2,6-bis(1,1-dimethylethyl)-",82.6412238816685,True,C14H20O2,sample,INNOVATOR.csv
17.45545,tert-Hexadecanethiol,63.5415954108609,True,C16H34S,sample,INNOVATOR.csv
17.5069,"Hexadecane, 1,1-bis(dodecyloxy)-",76.847810692189,True,C40H82O2,sample,INNOVATOR.csv
17.5519166666667,"2,6-Dihydroxyacetophenone, 2TMS derivative",85.3516891761801,True,C14H24O3Si2,sample,INNOVATOR.csv
17.5905,Pentadecane,79.9688730614483,True,C15H32,sample,INNOVATOR.csv
17.6901666666667,"Octane, 1,1'-oxybis-",89.4033725859682,True,C16H34O,sample,INNOVATOR.csv
17.7577,E-15-Heptadecenoic acid,65.6095272851569,True,C17H32O2,sample,INNOVATOR.csv
17.7930666666667,"2,4-Di-tert-butylphenol",91.4879891704594,True,C14H22O,sample,INNOVATOR.csv
17.9731166666667,"1-Hexadecanol, 2-methyl-",69.2620499971111,True,C17H36O,sample,INNOVATOR.csv
18.031,tert-Hexadecanethiol,70.2201232578139,True,C16H34S,sample,INNOVATOR.csv
18.10495,"Hexadecane, 2,6,10,14-tetramethyl-",68.1448264261882,True,C20H42,sample,INNOVATOR.csv
18.2142666666667,"Octadecane, 1-chloro-",72.544208205525,True,C18H37Cl,sample,INNOVATOR.csv
18.2785833333333,"1-Hexadecanol, 2-methyl-",70.8167283365992,True,C17H36O,sample,INNOVATOR.csv
18.33325,"Pentadecane, 2,6,10,14-tetramethyl-",73.9495146126542,True,C19H40,sample,INNOVATOR.csv
18.4264833333333,"Dodecane, 5,8-diethyl-",77.7468947730405,True,C16H34,sample,INNOVATOR.csv
18.6033333333333,"Hexadecane, 1,1-bis(dodecyloxy)-",64.5522002377353,True,C40H82O2,sample,INNOVATOR.csv
18.67085,Trifluoroacetoxy hexadecane,91.5302108039719,True,C18H33F3O2,sample,INNOVATOR.csv
18.7512333333333,Hexadecane,98.1033349691607,True,C16H34,sample,INNOVATOR.csv
18.8252,"2,2,4-Trimethyl-1,3-pentanediol diisobutyrate",85.1763919693437,True,C16H30O4,sample,INNOVATOR.csv
18.9313,13-Heptadecyn-1-ol,65.2073057706706,True,C17H32O,sample,INNOVATOR.csv
19.0534833333333,"Dodecanoic acid, 1-methylethyl ester",85.1467738789536,True,C15H30O2,sample,INNOVATOR.csv
19.1531666666667,"Heptadecane, 9-hexyl-",71.2608138408547,True,C23H48,sample,INNOVATOR.csv
19.1821,"Benzene, (1-pentylhexyl)-",68.2374916355805,True,C17H28,sample,INNOVATOR.csv
19.2239,"Benzene, (1-butylheptyl)-",77.5892612846255,True,C17H28,sample,INNOVATOR.csv
19.2528333333333,"Heptadecane, 9-hexyl-",60.354915175768,True,C23H48,sample,INNOVATOR.csv
19.3139333333333,Benzophenone,95.0171816068937,True,C13H10O,sample,INNOVATOR.csv
19.3911,"Pentadecane, 8-hexyl-",74.032462689928,True,C21H44,sample,INNOVATOR.csv
19.4329,cis-1-Chloro-9-octadecene,78.1132444405438,True,C18H35Cl,sample,INNOVATOR.csv
19.4907666666667,"3,6-Dioxa-2,4,5,7-tetrasilaoctane, 2,2,4,4,5,5,7,7-octamethyl-",69.0841269608447,True,C10H30O2Si4,sample,INNOVATOR.csv
19.5775833333333,"Benzene, (1-ethylnonyl)-",76.5400878733534,True,C17H28,sample,INNOVATOR.csv
19.63225,tert-Hexadecanethiol,70.0357967004135,True,C16H34S,sample,INNOVATOR.csv
19.7254833333333,"1-Penten-3-one, 1-(2,6,6-trimethyl-1-cyclohexen-1-yl)-",79.8624547406512,True,C14H22O,sample,INNOVATOR.csv
19.7737166666667,"1-Hexadecanol, 2-methyl-",80.8534049723597,True,C17H36O,sample,INNOVATOR.csv
19.8444666666667,"Pentadecane, 8-hexyl-",76.1835501257255,True,C21H44,sample,INNOVATOR.csv
19.9119833333333,"Pentadecane, 2,6,10,14-tetramethyl-",82.8091171845802,True,C19H40,sample,INNOVATOR.csv
19.9795,"Benzene, (1-methyldecyl)-",70.469382632436,True,C17H28,sample,INNOVATOR.csv
20.0824,"2-Hydroxy-2-methyl-succinic acid, bis-(2-oxo-2-phenyl-ethyl ester",60.7226036601431,True,C21H20O7,sample,INNOVATOR.csv
20.1531333333333,"Butan-1-one, 1-[4-(2-fluoro-4-nitrophenyl)-1-piperazinyl]-",56.5594908735545,True,C14H18FN3O3,sample,INNOVATOR.csv
20.2335166666667,"Benzene, (1-pentylheptyl)-",77.2038498138382,True,C18H30,sample,INNOVATOR.csv
20.3106833333333,"1,3-di-iso-propylnaphthalene",65.8086586614016,True,C16H20,sample,INNOVATOR.csv
20.3975,"Pentadecane, 8-hexyl-",71.7626066813029,True,C21H44,sample,INNOVATOR.csv
20.44895,"Heneicosane, 11-(1-ethylpropyl)-",69.2337813309041,True,C26H54,sample,INNOVATOR.csv
20.5679166666667,"Cyclohexane, undecyl-",72.2227925693846,True,C17H34,sample,INNOVATOR.csv
20.6097166666667,"Heptadecane, 3-methyl-",75.3899190676388,True,C18H38,sample,INNOVATOR.csv
20.78335,"Hexadecane, 1,1-bis(dodecyloxy)-",59.1050247718639,True,C40H82O2,sample,INNOVATOR.csv
21.0116333333333,"Carbonic acid, bis(2-ethylhexyl) ester",85.7932406555293,True,C17H34O3,sample,INNOVATOR.csv
21.1756166666667,"3,6-Dioxa-2,4,5,7-tetrasilaoctane, 2,2,4,4,5,5,7,7-octamethyl-",58.0530664677848,True,C10H30O2Si4,sample,INNOVATOR.csv
2.8996,"Butanal, 3-methyl-",95.5644532535065,True,C5H10O,sample,JAERLA.csv
4.06998333333333,"Disulfide, dimethyl",93.9514736475603,True,C2H6S2,sample,JAERLA.csv
5.28216666666667,Hexanal,90.0856066689037,True,C6H12O,sample,JAERLA.csv
5.88343333333333,"Cyclotrisiloxane, hexamethyl-",97.8122348118905,True,C6H18O3Si3,sample,JAERLA.csv
7.68403333333333,Styrene,91.4341636982105,True,C8H8,sample,JAERLA.csv
7.93483333333333,Heptanal,93.0949218090043,True,C7H14O,sample,JAERLA.csv
8.7226,"(1R)-2,6,6-Trimethylbicyclo[3.1.1]hept-2-ene",90.9216841772878,True,C10H16,sample,JAERLA.csv
9.31743333333333,Benzaldehyde,97.4317428783356,True,C7H6O,sample,JAERLA.csv
9.52643333333333,Dimethyl trisulfide,94.7159769593132,True,C2H6S3,sample,JAERLA.csv
10.0923333333333,"Cyclotetrasiloxane, octamethyl-",96.2768263243566,True,C8H24O4Si4,sample,JAERLA.csv
10.1952333333333,Octanal,97.2828586294542,True,C8H16O,sample,JAERLA.csv
10.6968333333333,"1-Hexanol, 2-ethyl-",97.5903712722556,True,C8H18O,sample,JAERLA.csv
12.0794333333333,Nonanal,98.8900976567957,True,C9H18O,sample,JAERLA.csv
13.7064,Decanal,97.9827609127562,True,C10H20O,sample,JAERLA.csv
16.2561666666667,Copaene,95.0890861174884,True,C15H24,sample,JAERLA.csv
17.0921666666667,"Naphthalene, 1,4-dimethyl-",94.8779820663254,True,C12H12,sample,JAERLA.csv
17.7931166666667,"2,4-Di-tert-butylphenol",91.9778110748605,True,C14H22O,sample,JAERLA.csv
18.7512833333333,Hexadecane,92.3799974540381,True,C16H34,sample,JAERLA.csv
19.3139833333333,Benzophenone,95.4673513582492,True,C13H10O,sample,JAERLA.csv
2.1859,"2-Propanone, 1-methoxy-",90.3862052537125,True,C4H8O2,sample,SARPO MIRA.csv
2.90291666666667,"Butanal, 3-methyl-",91.0556086024388,True,C5H10O,sample,SARPO MIRA.csv
4.0733,"Disulfide, dimethyl",96.8094401626487,True,C2H6S2,sample,SARPO MIRA.csv
5.2855,Hexanal,95.233062292336,True,C6H12O,sample,SARPO MIRA.csv
5.88676666666667,"Cyclotrisiloxane, hexamethyl-",97.8442644468765,True,C6H18O3Si3,sample,SARPO MIRA.csv
9.31755,Benzaldehyde,97.1809254814856,True,C7H6O,sample,SARPO MIRA.csv
9.52655,Dimethyl trisulfide,93.7357463032703,True,C2H6S3,sample,SARPO MIRA.csv
9.97348333333333,"Furan, 2-pentyl-",94.6169220875779,True,C9H14O,sample,SARPO MIRA.csv
10.09245,"Cyclotetrasiloxane, octamethyl-",95.8785990248892,True,C8H24O4Si4,sample,SARPO MIRA.csv
10.19535,Octanal,96.9784226394945,True,C8H16O,sample,SARPO MIRA.csv
10.6969333333333,"1-Hexanol, 2-ethyl-",97.51593818533,True,C8H18O,sample,SARPO MIRA.csv
11.4557666666667,Acetophenone,92.3753904810251,True,C8H8O,sample,SARPO MIRA.csv
12.0795333333333,Nonanal,98.9925937470115,True,C9H18O,sample,SARPO MIRA.csv
13.5971833333333,Dodecane,93.4536523792789,True,C12H26,sample,SARPO MIRA.csv
13.7065166666667,Decanal,98.494636170371,True,C10H20O,sample,SARPO MIRA.csv
15.0408833333333,Tridecane,91.0455889714467,True,C13H28,sample,SARPO MIRA.csv
16.3624,Tetradecane,97.4164312884168,True,C14H30,sample,SARPO MIRA.csv
16.5874666666667,"2,4,7,9-Tetramethyl-5-decyn-4,7-diol",93.4431737627811,True,C14H26O2,sample,SARPO MIRA.csv
16.8254,"Nonanoic acid, 9-oxo-, methyl ester",90.6574573151859,True,C10H18O3,sample,SARPO MIRA.csv
17.69355,"Octane, 1,1'-oxybis-",90.675288254375,True,C16H34O,sample,SARPO MIRA.csv
18.6710166666667,1-Octadecanol,91.4361888836434,True,C18H38O,sample,SARPO MIRA.csv
18.7514,Hexadecane,98.0740666650128,True,C16H34,sample,SARPO MIRA.csv
19.3108666666667,Benzophenone,95.8064470569633,True,C13H10O,sample,SARPO MIRA.csv
2.18268333333333,"2-Propanone, 1-methoxy-",90.1890664407337,True,C4H8O2,sample,VAN GOGH.csv
2.89648333333333,"Butanal, 3-methyl-",94.8218315366566,True,C5H10O,sample,VAN GOGH.csv
4.06686666666667,"Disulfide, dimethyl",94.7450297883724,True,C2H6S2,sample,VAN GOGH.csv
5.88342288965105,"Cyclotrisiloxane, hexamethyl-",97.9542047819178,True,C6H18O3Si3,sample,VAN GOGH.csv
9.31111666666667,Benzaldehyde,98.610797402598,True,C7H6O,sample,VAN GOGH.csv
9.52333333333333,Dimethyl trisulfide,94.0012813726528,True,C2H6S3,sample,VAN GOGH.csv
9.73875,Phenol,91.2184068421145,True,C6H6O,sample,VAN GOGH.csv
9.97026666666667,"Furan, 2-pentyl-",93.1688937521383,True,C9H14O,sample,VAN GOGH.csv
10.09245,"Cyclotetrasiloxane, octamethyl-",96.0833329836402,True,C8H24O4Si4,sample,VAN GOGH.csv
10.1957364362022,Octanal,96.8464478705566,True,C8H16O,sample,VAN GOGH.csv
10.6969333333333,"1-Hexanol, 2-ethyl-",97.591895132466,True,C8H18O,sample,VAN GOGH.csv
11.4493333333333,Acetophenone,96.2641196432889,True,C8H8O,sample,VAN GOGH.csv
12.0795333333333,Nonanal,98.9473084743557,True,C9H18O,sample,VAN GOGH.csv
13.3367333333333,Benzoic acid,96.6463303046886,True,C7H6O2,sample,VAN GOGH.csv
13.5939666666667,Dodecane,92.8925844792649,True,C12H26,sample,VAN GOGH.csv
13.7065,Decanal,98.5746790395621,True,C10H20O,sample,VAN GOGH.csv
15.0376666666667,Tridecane,93.6980280297571,True,C13H28,sample,VAN GOGH.csv
16.3623833333333,Tetradecane,97.5651165130692,True,C14H30,sample,VAN GOGH.csv
16.5874666666667,"2,4,7,9-Tetramethyl-5-decyn-4,7-diol",93.5513479733297,True,C14H26O2,sample,VAN GOGH.csv
17.69355,"Octane, 1,1'-oxybis-",90.3718443713211,True,C16H34O,sample,VAN GOGH.csv
18.15655,Phenylmaleic anhydride,95.2631248855542,True,C10H6O3,sample,VAN GOGH.csv
18.6710166666667,Trifluoroacetoxy hexadecane,91.9236772996706,True,C18H33F3O2,sample,VAN GOGH.csv
18.7514,Hexadecane,98.1125000508085,True,C16H34,sample,VAN GOGH.csv
19.3108666666667,Benzophenone,96.9270283824767,True,C13H10O,sample,VAN GOGH.csv
1.9957458731143,Sulfur dioxide,94.3097565536797,True,O2S,sample,ALTUS.csv
2.01306687810509,Propene,95.9509669588871,True,C3H6,sample,ALTUS.csv
2.18143446042587,"2-Propanone, 1-methoxy-",92.827301195353,True,C4H8O2,sample,ALTUS.csv
2.18830628139749,"Diazene, dimethyl-",92.7867803304562,True,C2H6N2,sample,ALTUS.csv
2.46346479897378,Ammonium acetate,92.3297464511562,True,C2H7NO2,sample,ALTUS.csv
2.52017328481791,n-Hexane,97.0031529565598,True,C6H14,sample,ALTUS.csv
2.61178585560923,"Furan, 3-methyl-",93.3929023845925,True,C5H6O,sample,ALTUS.csv
2.89960413096503,"Butanal, 3-methyl-",96.3729474520662,True,C5H10O,sample,ALTUS.csv
3.90433095530521,Propylene Glycol,90.6771820811509,True,C3H8O2,sample,ALTUS.csv
4.06915750143046,"Disulfide, dimethyl",96.7484331288273,True,C2H6S2,sample,ALTUS.csv
4.51045029093211,Toluene,91.7949686868749,True,C7H8,sample,ALTUS.csv
4.73640046768992,"Butanoic acid, 2-methyl-, methyl ester",93.4282885556809,True,C6H12O2,sample,ALTUS.csv
5.88440564450435,"Cyclotrisiloxane, hexamethyl-",98.3708871990164,True,C6H18O3Si3,sample,ALTUS.csv
7.14576796869927,"Benzene, 1,3-dimethyl-",94.0227174212773,True,C8H10,sample,ALTUS.csv
7.33419499326027,Phenylethyne,94.1520351739334,True,C8H6,sample,ALTUS.csv
7.68337717025882,Styrene,94.446911326734,True,C8H8,sample,ALTUS.csv
7.9374949950859,Heptanal,95.8919641169079,True,C7H14O,sample,ALTUS.csv
8.71938588096494,"Tricyclo[2.2.1.0(2,6)]heptane, 1,3,3-trimethyl-",95.5958827570845,True,C10H16,sample,ALTUS.csv
9.06316743570531,Camphene,94.026675129611,True,C10H16,sample,ALTUS.csv
9.31351093984436,Benzaldehyde,99.0840120531044,True,C7H6O,sample,ALTUS.csv
9.52562455499367,Dimethyl trisulfide,97.2852020658675,True,C2H6S3,sample,ALTUS.csv
9.74478290372598,Phenol,97.4516433632172,True,C6H6O,sample,ALTUS.csv
9.84522548126451,Benzonitrile,94.5006719588457,True,C7H5N,sample,ALTUS.csv
9.87776644590943,"5-Hepten-2-one, 6-methyl-",92.1942297530174,True,C8H14O,sample,ALTUS.csv
10.0925629252753,"Cyclotetrasiloxane, octamethyl-",96.3734326097175,True,C8H24O4Si4,sample,ALTUS.csv
10.1239193755205,Decane,91.3500660723359,True,C10H22,sample,ALTUS.csv
10.1948648561994,Octanal,99.6132522153599,True,C8H16O,sample,ALTUS.csv
10.3718018395643,3-Carene,90.1504746588453,True,C10H16,sample,ALTUS.csv
10.6965135509653,"1-Hexanol, 2-ethyl-",98.6177853709754,True,C8H18O,sample,ALTUS.csv
10.7969147982808,Eucalyptol,96.866332395305,True,C10H18O,sample,ALTUS.csv
11.4482083699685,Acetophenone,98.0086201320381,True,C8H8O,sample,ALTUS.csv
11.9649088866892,"Benzoic acid, methyl ester",96.4129481041045,True,C8H8O2,sample,ALTUS.csv
12.077816782362,Nonanal,99.5246566519248,True,C9H18O,sample,ALTUS.csv
12.5559269036266,1-Nonanol,92.6783150758225,True,C9H20O,sample,ALTUS.csv
13.1533440808007,Decanal,92.491112146399,True,C10H20O,sample,ALTUS.csv
13.5952497024413,Dodecane,95.4399352235841,True,C12H26,sample,ALTUS.csv
13.6413443944205,Benzoic acid,96.519105809659,True,C7H6O2,sample,ALTUS.csv
13.7085511637286,Decanal,98.8930943067841,True,C10H20O,sample,ALTUS.csv
14.5457929928984,"2-Decenal, (E)-",92.5385869197562,True,C10H18O,sample,ALTUS.csv
15.0381787690657,Tridecane,97.2013628869317,True,C13H28,sample,ALTUS.csv
15.4129845682444,"1,2-Benzenedicarboxylic acid",97.8477228158894,True,C8H6O4,sample,ALTUS.csv
16.2816171398883,"Naphthalene, 2-ethenyl-",90.7278489716742,True,C12H10,sample,ALTUS.csv
16.3604437719113,Tetradecane,98.7319343476198,True,C14H30,sample,ALTUS.csv
16.5908868581017,"2,4,7,9-Tetramethyl-5-decyn-4,7-diol",91.1806709898783,True,C14H26O2,sample,ALTUS.csv
17.0937779739406,"Naphthalene, 1,3-dimethyl-",91.1949608624311,True,C12H12,sample,ALTUS.csv
17.164256846462,Dimethyl phthalate,92.5257336144103,True,C10H10O4,sample,ALTUS.csv
17.2943025276369,n-Tridecan-1-ol,91.5305997956857,True,C13H28O,sample,ALTUS.csv
17.5906194035185,Pentadecane,95.7135715119581,True,C15H32,sample,ALTUS.csv
17.6920209849166,"Carbonic acid, bis(2-ethylhexyl) ester",93.7724144710852,True,C17H34O3,sample,ALTUS.csv
18.1578049041685,Phenylmaleic anhydride,98.1178132648166,True,C10H6O3,sample,ALTUS.csv
18.6697954742307,Cyclohexadecane,97.0809860796105,True,C16H32,sample,ALTUS.csv
18.7511198068279,Hexadecane,98.810888146677,True,C16H34,sample,ALTUS.csv
18.8092147768044,Diethyl Phthalate,97.2985885302873,True,C12H14O4,sample,ALTUS.csv
18.8264105021255,"2,2,4-Trimethyl-1,3-pentanediol diisobutyrate",97.7457149412504,True,C16H30O4,sample,ALTUS.csv
19.0527816901773,"Dodecanoic acid, 1-methylethyl ester",95.6164771549354,True,C15H30O2,sample,ALTUS.csv
19.3103686285223,Benzophenone,98.5535984600927,True,C13H10O,sample,ALTUS.csv
19.5905401307218,"Benzoic acid, phenyl ester",95.3299565270482,True,C13H10O2,sample,ALTUS.csv
19.7740529029603,1-Dodecanol,95.4076647395642,True,C12H26O,sample,ALTUS.csv
19.913406918042,"Pentadecane, 2,6,10,14-tetramethyl-",93.4925605482311,True,C19H40,sample,ALTUS.csv
21.0306144104082,"Carbonic acid, bis(2-ethylhexyl) ester",95.921157671279,True,C17H34O3,sample,ALTUS.csv
21.4726061307593,10-Methylanthracene-9-carboxaldehyde,92.3290614771637,True,C16H12O,sample,ALTUS.csv
22.5403007065128,"Nonadecane, 3-methyl-",91.7274393565371,True,C20H42,sample,ALTUS.csv
22.7976588121133,Eicosane,99.1835815604428,True,C20H42,sample,ALTUS.csv
2.18598333333333,"2-Propanone, 1-methoxy-",91.9205084250044,True,C4H8O2,sample,ARDECHE.csv
2.90301666666667,"Butanal, 3-methyl-",91.6490845372488,True,C5H10O,sample,ARDECHE.csv
4.07018333333333,"Disulfide, dimethyl",92.7944668905982,True,C2H6S2,sample,ARDECHE.csv
5.2888,Hexanal,93.5292007527754,True,C6H12O,sample,ARDECHE.csv
5.88686666666667,"Cyclotrisiloxane, hexamethyl-",98.001289534716,True,C6H18O3Si3,sample,ARDECHE.csv
9.31765,Benzaldehyde,97.6235768773644,True,C7H6O,sample,ARDECHE.csv
9.52663333333333,Dimethyl trisulfide,93.5132099380965,True,C2H6S3,sample,ARDECHE.csv
9.76136666666667,Phenol,92.9779615552407,True,C6H6O,sample,ARDECHE.csv
9.97036666666667,"Furan, 2-pentyl-",94.909743185248,True,C9H14O,sample,ARDECHE.csv
10.0931971162174,"Cyclotetrasiloxane, octamethyl-",96.1700483813828,True,C8H24O4Si4,sample,ARDECHE.csv
10.1954333333333,Octanal,96.5467353767611,True,C8H16O,sample,ARDECHE.csv
10.6970333333333,"1-Hexanol, 2-ethyl-",97.1416307052779,True,C8H18O,sample,ARDECHE.csv
10.7967,Eucalyptol,91.4476260011755,True,C10H18O,sample,ARDECHE.csv
12.0796333333333,Nonanal,98.8924765430647,True,C9H18O,sample,ARDECHE.csv
13.5972833333333,Dodecane,94.1282863578158,True,C12H26,sample,ARDECHE.csv
13.7066,Decanal,98.4331777417958,True,C10H20O,sample,ARDECHE.csv
15.0377666666667,Tridecane,93.128003085981,True,C13H28,sample,ARDECHE.csv
16.3624833333333,Tetradecane,96.7888921329033,True,C14H30,sample,ARDECHE.csv
16.5875666666667,"2,4,7,9-Tetramethyl-5-decyn-4,7-diol",91.3173922502031,True,C14H26O2,sample,ARDECHE.csv
17.6904333333333,"Octane, 1,1'-oxybis-",90.1181969339669,True,C16H34O,sample,ARDECHE.csv
17.7901,"2,4-Di-tert-butylphenol",91.0537745107718,True,C14H22O,sample,ARDECHE.csv
18.6711166666667,1-Nonadecene,92.578457854644,True,C19H38,sample,ARDECHE.csv
18.7515,Hexadecane,97.7684997301147,True,C16H34,sample,ARDECHE.csv
19.3109666666667,Benzophenone,95.8227731171826,True,C13H10O,sample,ARDECHE.csv
22.7996166666667,Eicosane,90.0115905272232,True,C20H42,sample,ARDECHE.csv
2.18595,"2-Propanone, 1-methoxy-",91.1060559766449,True,C4H8O2,sample,EL MUNDO.csv
2.89976666666667,"Butanal, 3-methyl-",96.3359646656982,True,C5H10O,sample,EL MUNDO.csv
4.07015,"Disulfide, dimethyl",95.7310352810516,True,C2H6S2,sample,EL MUNDO.csv
5.88683333333333,"Cyclotrisiloxane, hexamethyl-",97.711311946649,True,C6H18O3Si3,sample,EL MUNDO.csv
7.93821666666667,Heptanal,90.0962644292913,True,C7H14O,sample,EL MUNDO.csv
9.31914398605512,Benzaldehyde,98.1112549660499,True,C7H6O,sample,EL MUNDO.csv
9.75058248820868,Phenol,91.9488077227058,True,C6H6O,sample,EL MUNDO.csv
10.0925166666667,"Cyclotetrasiloxane, octamethyl-",93.7406967999349,True,C8H24O4Si4,sample,EL MUNDO.csv
10.1954,Octanal,97.1858535115078,True,C8H16O,sample,EL MUNDO.csv
10.697,"1-Hexanol, 2-ethyl-",97.2520181351041,True,C8H18O,sample,EL MUNDO.csv
10.7966666666667,Eucalyptol,94.9416483510056,True,C10H18O,sample,EL MUNDO.csv
11.4526,Acetophenone,97.3322602735318,True,C8H8O,sample,EL MUNDO.csv
12.0796,Nonanal,98.7321097207379,True,C9H18O,sample,EL MUNDO.csv
13.7097833333333,Decanal,97.3063155383649,True,C10H20O,sample,EL MUNDO.csv
14.2596166666667,"2-Propanol, 1-(2-butoxy-1-methylethoxy)-",92.0450377165672,True,C10H22O3,sample,EL MUNDO.csv
15.4139166666667,Phthalic anhydride,93.3836237577157,True,C8H4O3,sample,EL MUNDO.csv
16.3592333333333,Tetradecane,92.0243072016157,True,C14H30,sample,EL MUNDO.csv
17.2916833333333,"3-Eicosene, (E)-",90.4667634841372,True,C20H40,sample,EL MUNDO.csv
17.7900666666667,"2,4-Di-tert-butylphenol",92.2748616176865,True,C14H22O,sample,EL MUNDO.csv
18.1566166666667,Phenylmaleic anhydride,95.4271594670324,True,C10H6O3,sample,EL MUNDO.csv
18.74825,Hexadecane,94.7673550702921,True,C16H34,sample,EL MUNDO.csv
19.3109333333333,Benzophenone,97.4723780957287,True,C13H10O,sample,EL MUNDO.csv
22.7963833333333,Eicosane,92.2339601013388,True,C20H42,sample,EL MUNDO.csv
2.1892,"2-Propanone, 1-methoxy-",91.2397066413456,True,C4H8O2,sample,FABULA.csv
2.8998,"Butanal, 3-methyl-",97.3103417690098,True,C5H10O,sample,FABULA.csv
4.07018333333333,"Disulfide, dimethyl",96.0166939932509,True,C2H6S2,sample,FABULA.csv
5.28558333333333,Hexanal,93.0798560302888,True,C6H12O,sample,FABULA.csv
5.88686666666667,"Cyclotrisiloxane, hexamethyl-",97.1602650325204,True,C6H18O3Si3,sample,FABULA.csv
7.93825,Heptanal,91.4724703095112,True,C7H14O,sample,FABULA.csv
9.32097292960808,Benzaldehyde,98.1869410502518,True,C7H6O,sample,FABULA.csv
9.52663333333333,Dimethyl trisulfide,90.8849034912482,True,C2H6S3,sample,FABULA.csv
9.75171666666667,Phenol,96.7781834967932,True,C6H6O,sample,FABULA.csv
9.97036666666667,"Furan, 2-pentyl-",94.7584380042951,True,C9H14O,sample,FABULA.csv
10.0957666666667,"Cyclotetrasiloxane, octamethyl-",92.0701401241312,True,C8H24O4Si4,sample,FABULA.csv
10.19865,Octanal,96.9245893433772,True,C8H16O,sample,FABULA.csv
10.6970333333333,"1-Hexanol, 2-ethyl-",97.1601296473887,True,C8H18O,sample,FABULA.csv
11.4526333333333,Acetophenone,96.9902138527087,True,C8H8O,sample,FABULA.csv
12.0796333333333,Nonanal,98.7088306175951,True,C9H18O,sample,FABULA.csv
13.5104666666667,Benzoic acid,94.3571509389029,True,C7H6O2,sample,FABULA.csv
13.7098166666667,Decanal,98.0600585676479,True,C10H20O,sample,FABULA.csv
15.41395,Phthalic anhydride,93.8849395273238,True,C8H4O3,sample,FABULA.csv
16.3592666666667,Tetradecane,93.6395833630092,True,C14H30,sample,FABULA.csv
17.7901,"2,4-Di-tert-butylphenol",91.6979596065896,True,C14H22O,sample,FABULA.csv
18.1598666666667,Phenylmaleic anhydride,94.2266606605743,True,C10H6O3,sample,FABULA.csv
18.7482833333333,Hexadecane,94.4805903264809,True,C16H34,sample,FABULA.csv
19.3109666666667,Benzophenone,97.2483167667901,True,C13H10O,sample,FABULA.csv
21.0215333333333,"Carbonic acid, 2-ethylhexyl octyl ester",91.4991213003659,True,C17H34O3,sample,FABULA.csv
22.7996166666667,Eicosane,90.4471025740371,True,C20H42,sample,FABULA.csv
2.18915,"2-Propanone, 1-methoxy-",91.2293752380384,True,C4H8O2,sample,FONTANE.csv
2.89975,"Butanal, 3-methyl-",95.0692070616242,True,C5H10O,sample,FONTANE.csv
3.31773333333333,Pentanal,90.7339984956216,True,C5H10O,sample,FONTANE.csv
4.07013333333333,"Disulfide, dimethyl",90.6405952006549,True,C2H6S2,sample,FONTANE.csv
5.8868,"Cyclotrisiloxane, hexamethyl-",97.629766959261,True,C6H18O3Si3,sample,FONTANE.csv
7.68418333333333,Styrene,90.8876740406569,True,C8H8,sample,FONTANE.csv
7.9382,Heptanal,90.3745818717117,True,C7H14O,sample,FONTANE.csv
9.31436666666667,Benzaldehyde,98.0531911696906,True,C7H6O,sample,FONTANE.csv
9.75973787207525,Phenol,93.7845865068401,True,C6H6O,sample,FONTANE.csv
10.0957,"Cyclotetrasiloxane, octamethyl-",95.0302750908222,True,C8H24O4Si4,sample,FONTANE.csv
10.7034,"1-Hexanol, 2-ethyl-",97.6080399124619,True,C8H18O,sample,FONTANE.csv
10.79665,Eucalyptol,90.1732921992999,True,C10H18O,sample,FONTANE.csv
12.0828,Nonanal,98.7818279531884,True,C9H18O,sample,FONTANE.csv
13.47505,"Ethanol, 1-(2-butoxyethoxy)-",95.2174577745136,True,C8H18O3,sample,FONTANE.csv
13.7097666666667,Decanal,96.5525112775081,True,C10H20O,sample,FONTANE.csv
13.9862833333333,"Ethanol, 2-phenoxy-",93.1876634782601,True,C8H10O2,sample,FONTANE.csv
14.2595833333333,"2-Propanol, 1-(2-butoxy-1-methylethoxy)-",92.3200702485122,True,C10H22O3,sample,FONTANE.csv
14.3303333333333,"2-Propanol, 1-(2-butoxy-1-methylethoxy)-",92.775295600607,True,C10H22O3,sample,FONTANE.csv
15.4975,Methyl 8-oxooctanoate,93.5154591541486,True,C9H16O3,sample,FONTANE.csv
15.67435,Triacetin,91.7623402720109,True,C9H14O6,sample,FONTANE.csv
15.9155,"Ethanol, 2-(2-butoxyethoxy)-, acetate",91.3857551406374,True,C10H20O4,sample,FONTANE.csv
16.6132333333333,"2,4,7,9-Tetramethyl-5-decyn-4,7-diol",97.2744407924782,True,C14H26O2,sample,FONTANE.csv
16.82865,"Nonanoic acid, 9-oxo-, methyl ester",95.8718891458042,True,C10H18O3,sample,FONTANE.csv
17.3013166666667,n-Tridecan-1-ol,93.5050618601471,True,C13H28O,sample,FONTANE.csv
18.4942166666667,n-Tridecan-1-ol,93.9248704824324,True,C13H28O,sample,FONTANE.csv
18.6742666666667,1-Octadecanol,92.9725836336566,True,C18H38O,sample,FONTANE.csv
18.7578666666667,Hexadecane,97.6746139378427,True,C16H34,sample,FONTANE.csv
19.0536833333333,"Dodecanoic acid, 1-methylethyl ester",94.8677741643861,True,C15H30O2,sample,FONTANE.csv
19.32055,Benzophenone,97.865559747658,True,C13H10O,sample,FONTANE.csv
19.8478833333333,Heptadecane,90.5433260831833,True,C17H36,sample,FONTANE.csv
20.49095,Tetradecanoic acid,94.5357033310055,True,C14H28O2,sample,FONTANE.csv
1.98651666666667,L-Cysteine sulfinic acid,91.5672623030421,True,C3H7NO4S,sample,JENNIFER.csv
2.89968333333333,"Butanal, 3-methyl-",97.2767058314419,True,C5H10O,sample,JENNIFER.csv
4.07006666666667,"Disulfide, dimethyl",94.6674691362475,True,C2H6S2,sample,JENNIFER.csv
5.28602461772753,Hexanal,90.0966472230636,True,C6H12O,sample,JENNIFER.csv
5.88673333333333,"Cyclotrisiloxane, hexamethyl-",97.252010986363,True,C6H18O3Si3,sample,JENNIFER.csv
7.68411666666667,Styrene,90.1355043765776,True,C8H8,sample,JENNIFER.csv
7.93491666666667,Heptanal,90.7849276740691,True,C7H14O,sample,JENNIFER.csv
9.31431666666667,Benzaldehyde,97.8670831777839,True,C7H6O,sample,JENNIFER.csv
9.7516,Phenol,96.9111692891724,True,C6H6O,sample,JENNIFER.csv
9.97023333333333,"Furan, 2-pentyl-",92.7598694982192,True,C9H14O,sample,JENNIFER.csv
10.0924166666667,"Cyclotetrasiloxane, octamethyl-",90.7390753585165,True,C8H24O4Si4,sample,JENNIFER.csv
10.7001333333333,"1-Hexanol, 2-ethyl-",97.6959149947137,True,C8H18O,sample,JENNIFER.csv
11.452730916164,Acetophenone,96.9793473573506,True,C8H8O,sample,JENNIFER.csv
12.0793095892,Nonanal,98.7647657357273,True,C9H18O,sample,JENNIFER.csv
13.7064833333333,Decanal,96.5702284529125,True,C10H20O,sample,JENNIFER.csv
13.9862166666667,"Ethanol, 2-phenoxy-",93.4525985496952,True,C8H10O2,sample,JENNIFER.csv
14.2627333333333,"2-Propanol, 1-(2-butoxy-1-methylethoxy)-",91.7248875594157,True,C10H22O3,sample,JENNIFER.csv
14.3334833333333,"2-Propanol, 1-(2-butoxy-1-methylethoxy)-",91.9640194477426,True,C10H22O3,sample,JENNIFER.csv
16.3623666666667,Tetradecane,95.0968969462367,True,C14H30,sample,JENNIFER.csv
16.60995,"2,4,7,9-Tetramethyl-5-decyn-4,7-diol",97.501314938883,True,C14H26O2,sample,JENNIFER.csv
17.30125,n-Tridecan-1-ol,93.2455037399174,True,C13H28O,sample,JENNIFER.csv
18.15975,Phenylmaleic anhydride,91.8535271649151,True,C10H6O3,sample,JENNIFER.csv
18.49415,n-Tridecan-1-ol,90.6342291454337,True,C13H28O,sample,JENNIFER.csv
18.6742,1-Nonadecene,92.7110143633916,True,C19H38,sample,JENNIFER.csv
18.7545833333333,Hexadecane,97.6538592183987,True,C16H34,sample,JENNIFER.csv
18.8317666666667,"2,2,4-Trimethyl-1,3-pentanediol diisobutyrate",90.7278643460599,True,C16H30O4,sample,JENNIFER.csv
19.0504,"Dodecanoic acid, 1-methylethyl ester",95.6678916250115,True,C15H30O2,sample,JENNIFER.csv
19.3140666666667,Benzophenone,98.156167530743,True,C13H10O,sample,JENNIFER.csv
19.8478166666667,Heptadecane,90.8428439248048,True,C17H36,sample,JENNIFER.csv
2.19455904343607,"2-Propanone, 1-methoxy-",91.0467363830951,True,C4H8O2,sample,RED SCARLETT.csv
2.89968333333333,"Butanal, 3-methyl-",97.0906378043605,True,C5H10O,sample,RED SCARLETT.csv
4.07008333333333,"Disulfide, dimethyl",90.6413905290378,True,C2H6S2,sample,RED SCARLETT.csv
5.28548333333333,Hexanal,90.26728067902,True,C6H12O,sample,RED SCARLETT.csv
5.88675,"Cyclotrisiloxane, hexamethyl-",97.8149804391491,True,C6H18O3Si3,sample,RED SCARLETT.csv
9.31431666666667,Benzaldehyde,97.6069913767914,True,C7H6O,sample,RED SCARLETT.csv
9.76740865030707,Phenol,93.9608533080134,True,C6H6O,sample,RED SCARLETT.csv
9.97025,"Furan, 2-pentyl-",93.8200709943865,True,C9H14O,sample,RED SCARLETT.csv
10.0924333333333,"Cyclotetrasiloxane, octamethyl-",94.773952816346,True,C8H24O4Si4,sample,RED SCARLETT.csv
10.70335,"1-Hexanol, 2-ethyl-",97.624392063301,True,C8H18O,sample,RED SCARLETT.csv
11.4600365751609,Acetophenone,91.6033418720875,True,C8H8O,sample,RED SCARLETT.csv
12.0827333333333,Nonanal,98.7058952377289,True,C9H18O,sample,RED SCARLETT.csv
13.4782,"Ethanol, 1-(2-butoxyethoxy)-",95.6611922754374,True,C8H18O3,sample,RED SCARLETT.csv
13.5971666666667,Dodecane,91.7010232889737,True,C12H26,sample,RED SCARLETT.csv
13.7097166666667,Decanal,97.0020657491698,True,C10H20O,sample,RED SCARLETT.csv
13.9862333333333,"Ethanol, 2-phenoxy-",94.0022878700804,True,C8H10O2,sample,RED SCARLETT.csv
14.26275,"2-Propanol, 1-(2-butoxy-1-methylethoxy)-",92.0189457515485,True,C10H22O3,sample,RED SCARLETT.csv
14.3302666666667,"2-Propanol, 1-(2-butoxy-1-methylethoxy)-",92.4926067242951,True,C10H22O3,sample,RED SCARLETT.csv
15.49745,Methyl 8-oxooctanoate,93.2340952419325,True,C9H16O3,sample,RED SCARLETT.csv
15.6742833333333,Triacetin,91.8208885051141,True,C9H14O6,sample,RED SCARLETT.csv
16.6099666666667,"2,4,7,9-Tetramethyl-5-decyn-4,7-diol",97.3391797685265,True,C14H26O2,sample,RED SCARLETT.csv
16.8286,"Nonanoic acid, 9-oxo-, methyl ester",95.5273939192319,True,C10H18O3,sample,RED SCARLETT.csv
17.29805,n-Tridecan-1-ol,93.4634060841421,True,C13H28O,sample,RED SCARLETT.csv
17.7964166666667,"2,4-Di-tert-butylphenol",90.4309740421263,True,C14H22O,sample,RED SCARLETT.csv
18.4909333333333,n-Tridecan-1-ol,93.5754165793367,True,C13H28O,sample,RED SCARLETT.csv
18.6742166666667,1-Octadecanol,93.8324563632404,True,C18H38O,sample,RED SCARLETT.csv
18.7578166666667,Hexadecane,97.3717536489498,True,C16H34,sample,RED SCARLETT.csv
19.0536333333333,"Dodecanoic acid, 1-methylethyl ester",96.1277673606217,True,C15H30O2,sample,RED SCARLETT.csv
19.3205,Benzophenone,97.954077319767,True,C13H10O,sample,RED SCARLETT.csv
19.8446,Heptadecane,91.6315507103145,True,C17H36,sample,RED SCARLETT.csv
2.19407061122706,"2-Propanone, 1-methoxy-",93.9891203789454,True,C4H8O2,sample,RUSSET BURBANK.csv
2.52016666666667,n-Hexane,92.944782734978,True,C6H14,sample,RUSSET BURBANK.csv
2.9028,"Butanal, 3-methyl-",96.0838094050905,True,C5H10O,sample,RUSSET BURBANK.csv
4.06996666666667,"Disulfide, dimethyl",94.5646103221505,True,C2H6S2,sample,RUSSET BURBANK.csv
5.28858333333333,Hexanal,91.9227620699525,True,C6H12O,sample,RUSSET BURBANK.csv
5.8853959465304,"Cyclotrisiloxane, hexamethyl-",97.9823707274047,True,C6H18O3Si3,sample,RUSSET BURBANK.csv
7.14385,p-Xylene,95.0280377524748,True,C8H10,sample,RUSSET BURBANK.csv
9.32748539665016,Benzaldehyde,96.7175728646168,True,C7H6O,sample,RUSSET BURBANK.csv
9.52641666666667,Dimethyl trisulfide,92.4120407804499,True,C2H6S3,sample,RUSSET BURBANK.csv
9.76436666666667,Phenol,93.3063222434694,True,C6H6O,sample,RUSSET BURBANK.csv
9.97335,"Furan, 2-pentyl-",95.1369617302149,True,C9H14O,sample,RUSSET BURBANK.csv
10.0923333333333,"Cyclotetrasiloxane, octamethyl-",96.1108115619567,True,C8H24O4Si4,sample,RUSSET BURBANK.csv
10.1984333333333,Octanal,95.8000329634549,True,C8H16O,sample,RUSSET BURBANK.csv
10.699196413952,"1-Hexanol, 2-ethyl-",97.4958059225663,True,C8H18O,sample,RUSSET BURBANK.csv
10.7964833333333,Eucalyptol,91.5954616646633,True,C10H18O,sample,RUSSET BURBANK.csv
11.45885,Acetophenone,90.8483607177453,True,C8H8O,sample,RUSSET BURBANK.csv
12.0794166666667,Nonanal,98.599659330391,True,C9H18O,sample,RUSSET BURBANK.csv
13.5970666666667,Dodecane,93.0703205016642,True,C12H26,sample,RUSSET BURBANK.csv
13.7096,Decanal,98.4523568137587,True,C10H20O,sample,RUSSET BURBANK.csv
15.04075,Tridecane,92.5787438799395,True,C13H28,sample,RUSSET BURBANK.csv
16.3622666666667,Tetradecane,96.5278542303591,True,C14H30,sample,RUSSET BURBANK.csv
16.58735,"2,4,7,9-Tetramethyl-5-decyn-4,7-diol",93.9894362168246,True,C14H26O2,sample,RUSSET BURBANK.csv
17.0953666666667,"Naphthalene, 1,3-dimethyl-",96.8755457854997,True,C12H12,sample,RUSSET BURBANK.csv
17.7931,"2,4-Di-tert-butylphenol",90.2642418170099,True,C14H22O,sample,RUSSET BURBANK.csv
18.6709,1-Nonadecene,90.9563045440541,True,C19H38,sample,RUSSET BURBANK.csv
18.7512833333333,Hexadecane,97.8995523712656,True,C16H34,sample,RUSSET BURBANK.csv
19.3139666666667,Benzophenone,93.3566536395681,True,C13H10O,sample,RUSSET BURBANK.csv
2.18583333333333,"2-Propanone, 1-methoxy-",94.2301328021623,True,C4H8O2,sample,SUNDANCE.csv
2.89965,"Butanal, 3-methyl-",96.7883100834057,True,C5H10O,sample,SUNDANCE.csv
5.28587025637822,Hexanal,92.7825522090198,True,C6H12O,sample,SUNDANCE.csv
5.8835,"Cyclotrisiloxane, hexamethyl-",97.823476863611,True,C6H18O3Si3,sample,SUNDANCE.csv
9.32185902703024,Benzaldehyde,97.6104620691976,True,C7H6O,sample,SUNDANCE.csv
9.52328333333333,Dimethyl trisulfide,91.0691857555807,True,C2H6S3,sample,SUNDANCE.csv
9.76697361869027,Phenol,92.3674482389868,True,C6H6O,sample,SUNDANCE.csv
9.967,"Furan, 2-pentyl-",93.4111392405908,True,C9H14O,sample,SUNDANCE.csv
10.0891833333333,"Cyclotetrasiloxane, octamethyl-",95.8385765327163,True,C8H24O4Si4,sample,SUNDANCE.csv
10.1952833333333,Octanal,95.3463320594858,True,C8H16O,sample,SUNDANCE.csv
10.7065333333333,"1-Hexanol, 2-ethyl-",97.3097876135768,True,C8H18O,sample,SUNDANCE.csv
10.8029833333333,Eucalyptol,90.2612432041976,True,C10H18O,sample,SUNDANCE.csv
11.4589166666667,Acetophenone,92.2208776526316,True,C8H8O,sample,SUNDANCE.csv
12.0794833333333,Nonanal,98.8147784149112,True,C9H18O,sample,SUNDANCE.csv
13.2402333333333,Benzoic acid,92.0233823523619,True,C7H6O2,sample,SUNDANCE.csv
13.5939166666667,Dodecane,94.1483276043548,True,C12H26,sample,SUNDANCE.csv
13.70645,Decanal,96.6328145941263,True,C10H20O,sample,SUNDANCE.csv
15.0376166666667,Tridecane,90.5869519452398,True,C13H28,sample,SUNDANCE.csv
16.3591166666667,Tetradecane,97.1296194620964,True,C14H30,sample,SUNDANCE.csv
16.5874166666667,"2,4,7,9-Tetramethyl-5-decyn-4,7-diol",96.1082172551422,True,C14H26O2,sample,SUNDANCE.csv
18.6709666666667,1-Nonadecene,90.216525500412,True,C19H38,sample,SUNDANCE.csv
18.7481333333333,Hexadecane,97.9169792587125,True,C16H34,sample,SUNDANCE.csv
18.8253,"2,2,4-Trimethyl-1,3-pentanediol diisobutyrate",92.0575769927597,True,C16H30O4,sample,SUNDANCE.csv
19.3108166666667,Benzophenone,96.6255592422562,True,C13H10O,sample,SUNDANCE.csv
22.7962666666667,Eicosane,92.0503662145742,True,C20H42,sample,SUNDANCE.csv
23.02455,Isopropyl palmitate,93.2726476260259,True,C19H38O2,sample,SUNDANCE.csv
2.89,"Butanal, 3-methyl-",90.5157016161382,True,C5H10O,sample,ALTURAS.csv
5.26537091332493,Hexanal,93.2739064673745,True,C6H12O,sample,ALTURAS.csv
5.86741666666667,"Cyclotrisiloxane, hexamethyl-",97.1724861413642,True,C6H18O3Si3,sample,ALTURAS.csv
7.67127954957507,Styrene,93.47084912126,True,C8H8,sample,ALTURAS.csv
7.92201666666667,Heptanal,92.9862114436858,True,C7H14O,sample,ALTURAS.csv
9.31634427188598,Benzaldehyde,92.9325013484749,True,C7H6O,sample,ALTURAS.csv
9.8641,"5-Hepten-2-one, 6-methyl-",93.2652222352859,True,C8H14O,sample,ALTURAS.csv
10.08595,"Cyclotetrasiloxane, octamethyl-",95.9156162587426,True,C8H24O4Si4,sample,ALTURAS.csv
10.18885,Octanal,97.4610091934948,True,C8H16O,sample,ALTURAS.csv
10.7000833333333,"1-Hexanol, 2-ethyl-",97.2233109827532,True,C8H18O,sample,ALTURAS.csv
12.0762666666667,Nonanal,98.5741633483722,True,C9H18O,sample,ALTURAS.csv
12.6775333333333,Tetradecane,93.1856792024153,True,C14H30,sample,ALTURAS.csv
13.4235,"2,4,7,9-Tetramethyl-5-decyn-4,7-diol",97.05473913301,True,C14H26O2,sample,ALTURAS.csv
13.70645,Decanal,98.7204734113815,True,C10H20O,sample,ALTURAS.csv
13.9347333333333,"Nonanoic acid, 9-oxo-, methyl ester",92.443833354846,True,C10H18O3,sample,ALTURAS.csv
15.0343833333333,n-Tridecan-1-ol,91.5343603447361,True,C13H28O,sample,ALTURAS.csv
15.6485166666667,Pentadecane,96.1123537370099,True,C15H32,sample,ALTURAS.csv
16.5874,"2,4,7,9-Tetramethyl-5-decyn-4,7-diol",92.6936921504996,True,C14H26O2,sample,ALTURAS.csv
16.8253333333333,"Nonanoic acid, 9-oxo-, methyl ester",92.1916592659478,True,C10H18O3,sample,ALTURAS.csv
17.2915666666667,1-Tetradecanol,90.2810570274261,True,C14H30O,sample,ALTURAS.csv
17.6324,"2,2,4-Trimethyl-1,3-pentanediol diisobutyrate",91.9503199328629,True,C16H30O4,sample,ALTURAS.csv
18.2047333333333,Benzophenone,96.4979611816512,True,C13H10O,sample,ALTURAS.csv
18.7513333333333,Hexadecane,96.3479403911736,True,C16H34,sample,ALTURAS.csv
19.3108166666667,Benzophenone,95.9764371741681,True,C13H10O,sample,ALTURAS.csv
20.57445,"Heptadecane, 3-methyl-",90.8550648376336,True,C18H38,sample,ALTURAS.csv
20.8670333333333,Octadecane,97.5415951123328,True,C18H38,sample,ALTURAS.csv
20.9763666666667,"Carbonic acid, bis(2-ethylhexyl) ester",93.3595857560016,True,C17H34O3,sample,ALTURAS.csv
21.1242666666667,Isopropyl myristate,95.2838607780413,True,C17H34O2,sample,ALTURAS.csv
21.8573666666667,Nonadecane,93.6337440732213,True,C19H40,sample,ALTURAS.csv
2.89933333333333,"Butanal, 3-methyl-",96.1182989159892,True,C5H10O,sample,BARAKA.csv
4.06971666666667,"Disulfide, dimethyl",91.1411581916272,True,C2H6S2,sample,BARAKA.csv
5.8864,"Cyclotrisiloxane, hexamethyl-",97.8954659159852,True,C6H18O3Si3,sample,BARAKA.csv
7.93778333333333,Heptanal,92.3677543205334,True,C7H14O,sample,BARAKA.csv
9.3236,Benzaldehyde,96.1616993695285,True,C7H6O,sample,BARAKA.csv
9.52616666666667,Dimethyl trisulfide,91.7473501076345,True,C2H6S3,sample,BARAKA.csv
9.77696666666667,Phenol,91.1355520442163,True,C6H6O,sample,BARAKA.csv
9.9731,"Furan, 2-pentyl-",93.8289400775524,True,C9H14O,sample,BARAKA.csv
10.0920833333333,"Cyclotetrasiloxane, octamethyl-",96.0705133044838,True,C8H24O4Si4,sample,BARAKA.csv
10.1949666666667,Octanal,97.6682395366582,True,C8H16O,sample,BARAKA.csv
10.6997833333333,"1-Hexanol, 2-ethyl-",97.3774423124918,True,C8H18O,sample,BARAKA.csv
12.0791666666667,Nonanal,98.9826224436815,True,C9H18O,sample,BARAKA.csv
13.7061333333333,Decanal,98.4877973360866,True,C10H20O,sample,BARAKA.csv
18.7510333333333,Hexadecane,90.9762125584131,True,C16H34,sample,BARAKA.csv
19.3137166666667,Benzophenone,97.4105346054187,True,C13H10O,sample,BARAKA.csv
4.06998333333333,"Disulfide, dimethyl",92.5347662024111,True,C2H6S2,sample,ESCORT.csv
5.28538333333333,Hexanal,90.3504814435983,True,C6H12O,sample,ESCORT.csv
5.88345,"Cyclotrisiloxane, hexamethyl-",97.8179191236189,True,C6H18O3Si3,sample,ESCORT.csv
9.32892016378202,Benzaldehyde,95.0592110082355,True,C7H6O,sample,ESCORT.csv
10.09235,"Cyclotetrasiloxane, octamethyl-",96.1092179075483,True,C8H24O4Si4,sample,ESCORT.csv
10.1952333333333,Octanal,96.4713931886134,True,C8H16O,sample,ESCORT.csv
10.7000093678896,"1-Hexanol, 2-ethyl-",97.2106505888926,True,C8H18O,sample,ESCORT.csv
12.079641957215,Nonanal,98.7755100027141,True,C9H18O,sample,ESCORT.csv
13.7064,Decanal,97.9288968943679,True,C10H20O,sample,ESCORT.csv
18.7513,Hexadecane,92.4523766878927,True,C16H34,sample,ESCORT.csv
19.3139833333333,Benzophenone,96.9853290984255,True,C13H10O,sample,ESCORT.csv
2.19472634501156,"2-Propanone, 1-methoxy-",92.2580036232998,True,C4H8O2,sample,FRISIA.csv
2.8998,"Butanal, 3-methyl-",94.5914645532817,True,C5H10O,sample,FRISIA.csv
3.31458333333333,Pentanal,90.1345897234472,True,C5H10O,sample,FRISIA.csv
5.28238333333333,Hexanal,94.3265077194068,True,C6H12O,sample,FRISIA.csv
5.88686666666667,"Cyclotrisiloxane, hexamethyl-",98.1381106798968,True,C6H18O3Si3,sample,FRISIA.csv
6.2084,Furfural,90.3157517255457,True,C5H4O2,sample,FRISIA.csv
7.68924363626745,Styrene,90.6781674994581,True,C8H8,sample,FRISIA.csv
9.32308370222696,Benzaldehyde,97.5815047552637,True,C7H6O,sample,FRISIA.csv
9.97358333333333,"Furan, 2-pentyl-",91.2353178104435,True,C9H14O,sample,FRISIA.csv
10.09255,"Cyclotetrasiloxane, octamethyl-",95.2728453034953,True,C8H24O4Si4,sample,FRISIA.csv
10.7034666666667,"1-Hexanol, 2-ethyl-",97.6337963444749,True,C8H18O,sample,FRISIA.csv
11.4622833333333,Acetophenone,91.1726882247421,True,C8H8O,sample,FRISIA.csv
12.08285,Nonanal,98.5639885345137,True,C9H18O,sample,FRISIA.csv
13.4751,"Ethanol, 1-(2-butoxyethoxy)-",96.1084332353177,True,C8H18O3,sample,FRISIA.csv
13.5972833333333,Dodecane,90.2294885797504,True,C12H26,sample,FRISIA.csv
13.7066,Decanal,96.4585865300568,True,C10H20O,sample,FRISIA.csv
13.98955,"Ethanol, 2-phenoxy-",91.4675610353425,True,C8H10O2,sample,FRISIA.csv
14.25965,"2-Propanol, 1-(2-butoxy-1-methylethoxy)-",91.6844617971282,True,C10H22O3,sample,FRISIA.csv
14.3271666666667,"2-Propanol, 1-(2-butoxy-1-methylethoxy)-",92.6499854040214,True,C10H22O3,sample,FRISIA.csv
15.49755,Methyl 8-oxooctanoate,95.0592028062102,True,C9H16O3,sample,FRISIA.csv
15.6711833333333,Triacetin,93.0410568174926,True,C9H14O6,sample,FRISIA.csv
16.6100666666667,"2,4,7,9-Tetramethyl-5-decyn-4,7-diol",97.2836966408256,True,C14H26O2,sample,FRISIA.csv
16.8319333333333,"Nonanoic acid, 9-oxo-, methyl ester",96.8140710215788,True,C10H18O3,sample,FRISIA.csv
17.2949333333333,n-Tridecan-1-ol,92.5390557706838,True,C13H28O,sample,FRISIA.csv
18.4942666666667,n-Tridecan-1-ol,91.3809520658117,True,C13H28O,sample,FRISIA.csv
18.6743333333333,1-Octadecanol,92.3791478969596,True,C18H38O,sample,FRISIA.csv
18.7547166666667,Hexadecane,97.5906501088747,True,C16H34,sample,FRISIA.csv
19.0505166666667,"Dodecanoic acid, 1-methylethyl ester",93.6365837068923,True,C15H30O2,sample,FRISIA.csv
19.3174,Benzophenone,97.845970904792,True,C13H10O,sample,FRISIA.csv
22.7996333333333,Eicosane,90.8095423424502,True,C20H42,sample,FRISIA.csv
2.90285,"Butanal, 3-methyl-",94.0153792481201,True,C5H10O,sample,MARILYN.csv
3.37871666666667,"Furan, 2-ethyl-",91.9903527144063,True,C6H8O,sample,MARILYN.csv
4.07323333333333,"Disulfide, dimethyl",92.1549424248285,True,C2H6S2,sample,MARILYN.csv
5.28541666666667,Hexanal,97.7763597942383,True,C6H12O,sample,MARILYN.csv
5.88548090399738,"Cyclotrisiloxane, hexamethyl-",98.1106932446574,True,C6H18O3Si3,sample,MARILYN.csv
7.68408333333333,Styrene,91.4946635548542,True,C8H8,sample,MARILYN.csv
9.3216838425512,Benzaldehyde,97.4519243575975,True,C7H6O,sample,MARILYN.csv
9.9702,"Furan, 2-pentyl-",95.4726787178422,True,C9H14O,sample,MARILYN.csv
10.0956,"Cyclotetrasiloxane, octamethyl-",95.9038770050546,True,C8H24O4Si4,sample,MARILYN.csv
10.7065166666667,"1-Hexanol, 2-ethyl-",97.5849131502706,True,C8H18O,sample,MARILYN.csv
12.0826833333333,Nonanal,98.7853479714658,True,C9H18O,sample,MARILYN.csv
13.47815,"Ethanol, 1-(2-butoxyethoxy)-",95.7628707475946,True,C8H18O3,sample,MARILYN.csv
13.5971166666667,Dodecane,92.1847100368401,True,C12H26,sample,MARILYN.csv
13.70965,Decanal,97.2901236991186,True,C10H20O,sample,MARILYN.csv
14.2626833333333,"2-Propanol, 1-(2-butoxy-1-methylethoxy)-",91.6314736380503,True,C10H22O3,sample,MARILYN.csv
14.3302166666667,"2-Propanol, 1-(2-butoxy-1-methylethoxy)-",92.0671426033824,True,C10H22O3,sample,MARILYN.csv
15.5006,Methyl 8-oxooctanoate,93.1804859732828,True,C9H16O3,sample,MARILYN.csv
15.6742333333333,Triacetin,91.7524174022829,True,C9H14O6,sample,MARILYN.csv
16.6131166666667,"2,4,7,9-Tetramethyl-5-decyn-4,7-diol",97.230976174061,True,C14H26O2,sample,MARILYN.csv
16.8317666666667,"Nonanoic acid, 9-oxo-, methyl ester",95.6880400246063,True,C10H18O3,sample,MARILYN.csv
17.2979833333333,n-Tridecan-1-ol,92.5332405065553,True,C13H28O,sample,MARILYN.csv
17.68705,Eicosyl octyl ether,90.2083836154539,True,C28H58O,sample,MARILYN.csv
18.4941,n-Tridecan-1-ol,91.4519815161082,True,C13H28O,sample,MARILYN.csv
18.67415,1-Octadecanol,92.2394665606008,True,C18H38O,sample,MARILYN.csv
18.75455,Hexadecane,97.4352325016707,True,C16H34,sample,MARILYN.csv
19.05035,"Dodecanoic acid, 1-methylethyl ester",94.5047256231806,True,C15H30O2,sample,MARILYN.csv
19.3172333333333,Benzophenone,97.896039206178,True,C13H10O,sample,MARILYN.csv
19.8477666666667,Heptadecane,90.9112173802696,True,C17H36,sample,MARILYN.csv
2.18895,"2-Propanone, 1-methoxy-",91.3419981117337,True,C4H8O2,sample,ORIANA.csv
2.90276666666667,"Butanal, 3-methyl-",95.1656996955261,True,C5H10O,sample,ORIANA.csv
5.29123761276764,Hexanal,93.1205105934946,True,C6H12O,sample,ORIANA.csv
5.8866,"Cyclotrisiloxane, hexamethyl-",97.9281988064235,True,C6H18O3Si3,sample,ORIANA.csv
9.33120891124663,Benzaldehyde,96.3141405930526,True,C7H6O,sample,ORIANA.csv
9.5296,Dimethyl trisulfide,90.7885334518032,True,C2H6S3,sample,ORIANA.csv
9.97653333333333,"Furan, 2-pentyl-",91.7884729255816,True,C9H14O,sample,ORIANA.csv
10.0955,"Cyclotetrasiloxane, octamethyl-",96.5336942128425,True,C8H24O4Si4,sample,ORIANA.csv
10.2016166666667,Octanal,95.0603834829291,True,C8H16O,sample,ORIANA.csv
10.7032166666667,"1-Hexanol, 2-ethyl-",97.6118500918871,True,C8H18O,sample,ORIANA.csv
12.0826,Nonanal,98.9434433787982,True,C9H18O,sample,ORIANA.csv
13.60025,Dodecane,93.0223409501229,True,C12H26,sample,ORIANA.csv
13.7127833333333,Decanal,97.9424643593013,True,C10H20O,sample,ORIANA.csv
15.0407166666667,Tridecane,92.388833210755,True,C13H28,sample,ORIANA.csv
16.3622333333333,Tetradecane,96.7737236021066,True,C14H30,sample,ORIANA.csv
16.5905166666667,"2,4,7,9-Tetramethyl-5-decyn-4,7-diol",91.8470344201571,True,C14H26O2,sample,ORIANA.csv
18.67085,1-Nonadecene,90.7263903875973,True,C19H38,sample,ORIANA.csv
18.7512333333333,Hexadecane,97.9371109197047,True,C16H34,sample,ORIANA.csv
19.31715,Benzophenone,93.4848222665148,True,C13H10O,sample,ORIANA.csv
2.18888333333333,"2-Propanone, 1-methoxy-",90.2831319131692,True,C4H8O2,sample,SAGITTA.csv
2.89948333333333,"Butanal, 3-methyl-",94.2445862296981,True,C5H10O,sample,SAGITTA.csv
5.28452296022289,Hexanal,92.9663666509051,True,C6H12O,sample,SAGITTA.csv
5.88333333333333,"Cyclotrisiloxane, hexamethyl-",97.8276135348503,True,C6H18O3Si3,sample,SAGITTA.csv
7.68716254993194,Styrene,90.1369347512992,True,C8H8,sample,SAGITTA.csv
7.93793333333333,Heptanal,90.5289441912314,True,C7H14O,sample,SAGITTA.csv
9.32171998073253,Benzaldehyde,97.520956686705,True,C7H6O,sample,SAGITTA.csv
9.97005,"Furan, 2-pentyl-",92.0626335998612,True,C9H14O,sample,SAGITTA.csv
10.0942986262943,"Cyclotetrasiloxane, octamethyl-",95.7949778900718,True,C8H24O4Si4,sample,SAGITTA.csv
10.70315,"1-Hexanol, 2-ethyl-",97.5745590826929,True,C8H18O,sample,SAGITTA.csv
12.0825333333333,Nonanal,98.8592018901968,True,C9H18O,sample,SAGITTA.csv
13.478,"Ethanol, 1-(2-butoxyethoxy)-",96.0680783491558,True,C8H18O3,sample,SAGITTA.csv
13.5969666666667,Dodecane,91.1746930336513,True,C12H26,sample,SAGITTA.csv
13.7095,Decanal,96.2996946063899,True,C10H20O,sample,SAGITTA.csv
13.9860166666667,"Ethanol, 2-phenoxy-",94.9072289139395,True,C8H10O2,sample,SAGITTA.csv
14.26255,"2-Propanol, 1-(2-butoxy-1-methylethoxy)-",91.2995569538764,True,C10H22O3,sample,SAGITTA.csv
14.3300666666667,"2-Propanol, 1-(2-butoxy-1-methylethoxy)-",92.6422454491643,True,C10H22O3,sample,SAGITTA.csv
15.50045,Methyl 8-oxooctanoate,94.90642610067,True,C9H16O3,sample,SAGITTA.csv
15.6740833333333,Triacetin,93.3063969859933,True,C9H14O6,sample,SAGITTA.csv
16.6129666666667,"2,4,7,9-Tetramethyl-5-decyn-4,7-diol",97.2668388874346,True,C14H26O2,sample,SAGITTA.csv
16.8316166666667,"Nonanoic acid, 9-oxo-, methyl ester",96.3605644715626,True,C10H18O3,sample,SAGITTA.csv
17.2978333333333,n-Tridecan-1-ol,92.7012955771082,True,C13H28O,sample,SAGITTA.csv
17.6836833333333,"1-Decanol, 2-hexyl-",90.2673467466053,True,C16H34O,sample,SAGITTA.csv
17.793,"2,4-Di-tert-butylphenol",90.4159169443239,True,C14H22O,sample,SAGITTA.csv
18.6740166666667,1-Nonadecene,92.7604728755369,True,C19H38,sample,SAGITTA.csv
18.7576166666667,Hexadecane,97.3215399769895,True,C16H34,sample,SAGITTA.csv
19.0502,"Dodecanoic acid, 1-methylethyl ester",95.1630628306587,True,C15H30O2,sample,SAGITTA.csv
19.3203,Benzophenone,97.6891572326115,True,C13H10O,sample,SAGITTA.csv
2.19218333333333,"2-Propanone, 1-methoxy-",90.2210092422789,True,C4H8O2,sample,SUPERIOR.csv
2.89956666666667,"Butanal, 3-methyl-",94.8524403686039,True,C5H10O,sample,SUPERIOR.csv
3.31433333333333,Pentanal,94.3242032339661,True,C5H10O,sample,SUPERIOR.csv
3.69375,"Butanenitrile, 2-methyl-",90.707107424543,True,C5H9N,sample,SUPERIOR.csv
5.8834,"Cyclotrisiloxane, hexamethyl-",97.9788429692981,True,C6H18O3Si3,sample,SUPERIOR.csv
9.32551770994083,Benzaldehyde,94.7640387288334,True,C7H6O,sample,SUPERIOR.csv
9.76767320821925,Phenol,93.0131649058135,True,C6H6O,sample,SUPERIOR.csv
10.0923,"Cyclotetrasiloxane, octamethyl-",96.0695407742631,True,C8H24O4Si4,sample,SUPERIOR.csv
10.1952,Octanal,96.7831313541487,True,C8H16O,sample,SUPERIOR.csv
10.7032166666667,"1-Hexanol, 2-ethyl-",97.4748880124024,True,C8H18O,sample,SUPERIOR.csv
12.0794,Nonanal,98.4606169766488,True,C9H18O,sample,SUPERIOR.csv
13.7095833333333,Decanal,98.0567751695471,True,C10H20O,sample,SUPERIOR.csv
16.8284666666667,"Nonanoic acid, 9-oxo-, methyl ester",91.3761429318438,True,C10H18O3,sample,SUPERIOR.csv
18.75125,Hexadecane,91.7247949676002,True,C16H34,sample,SUPERIOR.csv
19.3107333333333,Benzophenone,97.8332647151331,True,C13H10O,sample,SUPERIOR.csv
22.7993833333333,Eicosane,95.0447111130217,True,C20H42,sample,SUPERIOR.csv
2.18896666666667,"2-Propanone, 1-methoxy-",90.238639914782,True,C4H8O2,sample,NICOLA.csv
2.89955,"Butanal, 3-methyl-",95.9697463343874,True,C5H10O,sample,NICOLA.csv
4.06995,"Disulfide, dimethyl",94.2197114701944,True,C2H6S2,sample,NICOLA.csv
5.28535,Hexanal,91.6726543891057,True,C6H12O,sample,NICOLA.csv
5.8860108650505,"Cyclotrisiloxane, hexamethyl-",98.0540735394441,True,C6H18O3Si3,sample,NICOLA.csv
7.68699673661954,Styrene,91.3785025113348,True,C8H8,sample,NICOLA.csv
7.93801666666667,Heptanal,92.2067059286555,True,C7H14O,sample,NICOLA.csv
9.3174,Benzaldehyde,97.6973617231913,True,C7H6O,sample,NICOLA.csv
9.97011666666667,"Furan, 2-pentyl-",93.2677573461647,True,C9H14O,sample,NICOLA.csv
10.0955166666667,"Cyclotetrasiloxane, octamethyl-",95.9210424848904,True,C8H24O4Si4,sample,NICOLA.csv
10.7032166666667,"1-Hexanol, 2-ethyl-",97.4613457620311,True,C8H18O,sample,NICOLA.csv
12.0826,Nonanal,98.6244678437182,True,C9H18O,sample,NICOLA.csv
13.4780666666667,"Ethanol, 1-(2-butoxyethoxy)-",95.9591217357594,True,C8H18O3,sample,NICOLA.csv
13.5970333333333,Dodecane,91.1647146230511,True,C12H26,sample,NICOLA.csv
13.7095833333333,Decanal,96.5552463671494,True,C10H20O,sample,NICOLA.csv
13.9861,"Ethanol, 2-phenoxy-",94.0829544591442,True,C8H10O2,sample,NICOLA.csv
14.2626166666667,"2-Propanol, 1-(2-butoxy-1-methylethoxy)-",91.4206563894725,True,C10H22O3,sample,NICOLA.csv
14.3301333333333,"2-Propanol, 1-(2-butoxy-1-methylethoxy)-",91.5474336585594,True,C10H22O3,sample,NICOLA.csv
15.4973166666667,Methyl 8-oxooctanoate,94.5312169702068,True,C9H16O3,sample,NICOLA.csv
15.67415,Triacetin,91.6341838230616,True,C9H14O6,sample,NICOLA.csv
16.36225,Tetradecane,94.5534651199219,True,C14H30,sample,NICOLA.csv
16.61625,"2,4,7,9-Tetramethyl-5-decyn-4,7-diol",97.1457941464418,True,C14H26O2,sample,NICOLA.csv
16.8316833333333,"Nonanoic acid, 9-oxo-, methyl ester",95.7864829579543,True,C10H18O3,sample,NICOLA.csv
17.2979166666667,n-Tridecan-1-ol,92.5359058225326,True,C13H28O,sample,NICOLA.csv
17.7641333333333,"1-Decanol, 2-hexyl-",90.4915976959565,True,C16H34O,sample,NICOLA.csv
18.4908,n-Tridecan-1-ol,92.2635210940849,True,C13H28O,sample,NICOLA.csv
18.6740833333333,1-Octadecanol,93.0151100076029,True,C18H38O,sample,NICOLA.csv
18.7544666666667,Hexadecane,97.5039994158022,True,C16H34,sample,NICOLA.csv
19.0502833333333,"Dodecanoic acid, 1-methylethyl ester",95.7390857207114,True,C15H30O2,sample,NICOLA.csv
19.31715,Benzophenone,98.0675922965257,True,C13H10O,sample,NICOLA.csv
22.7961666666667,Eicosane,90.9199920366161,True,C20H42,sample,NICOLA.csv
2.62626666666667,"1,3,5-Trifluorobenzene",92.4642718857877,True,C6H3F3,sample,ALTHEA.csv
2.89635,"Butanal, 3-methyl-",91.7590479661467,True,C5H10O,sample,ALTHEA.csv
3.31113333333333,Pentanal,92.0305310653085,True,C5H10O,sample,ALTHEA.csv
5.89628333333333,"Cyclotrisiloxane, hexamethyl-",97.8796773236462,True,C6H18O3Si3,sample,ALTHEA.csv
8.88978333333333,"2-Propanol, 1-butoxy-",90.4197920369605,True,C7H16O2,sample,ALTHEA.csv
9.33440158227083,Benzaldehyde,97.2913679362993,True,C7H6O,sample,ALTHEA.csv
9.76434403560331,Phenol,95.9191864855178,True,C6H6O,sample,ALTHEA.csv
9.99679592586519,"Furan, 2-pentyl-",90.793521742763,True,C9H14O,sample,ALTHEA.csv
10.11805,"Cyclotetrasiloxane, octamethyl-",95.5259004638385,True,C8H24O4Si4,sample,ALTHEA.csv
10.7289666666667,"1-Hexanol, 2-ethyl-",97.1545565945561,True,C8H18O,sample,ALTHEA.csv
11.4780828167651,Acetophenone,90.6743620051212,True,C8H8O,sample,ALTHEA.csv
12.10835,Nonanal,98.4166708980168,True,C9H18O,sample,ALTHEA.csv
13.5070333333333,"Ethanol, 1-(2-butoxyethoxy)-",95.8464207072075,True,C8H18O3,sample,ALTHEA.csv
13.7321,Decanal,96.849444339951,True,C10H20O,sample,ALTHEA.csv
14.0054,"Ethanol, 2-phenoxy-",96.7128348178688,True,C8H10O2,sample,ALTHEA.csv
15.5262666666667,Methyl 8-oxooctanoate,95.4950786823686,True,C9H16O3,sample,ALTHEA.csv
15.6999,Triacetin,93.378878757388,True,C9H14O6,sample,ALTHEA.csv
15.94105,"Ethanol, 2-(2-butoxyethoxy)-, acetate",90.7704703917582,True,C10H20O4,sample,ALTHEA.csv
16.65165,"2,4,7,9-Tetramethyl-5-decyn-4,7-diol",94.5690739874771,True,C14H26O2,sample,ALTHEA.csv
16.8670666666667,"Nonanoic acid, 9-oxo-, methyl ester",95.1989963735529,True,C10H18O3,sample,ALTHEA.csv
17.3300833333333,n-Tridecan-1-ol,92.7504554309985,True,C13H28O,sample,ALTHEA.csv
18.5229833333333,n-Tridecan-1-ol,92.9506377673619,True,C13H28O,sample,ALTHEA.csv
18.7866333333333,Hexadecane,96.465729827788,True,C16H34,sample,ALTHEA.csv
19.0760166666667,"Dodecanoic acid, 1-methylethyl ester",94.710304579068,True,C15H30O2,sample,ALTHEA.csv
19.3621833333333,Benzophenone,94.3877132711297,True,C13H10O,sample,ALTHEA.csv
20.0181166666667,"Methanone, (1-hydroxycyclohexyl)phenyl-",92.0184955513301,True,C13H16O2,sample,ALTHEA.csv
20.6161666666667,"Heptadecane, 3-methyl-",90.9190006583649,True,C18H38,sample,ALTHEA.csv
20.90555,Octadecane,94.4069945611824,True,C18H38,sample,ALTHEA.csv
21.8862333333333,Nonadecane,91.8943927391901,True,C19H40,sample,ALTHEA.csv
22.45215,n-Hexadecanoic acid,90.2491341979087,True,C16H32O2,sample,ALTHEA.csv
4.07648333333333,"Disulfide, dimethyl",93.273703709143,True,C2H6S2,sample,ANIVIA.csv
5.28868333333333,Hexanal,93.8149949848529,True,C6H12O,sample,ANIVIA.csv
5.89316666666667,"Cyclotrisiloxane, hexamethyl-",97.7621474294728,True,C6H18O3Si3,sample,ANIVIA.csv
9.33822232080845,Benzaldehyde,91.0465548339271,True,C7H6O,sample,ANIVIA.csv
9.99275,"Furan, 2-pentyl-",97.0581449283956,True,C9H14O,sample,ANIVIA.csv
10.1149333333333,"Cyclotetrasiloxane, octamethyl-",95.7134963691708,True,C8H24O4Si4,sample,ANIVIA.csv
10.2178166666667,Octanal,95.783889358606,True,C8H16O,sample,ANIVIA.csv
10.7162,"1-Hexanol, 2-ethyl-",97.2217073945706,True,C8H18O,sample,ANIVIA.csv
11.4782333333333,Acetophenone,90.2219620077227,True,C8H8O,sample,ANIVIA.csv
12.1020166666667,Nonanal,98.4428480891788,True,C9H18O,sample,ANIVIA.csv
13.6196666666667,Dodecane,93.5629035258748,True,C12H26,sample,ANIVIA.csv
13.7289833333333,Decanal,97.1895673947704,True,C10H20O,sample,ANIVIA.csv
15.0601333333333,Tridecane,91.3638287991635,True,C13H28,sample,ANIVIA.csv
16.3848666666667,Tetradecane,94.717242055391,True,C14H30,sample,ANIVIA.csv
18.7706666666667,Hexadecane,96.3296382312382,True,C16H34,sample,ANIVIA.csv
19.33335,Benzophenone,95.6809612821426,True,C13H10O,sample,ANIVIA.csv
20.9024333333333,"1,3-Benzenedicarboxylic acid, bis(2-ethylhexyl) ester",94.6765079696973,True,C24H38O4,sample,ANIVIA.csv
21.0149833333333,"1,3-Benzenedicarboxylic acid, bis(2-ethylhexyl) ester",96.7259307125907,True,C24H38O4,sample,ANIVIA.csv
2.17372180783437,"2-Propanone, 1-methoxy-",90.3865658263234,True,C4H8O2,sample,DONALD.csv
2.62316666666667,"1,3,5-Trifluorobenzene",90.8170785145564,True,C6H3F3,sample,DONALD.csv
2.89326666666667,"Butanal, 3-methyl-",93.4271087031285,True,C5H10O,sample,DONALD.csv
4.08021598107781,"Disulfide, dimethyl",91.0102145501657,True,C2H6S2,sample,DONALD.csv
5.89318333333333,"Cyclotrisiloxane, hexamethyl-",97.7890591812761,True,C6H18O3Si3,sample,DONALD.csv
9.33387991154803,Benzaldehyde,97.2870971165872,True,C7H6O,sample,DONALD.csv
9.75805,Phenol,95.1530918538174,True,C6H6O,sample,DONALD.csv
9.99276666666667,"Furan, 2-pentyl-",91.4056860705046,True,C9H14O,sample,DONALD.csv
10.1181666666667,"Cyclotetrasiloxane, octamethyl-",95.4052685802851,True,C8H24O4Si4,sample,DONALD.csv
10.7258666666667,"1-Hexanol, 2-ethyl-",97.2644620505376,True,C8H18O,sample,DONALD.csv
12.10525,Nonanal,98.4766836862301,True,C9H18O,sample,DONALD.csv
13.5007166666667,"Ethanol, 1-(2-butoxyethoxy)-",95.5997075002045,True,C8H18O3,sample,DONALD.csv
13.7322166666667,Decanal,96.2820525830145,True,C10H20O,sample,DONALD.csv
13.9991,"Ethanol, 2-phenoxy-",95.4802558059705,True,C8H10O2,sample,DONALD.csv
14.2884833333333,"2-Propanol, 1-(2-butoxy-1-methylethoxy)-",90.5104155650914,True,C10H22O3,sample,DONALD.csv
14.356,"2-Propanol, 1-(2-butoxy-1-methylethoxy)-",91.0737514364617,True,C10H22O3,sample,DONALD.csv
15.5231666666667,Methyl 8-oxooctanoate,95.678901095667,True,C9H16O3,sample,DONALD.csv
15.7000166666667,Triacetin,94.6281771485693,True,C9H14O6,sample,DONALD.csv
15.93795,"Ethanol, 2-(2-butoxyethoxy)-, acetate",91.3446541655443,True,C10H20O4,sample,DONALD.csv
16.6453333333333,"2,4,7,9-Tetramethyl-5-decyn-4,7-diol",95.0240311793496,True,C14H26O2,sample,DONALD.csv
16.8639833333333,"Nonanoic acid, 9-oxo-, methyl ester",95.5046131699587,True,C10H18O3,sample,DONALD.csv
17.3269833333333,n-Tridecan-1-ol,92.859012994976,True,C13H28O,sample,DONALD.csv
18.5198833333333,n-Tridecan-1-ol,93.9955534007286,True,C13H28O,sample,DONALD.csv
18.69995,1-Octadecanol,90.0370627007979,True,C18H38O,sample,DONALD.csv
18.78355,Hexadecane,96.73614474392,True,C16H34,sample,DONALD.csv
19.0761333333333,"Dodecanoic acid, 1-methylethyl ester",90.8632620549958,True,C15H30O2,sample,DONALD.csv
19.3558833333333,Benzophenone,95.3333927666741,True,C13H10O,sample,DONALD.csv
19.64205,n-Heptadecanol-1,90.2395069722974,True,C17H36O,sample,DONALD.csv
20.0150166666667,"Methanone, (1-hydroxycyclohexyl)phenyl-",90.4644092965332,True,C13H16O2,sample,DONALD.csv
20.9024666666667,Octadecane,95.1703257708387,True,C18H38,sample,DONALD.csv
21.1564666666667,Isopropyl myristate,90.3542560285644,True,C17H34O2,sample,DONALD.csv
22.0857166666667,"Benzene, (1-methyldodecyl)-",90.5516433529416,True,C19H32,sample,DONALD.csv
22.4619,n-Hexadecanoic acid,91.9656017878295,True,C16H32O2,sample,DONALD.csv
2.16343333333333,"2-Propanone, 1-methoxy-",93.2773560977744,True,C4H8O2,sample,FARIDA.csv
2.89238155723577,"Butanal, 3-methyl-",95.4792083703899,True,C5H10O,sample,FARIDA.csv
4.07422222313837,"Disulfide, dimethyl",90.3632634149119,True,C2H6S2,sample,FARIDA.csv
5.89003333333333,"Cyclotrisiloxane, hexamethyl-",97.9942816975135,True,C6H18O3Si3,sample,FARIDA.csv
9.33615897855185,Benzaldehyde,94.8643853475436,True,C7H6O,sample,FARIDA.csv
9.54588333333333,Dimethyl trisulfide,90.4337862063845,True,C2H6S3,sample,FARIDA.csv
10.1150166666667,"Cyclotetrasiloxane, octamethyl-",96.020669300866,True,C8H24O4Si4,sample,FARIDA.csv
10.2146833333333,Octanal,96.591405302747,True,C8H16O,sample,FARIDA.csv
10.7162833333333,"1-Hexanol, 2-ethyl-",97.144638111903,True,C8H18O,sample,FARIDA.csv
11.4751,Acetophenone,91.1684486310606,True,C8H8O,sample,FARIDA.csv
12.0988833333333,Nonanal,98.6470556665582,True,C9H18O,sample,FARIDA.csv
13.61975,Dodecane,92.6013903058695,True,C12H26,sample,FARIDA.csv
13.7290666666667,Decanal,97.7481167872904,True,C10H20O,sample,FARIDA.csv
15.0634333333333,Tridecane,90.7017894787715,True,C13H28,sample,FARIDA.csv
16.38495,Tetradecane,94.3628626357909,True,C14H30,sample,FARIDA.csv
16.84475,"Nonanoic acid, 9-oxo-, methyl ester",91.1175013411652,True,C10H18O3,sample,FARIDA.csv
17.3141833333333,1-Tetradecanol,90.6763205645988,True,C14H30O,sample,FARIDA.csv
18.77395,Hexadecane,96.2644157648924,True,C16H34,sample,FARIDA.csv
19.3334333333333,Benzophenone,95.7983424164611,True,C13H10O,sample,FARIDA.csv
20.9025166666667,"1,3-Benzenedicarboxylic acid, bis(2-ethylhexyl) ester",91.8041228657339,True,C24H38O4,sample,FARIDA.csv
21.01185,"1,3-Benzenedicarboxylic acid, bis(2-ethylhexyl) ester",95.42928223132,True,C24H38O4,sample,FARIDA.csv
2.6261,"1,3,5-Trifluorobenzene",92.0202840729411,True,C6H3F3,sample,HANSA.csv
2.89618333333333,"Butanal, 3-methyl-",92.7248966229201,True,C5H10O,sample,HANSA.csv
5.00225,"Heptane, 3-methylene-",91.590133546159,True,C8H16,sample,HANSA.csv
5.89611666666667,"Cyclotrisiloxane, hexamethyl-",98.0162473609989,True,C6H18O3Si3,sample,HANSA.csv
9.33333333333333,Benzaldehyde,97.177694768797,True,C7H6O,sample,HANSA.csv
9.75775,Phenol,91.1125840799032,True,C6H6O,sample,HANSA.csv
10.1178666666667,"Cyclotetrasiloxane, octamethyl-",95.6272818671589,True,C8H24O4Si4,sample,HANSA.csv
10.7255833333333,"1-Hexanol, 2-ethyl-",97.2558479584269,True,C8H18O,sample,HANSA.csv
11.47475,Acetophenone,94.6444941693944,True,C8H8O,sample,HANSA.csv
12.1049666666667,Nonanal,98.5262252291131,True,C9H18O,sample,HANSA.csv
12.4265,"Octanoic acid, methyl ester",92.7632921142654,True,C9H18O2,sample,HANSA.csv
13.494,"Ethanol, 1-(2-butoxyethoxy)-",93.77724990688,True,C8H18O3,sample,HANSA.csv
13.7319333333333,Decanal,96.477727169667,True,C10H20O,sample,HANSA.csv
13.9955833333333,"Ethanol, 2-phenoxy-",93.4417357218014,True,C8H10O2,sample,HANSA.csv
14.27855,"2-Propanol, 1-(2-butoxy-1-methylethoxy)-",92.5160524200264,True,C10H22O3,sample,HANSA.csv
14.3492833333333,"2-Propanol, 1-(2-butoxy-1-methylethoxy)-",92.6564454069126,True,C10H22O3,sample,HANSA.csv
15.5228833333333,Methyl 8-oxooctanoate,95.4155934472727,True,C9H16O3,sample,HANSA.csv
15.6965166666667,Triacetin,93.9880680201196,True,C9H14O6,sample,HANSA.csv
16.85725,"Nonanoic acid, 9-oxo-, methyl ester",96.5398634432519,True,C10H18O3,sample,HANSA.csv
17.3202666666667,n-Tridecan-1-ol,91.0546405900286,True,C13H28O,sample,HANSA.csv
17.7832833333333,Tridecanal,91.1791521966664,True,C13H26O,sample,HANSA.csv
18.3298833333333,Dodecanoic acid,91.3516277582833,True,C12H24O2,sample,HANSA.csv
18.7800333333333,Hexadecane,95.1438970869068,True,C16H34,sample,HANSA.csv
19.0726333333333,"Dodecanoic acid, 1-methylethyl ester",90.887991990646,True,C15H30O2,sample,HANSA.csv
19.34915,Benzophenone,96.9229363940073,True,C13H10O,sample,HANSA.csv
20.0147333333333,"Methanone, (1-hydroxycyclohexyl)phenyl-",92.5423074680205,True,C13H16O2,sample,HANSA.csv
20.89895,Octadecane,90.4662113214041,True,C18H38,sample,HANSA.csv
21.0115,"1,4-Benzenedicarboxylic acid, bis(2-ethylhexyl) ester",90.3277241272385,True,C24H38O4,sample,HANSA.csv
2.62641666666667,"1,3,5-Trifluorobenzene",90.6585391684981,True,C6H3F3,sample,KENNEBEC.csv
2.89961142477727,"Butanal, 3-methyl-",92.0028724604507,True,C5H10O,sample,KENNEBEC.csv
3.30808333333333,Pentanal,93.5794897675775,True,C5H10O,sample,KENNEBEC.csv
5.89643333333333,"Cyclotrisiloxane, hexamethyl-",97.894180519162,True,C6H18O3Si3,sample,KENNEBEC.csv
7.95105,Heptanal,90.4072870528934,True,C7H14O,sample,KENNEBEC.csv
9.33043333333333,Benzaldehyde,97.6003518470364,True,C7H6O,sample,KENNEBEC.csv
9.7613,Phenol,96.0780851773249,True,C6H6O,sample,KENNEBEC.csv
9.9928,"Furan, 2-pentyl-",92.2467189012015,True,C9H14O,sample,KENNEBEC.csv
10.1182,"Cyclotetrasiloxane, octamethyl-",95.1621489636401,True,C8H24O4Si4,sample,KENNEBEC.csv
10.7291166666667,"1-Hexanol, 2-ethyl-",97.2093603352689,True,C8H18O,sample,KENNEBEC.csv
11.4750833333333,Acetophenone,92.7451793369299,True,C8H8O,sample,KENNEBEC.csv
12.1085,Nonanal,98.5415675754119,True,C9H18O,sample,KENNEBEC.csv
13.5039666666667,"Ethanol, 1-(2-butoxyethoxy)-",95.4987221636497,True,C8H18O3,sample,KENNEBEC.csv
13.6229333333333,Dodecane,90.4511782082781,True,C12H26,sample,KENNEBEC.csv
13.73225,Decanal,96.1651711129209,True,C10H20O,sample,KENNEBEC.csv
14.00235,"Ethanol, 2-phenoxy-",96.3266960333939,True,C8H10O2,sample,KENNEBEC.csv
15.5264166666667,Methyl 8-oxooctanoate,95.326150274763,True,C9H16O3,sample,KENNEBEC.csv
15.70005,Triacetin,93.7120585056172,True,C9H14O6,sample,KENNEBEC.csv
15.9412,"Ethanol, 2-(2-butoxyethoxy)-, acetate",91.2707571295628,True,C10H20O4,sample,KENNEBEC.csv
16.6518,"2,4,7,9-Tetramethyl-5-decyn-4,7-diol",95.285947590035,True,C14H26O2,sample,KENNEBEC.csv
16.8672333333333,"Nonanoic acid, 9-oxo-, methyl ester",95.0956360922056,True,C10H18O3,sample,KENNEBEC.csv
17.3302333333333,n-Pentadecanol,93.0908244895393,True,C15H32O,sample,KENNEBEC.csv
17.8254,"2,4-Di-tert-butylphenol",90.6551429234279,True,C14H22O,sample,KENNEBEC.csv
18.5231333333333,n-Tridecan-1-ol,94.6854082425059,True,C13H28O,sample,KENNEBEC.csv
18.6999833333333,1-Octadecanol,91.2033210584993,True,C18H38O,sample,KENNEBEC.csv
18.7868,Hexadecane,96.5726472578003,True,C16H34,sample,KENNEBEC.csv
19.0793833333333,"Dodecanoic acid, 1-methylethyl ester",95.4483707170673,True,C15H30O2,sample,KENNEBEC.csv
19.3591333333333,Benzophenone,95.1749808268932,True,C13H10O,sample,KENNEBEC.csv
20.0150666666667,"Methanone, (1-hydroxycyclohexyl)phenyl-",90.5419623748666,True,C13H16O2,sample,KENNEBEC.csv
20.9057166666667,Octadecane,93.9995155526029,True,C18H38,sample,KENNEBEC.csv
21.8831833333333,Nonadecane,93.3019171034505,True,C19H40,sample,KENNEBEC.csv
22.4523,n-Hexadecanoic acid,91.4588856988993,True,C16H32O2,sample,KENNEBEC.csv
2.17263333333333,"2-Propanone, 1-methoxy-",90.6462534258393,True,C4H8O2,sample,MEMPHIS.csv
2.88965,"Butanal, 3-methyl-",97.6025765805424,True,C5H10O,sample,MEMPHIS.csv
5.2883,Hexanal,90.1129781908111,True,C6H12O,sample,MEMPHIS.csv
5.8928,"Cyclotrisiloxane, hexamethyl-",98.0780017423216,True,C6H18O3Si3,sample,MEMPHIS.csv
9.3375116093026,Benzaldehyde,93.5508094956911,True,C7H6O,sample,MEMPHIS.csv
9.75443333333333,Phenol,91.2329666886977,True,C6H6O,sample,MEMPHIS.csv
9.99236666666667,"Furan, 2-pentyl-",94.938289527639,True,C9H14O,sample,MEMPHIS.csv
10.11455,"Cyclotetrasiloxane, octamethyl-",95.9476095716885,True,C8H24O4Si4,sample,MEMPHIS.csv
10.21745,Octanal,94.889185247208,True,C8H16O,sample,MEMPHIS.csv
10.7158333333333,"1-Hexanol, 2-ethyl-",97.0052944789578,True,C8H18O,sample,MEMPHIS.csv
10.8187166666667,Eucalyptol,93.245452158737,True,C10H18O,sample,MEMPHIS.csv
11.47465,Acetophenone,93.7641513778161,True,C8H8O,sample,MEMPHIS.csv
12.10165,Nonanal,98.0482345063446,True,C9H18O,sample,MEMPHIS.csv
13.6192833333333,Dodecane,92.6452644756731,True,C12H26,sample,MEMPHIS.csv
13.7286166666667,Decanal,97.3188475803104,True,C10H20O,sample,MEMPHIS.csv
15.0597666666667,Tridecane,91.3218278574686,True,C13H28,sample,MEMPHIS.csv
16.3845,Tetradecane,93.7053552287693,True,C14H30,sample,MEMPHIS.csv
18.7702833333333,Hexadecane,95.8359618819015,True,C16H34,sample,MEMPHIS.csv
19.3329833333333,Benzophenone,95.076293873299,True,C13H10O,sample,MEMPHIS.csv
21.0757,"1,3-Benzenedicarboxylic acid, bis(2-ethylhexyl) ester",97.4280702918629,True,C24H38O4,sample,MEMPHIS.csv
2.1665,"2-Propanone, 1-methoxy-",92.7143156368781,True,C4H8O2,sample,BILDTSTAR.csv
2.88995,"Butanal, 3-methyl-",94.8032462532337,True,C5H10O,sample,BILDTSTAR.csv
5.8924241038531,"Cyclotrisiloxane, hexamethyl-",97.9097844756674,True,C6H18O3Si3,sample,BILDTSTAR.csv
9.33351666666667,Benzaldehyde,95.2520049635978,True,C7H6O,sample,BILDTSTAR.csv
9.7483,Phenol,90.0534597152308,True,C6H6O,sample,BILDTSTAR.csv
9.99266666666667,"Furan, 2-pentyl-",91.0361188529503,True,C9H14O,sample,BILDTSTAR.csv
10.11485,"Cyclotetrasiloxane, octamethyl-",95.7949109692819,True,C8H24O4Si4,sample,BILDTSTAR.csv
10.2145333333333,Octanal,96.7488504446371,True,C8H16O,sample,BILDTSTAR.csv
10.7161166666667,"1-Hexanol, 2-ethyl-",97.1096264402908,True,C8H18O,sample,BILDTSTAR.csv
11.47495,Acetophenone,92.4836125706404,True,C8H8O,sample,BILDTSTAR.csv
12.1019333333333,Nonanal,98.6547837842226,True,C9H18O,sample,BILDTSTAR.csv
13.6195833333333,Dodecane,92.5613210930993,True,C12H26,sample,BILDTSTAR.csv
13.7289,Decanal,98.05207424472,True,C10H20O,sample,BILDTSTAR.csv
16.3847833333333,Tetradecane,93.0456806671998,True,C14H30,sample,BILDTSTAR.csv
16.8445833333333,"Nonanoic acid, 9-oxo-, methyl ester",95.0156743753411,True,C10H18O3,sample,BILDTSTAR.csv
17.3140333333333,n-Tridecan-1-ol,90.7595486271516,True,C13H28O,sample,BILDTSTAR.csv
18.7738,Hexadecane,96.3787895101223,True,C16H34,sample,BILDTSTAR.csv
19.3332666666667,Benzophenone,96.3107053005256,True,C13H10O,sample,BILDTSTAR.csv
20.9023666666667,"1,3-Benzenedicarboxylic acid, bis(2-ethylhexyl) ester",93.5744298233784,True,C24H38O4,sample,BILDTSTAR.csv
21.0116833333333,"1,3-Benzenedicarboxylic acid, bis(2-ethylhexyl) ester",95.776175568918,True,C24H38O4,sample,BILDTSTAR.csv
22.4682333333333,n-Hexadecanoic acid,94.2155637313996,True,C16H32O2,sample,BILDTSTAR.csv
2.16993333333333,"2-Propanone, 1-methoxy-",91.0394992000627,True,C4H8O2,sample,REDDALE.csv
2.89577027319904,"Butanal, 3-methyl-",95.6863918470991,True,C5H10O,sample,REDDALE.csv
5.89653333333333,"Cyclotrisiloxane, hexamethyl-",97.8926916022029,True,C6H18O3Si3,sample,REDDALE.csv
9.33811335722017,Benzaldehyde,94.5802853172071,True,C7H6O,sample,REDDALE.csv
9.75175,Phenol,90.5051712190365,True,C6H6O,sample,REDDALE.csv
10.1165533304645,"Cyclotetrasiloxane, octamethyl-",95.6640599275704,True,C8H24O4Si4,sample,REDDALE.csv
10.21475,Octanal,96.6883542476653,True,C8H16O,sample,REDDALE.csv
10.71635,"1-Hexanol, 2-ethyl-",96.8640065418008,True,C8H18O,sample,REDDALE.csv
10.81925,Eucalyptol,92.1045003789995,True,C10H18O,sample,REDDALE.csv
11.4751666666667,Acetophenone,93.066792153684,True,C8H8O,sample,REDDALE.csv
12.1021666666667,Nonanal,98.4727142760255,True,C9H18O,sample,REDDALE.csv
13.6198166666667,Dodecane,91.2208674461425,True,C12H26,sample,REDDALE.csv
13.7291333333333,Decanal,97.2902218609994,True,C10H20O,sample,REDDALE.csv
15.0635166666667,Tridecane,90.9994941490274,True,C13H28,sample,REDDALE.csv
16.3818,Tetradecane,93.5310013365538,True,C14H30,sample,REDDALE.csv
16.8448166666667,"Nonanoic acid, 9-oxo-, methyl ester",95.2662776839725,True,C10H18O3,sample,REDDALE.csv
17.3142666666667,"3-Eicosene, (E)-",91.368690383676,True,C20H40,sample,REDDALE.csv
18.7708166666667,Hexadecane,96.0559848349584,True,C16H34,sample,REDDALE.csv
19.3335,Benzophenone,97.0248226119139,True,C13H10O,sample,REDDALE.csv
20.9026,"1,3-Benzenedicarboxylic acid, bis(2-ethylhexyl) ester",95.2465206975124,True,C24H38O4,sample,REDDALE.csv
21.0119166666667,"1,4-Benzenedicarboxylic acid, bis(2-ethylhexyl) ester",94.5540066729059,True,C24H38O4,sample,REDDALE.csv
21.0762166666667,"1,4-Benzenedicarboxylic acid, bis(2-ethylhexyl) ester",91.1738359913975,True,C24H38O4,sample,REDDALE.csv
2.17286666666667,"2-Propanone, 1-methoxy-",90.2478470373188,True,C4H8O2,sample,VIOLET QUEEN.csv
2.62301666666667,"1,3,5-Trifluorobenzene",92.028632603333,True,C6H3F3,sample,VIOLET QUEEN.csv
2.89631666666667,"Butanal, 3-methyl-",97.878469829565,True,C5H10O,sample,VIOLET QUEEN.csv
5.00238333333333,"Heptane, 3-methylene-",90.3762061692168,True,C8H16,sample,VIOLET QUEEN.csv
5.89491893359831,"Cyclotrisiloxane, hexamethyl-",97.6414037819322,True,C6H18O3Si3,sample,VIOLET QUEEN.csv
8.88975,"2-Propanol, 1-butoxy-",91.8023445941556,True,C7H16O2,sample,VIOLET QUEEN.csv
9.33025,Benzaldehyde,97.674405233022,True,C7H6O,sample,VIOLET QUEEN.csv
9.76431666666667,Phenol,96.5463297194465,True,C6H6O,sample,VIOLET QUEEN.csv
9.99261666666667,"Furan, 2-pentyl-",94.7931844378421,True,C9H14O,sample,VIOLET QUEEN.csv
10.1148,"Cyclotetrasiloxane, octamethyl-",94.8794439965066,True,C8H24O4Si4,sample,VIOLET QUEEN.csv
10.7257166666667,"1-Hexanol, 2-ethyl-",97.3602506304498,True,C8H18O,sample,VIOLET QUEEN.csv
11.4748833333333,Acetophenone,93.8616179626783,True,C8H8O,sample,VIOLET QUEEN.csv
12.1051,Nonanal,98.6658849090958,True,C9H18O,sample,VIOLET QUEEN.csv
13.5005666666667,"Ethanol, 1-(2-butoxyethoxy)-",95.7283504727372,True,C8H18O3,sample,VIOLET QUEEN.csv
13.7320666666667,Decanal,95.6721372000548,True,C10H20O,sample,VIOLET QUEEN.csv
14.00215,"Ethanol, 2-phenoxy-",96.0574499463973,True,C8H10O2,sample,VIOLET QUEEN.csv
15.5230166666667,Methyl 8-oxooctanoate,95.5492467837344,True,C9H16O3,sample,VIOLET QUEEN.csv
15.6998666666667,Triacetin,93.518702832674,True,C9H14O6,sample,VIOLET QUEEN.csv
16.3847333333333,Tetradecane,91.7348985291011,True,C14H30,sample,VIOLET QUEEN.csv
16.6419666666667,"2,4,7,9-Tetramethyl-5-decyn-4,7-diol",95.7663688130909,True,C14H26O2,sample,VIOLET QUEEN.csv
16.8606,"Nonanoic acid, 9-oxo-, methyl ester",96.1438254318525,True,C10H18O3,sample,VIOLET QUEEN.csv
17.3268333333333,n-Tridecan-1-ol,92.4284792648729,True,C13H28O,sample,VIOLET QUEEN.csv
17.7126833333333,"1-Decanol, 2-hexyl-",90.079900911557,True,C16H34O,sample,VIOLET QUEEN.csv
18.5197333333333,n-Tridecan-1-ol,93.2268215560942,True,C13H28O,sample,VIOLET QUEEN.csv
18.6997833333333,1-Octadecanol,91.1372858165229,True,C18H38O,sample,VIOLET QUEEN.csv
18.7833833333333,Hexadecane,96.6831739747396,True,C16H34,sample,VIOLET QUEEN.csv
19.0759833333333,"Dodecanoic acid, 1-methylethyl ester",94.9321377091731,True,C15H30O2,sample,VIOLET QUEEN.csv
19.3525,Benzophenone,96.1446602155787,True,C13H10O,sample,VIOLET QUEEN.csv
20.0148666666667,"Methanone, (1-hydroxycyclohexyl)phenyl-",91.395255802492,True,C13H16O2,sample,VIOLET QUEEN.csv
20.9055166666667,Octadecane,95.0128388868441,True,C18H38,sample,VIOLET QUEEN.csv
21.01485,"1,4-Benzenedicarboxylic acid, bis(2-ethylhexyl) ester",91.6393441354022,True,C24H38O4,sample,VIOLET QUEEN.csv
21.8862,Nonadecane,94.9085939130739,True,C19H40,sample,VIOLET QUEEN.csv
2.89308333333333,"Butanal, 3-methyl-",95.5643752830837,True,C5H10O,sample,ADORA.csv
4.08192302274175,"Disulfide, dimethyl",92.288662675835,True,C2H6S2,sample,ADORA.csv
5.90266666666667,"Cyclotrisiloxane, hexamethyl-",97.9330228315781,True,C6H18O3Si3,sample,ADORA.csv
9.33794543512391,Benzaldehyde,97.2338097277845,True,C7H6O,sample,ADORA.csv
9.75143333333333,Phenol,90.3518947350838,True,C6H6O,sample,ADORA.csv
10.1179833333333,"Cyclotetrasiloxane, octamethyl-",95.5181808593253,True,C8H24O4Si4,sample,ADORA.csv
10.2208833333333,Octanal,96.429572336242,True,C8H16O,sample,ADORA.csv
10.7335340073372,"1-Hexanol, 2-ethyl-",96.4333236422656,True,C8H18O,sample,ADORA.csv
10.82215,Eucalyptol,94.8061119335888,True,C10H18O,sample,ADORA.csv
11.4748666666667,Acetophenone,94.7591576698996,True,C8H8O,sample,ADORA.csv
12.1050833333333,Nonanal,98.5254422300082,True,C9H18O,sample,ADORA.csv
13.6227333333333,Dodecane,93.2949584861422,True,C12H26,sample,ADORA.csv
13.73205,Decanal,98.2390171493805,True,C10H20O,sample,ADORA.csv
16.5294,Dodecanal,92.1492805270523,True,C12H24O,sample,ADORA.csv
18.1692333333333,Phenylmaleic anhydride,91.1149035867466,True,C10H6O3,sample,ADORA.csv
18.7737333333333,Hexadecane,90.3653580712742,True,C16H34,sample,ADORA.csv
19.3332,Benzophenone,97.9682341065134,True,C13H10O,sample,ADORA.csv
19.8637333333333,Heptadecane,90.614105890213,True,C17H36,sample,ADORA.csv
20.4843,Tetradecanoic acid,91.5225710392067,True,C14H28O2,sample,ADORA.csv
21.0084,"Carbonic acid, 2-ethylhexyl octyl ester",91.8451032161946,True,C17H34O3,sample,ADORA.csv
21.0469833333333,"2-Propanol, 1-chloro-, phosphate (3:1)",92.2464308132392,True,C9H18Cl3O4P,sample,ADORA.csv
22.46495,n-Hexadecanoic acid,90.9476843850638,True,C16H32O2,sample,ADORA.csv
22.8186333333333,Eicosane,92.1149728347491,True,C20H42,sample,ADORA.csv
4.07956666666667,"Disulfide, dimethyl",91.7769210329866,True,C2H6S2,sample,DESIREE.csv
5.29176666666667,Hexanal,96.6058292892808,True,C6H12O,sample,DESIREE.csv
5.90268333333333,"Cyclotrisiloxane, hexamethyl-",97.5437053443086,True,C6H18O3Si3,sample,DESIREE.csv
9.33988333333333,Benzaldehyde,95.5323132027043,True,C7H6O,sample,DESIREE.csv
9.75466666666667,Phenol,90.1126410709892,True,C6H6O,sample,DESIREE.csv
9.99813249655426,"Furan, 2-pentyl-",95.7867029593366,True,C9H14O,sample,DESIREE.csv
10.118,"Cyclotetrasiloxane, octamethyl-",94.7624313479168,True,C8H24O4Si4,sample,DESIREE.csv
10.2210704034593,Octanal,96.3055940423495,True,C8H16O,sample,DESIREE.csv
10.7225,"1-Hexanol, 2-ethyl-",95.8333552734278,True,C8H18O,sample,DESIREE.csv
10.81895,Eucalyptol,92.3484791087653,True,C10H18O,sample,DESIREE.csv
11.4781,Acetophenone,90.9079660049883,True,C8H8O,sample,DESIREE.csv
12.1018833333333,Nonanal,98.7687221983012,True,C9H18O,sample,DESIREE.csv
13.7320666666667,Decanal,98.0526039150518,True,C10H20O,sample,DESIREE.csv
16.8445333333333,"Nonanoic acid, 9-oxo-, methyl ester",94.8366150080528,True,C10H18O3,sample,DESIREE.csv
19.33,Benzophenone,96.0618541368133,True,C13H10O,sample,DESIREE.csv
20.4811,Tetradecanoic acid,91.95732865713,True,C14H28O2,sample,DESIREE.csv
21.0084166666667,"Carbonic acid, 2-ethylhexyl octyl ester",90.8583469837085,True,C17H34O3,sample,DESIREE.csv
21.0437833333333,"2-Propanol, 1-chloro-, phosphate (3:1)",96.2154847423175,True,C9H18Cl3O4P,sample,DESIREE.csv
22.4585333333333,n-Hexadecanoic acid,91.9816457810035,True,C16H32O2,sample,DESIREE.csv
2.89006666666667,"Butanal, 3-methyl-",96.9949165960236,True,C5H10O,sample,CLEARWATER R.csv
4.07854256728671,"Disulfide, dimethyl",91.2031165040091,True,C2H6S2,sample,CLEARWATER R.csv
5.89965,"Cyclotrisiloxane, hexamethyl-",97.810417370186,True,C6H18O3Si3,sample,CLEARWATER R.csv
9.33365,Benzaldehyde,97.5407370171346,True,C7H6O,sample,CLEARWATER R.csv
9.54906666666667,Dimethyl trisulfide,93.1417445173216,True,C2H6S3,sample,CLEARWATER R.csv
9.75163333333333,Phenol,92.1633584053329,True,C6H6O,sample,CLEARWATER R.csv
9.996,"Furan, 2-pentyl-",95.4993275718982,True,C9H14O,sample,CLEARWATER R.csv
10.1181833333333,"Cyclotetrasiloxane, octamethyl-",94.9879382179174,True,C8H24O4Si4,sample,CLEARWATER R.csv
10.2178666666667,Octanal,96.1411817089649,True,C8H16O,sample,CLEARWATER R.csv
10.7226833333333,"1-Hexanol, 2-ethyl-",97.4998014850063,True,C8H18O,sample,CLEARWATER R.csv
10.8191333333333,Eucalyptol,93.360784558314,True,C10H18O,sample,CLEARWATER R.csv
11.47185,Acetophenone,95.398789560382,True,C8H8O,sample,CLEARWATER R.csv
12.1020666666667,Nonanal,98.6660214355035,True,C9H18O,sample,CLEARWATER R.csv
13.2853166666667,Benzoic acid,92.2888971473232,True,C7H6O2,sample,CLEARWATER R.csv
13.73225,Decanal,98.3772967678306,True,C10H20O,sample,CLEARWATER R.csv
15.6904,Triacetin,92.4710937161967,True,C9H14O6,sample,CLEARWATER R.csv
16.3849166666667,Tetradecane,91.3738467664968,True,C14H30,sample,CLEARWATER R.csv
16.6099833333333,"2,4,7,9-Tetramethyl-5-decyn-4,7-diol",92.6228887913022,True,C14H26O2,sample,CLEARWATER R.csv
16.8479333333333,"Nonanoic acid, 9-oxo-, methyl ester",93.6446748887659,True,C10H18O3,sample,CLEARWATER R.csv
18.1694333333333,Phenylmaleic anhydride,94.19860249334,True,C10H6O3,sample,CLEARWATER R.csv
18.7739166666667,Hexadecane,95.983851394706,True,C16H34,sample,CLEARWATER R.csv
19.3334,Benzophenone,97.6124570913662,True,C13H10O,sample,CLEARWATER R.csv
19.8639333333333,Heptadecane,90.8631607485529,True,C17H36,sample,CLEARWATER R.csv
20.5102166666667,Tetradecanoic acid,95.4931026330555,True,C14H28O2,sample,CLEARWATER R.csv
20.9024833333333,Octadecane,97.118369010623,True,C18H38,sample,CLEARWATER R.csv
21.0118166666667,"Carbonic acid, bis(2-ethylhexyl) ester",93.2445286818393,True,C17H34O3,sample,CLEARWATER R.csv
21.8831666666667,Nonadecane,90.6267892270653,True,C19H40,sample,CLEARWATER R.csv
22.0825166666667,"Benzene, (1-methyldodecyl)-",91.8841424935994,True,C19H32,sample,CLEARWATER R.csv
22.1436166666667,"Hexadecanoic acid, methyl ester",98.0941228978788,True,C17H34O2,sample,CLEARWATER R.csv
22.4715833333333,n-Hexadecanoic acid,93.1142414871189,True,C16H32O2,sample,CLEARWATER R.csv
22.8188333333333,Eicosane,92.7796066918063,True,C20H42,sample,CLEARWATER R.csv
23.4169,"Furan, 2,5-diphenyl-",91.6632919980681,True,C16H12O,sample,CLEARWATER R.csv
2.1731,"2-Propanone, 1-methoxy-",90.23167059242,True,C4H8O2,sample,PAYETTE RUSSET.csv
2.89011666666667,"Butanal, 3-methyl-",94.9182574147849,True,C5H10O,sample,PAYETTE RUSSET.csv
4.07658333333333,"Disulfide, dimethyl",92.7312772971117,True,C2H6S2,sample,PAYETTE RUSSET.csv
5.89968333333333,"Cyclotrisiloxane, hexamethyl-",97.2948150442419,True,C6H18O3Si3,sample,PAYETTE RUSSET.csv
9.34409271467212,Benzaldehyde,94.4090817678696,True,C7H6O,sample,PAYETTE RUSSET.csv
9.55233333333333,Dimethyl trisulfide,91.306906099002,True,C2H6S3,sample,PAYETTE RUSSET.csv
9.99926666666667,"Furan, 2-pentyl-",90.8130759621471,True,C9H14O,sample,PAYETTE RUSSET.csv
10.1183972147845,"Cyclotetrasiloxane, octamethyl-",95.3703318137474,True,C8H24O4Si4,sample,PAYETTE RUSSET.csv
10.2211166666667,Octanal,94.2510423221622,True,C8H16O,sample,PAYETTE RUSSET.csv
10.7227166666667,"1-Hexanol, 2-ethyl-",92.1282499514339,True,C8H18O,sample,PAYETTE RUSSET.csv
10.8191833333333,Eucalyptol,95.9222511926495,True,C10H18O,sample,PAYETTE RUSSET.csv
12.1021,Nonanal,98.3687916162862,True,C9H18O,sample,PAYETTE RUSSET.csv
13.6229666666667,Dodecane,90.0906705050456,True,C12H26,sample,PAYETTE RUSSET.csv
13.7322833333333,Decanal,96.4829308841597,True,C10H20O,sample,PAYETTE RUSSET.csv
16.3849666666667,Tetradecane,93.5932321133407,True,C14H30,sample,PAYETTE RUSSET.csv
18.77075,Hexadecane,94.2982068705692,True,C16H34,sample,PAYETTE RUSSET.csv
19.3334333333333,Benzophenone,93.028742192239,True,C13H10O,sample,PAYETTE RUSSET.csv
2.88998333333333,"Butanal, 3-methyl-",97.2876434018659,True,C5H10O,sample,PRINCEOFORANGE.csv
4.07999038755773,"Disulfide, dimethyl",90.7895836922128,True,C2H6S2,sample,PRINCEOFORANGE.csv
5.90276666666667,"Cyclotrisiloxane, hexamethyl-",96.777619080954,True,C6H18O3Si3,sample,PRINCEOFORANGE.csv
9.34600893793363,Benzaldehyde,96.4357228731625,True,C7H6O,sample,PRINCEOFORANGE.csv
9.5522,Dimethyl trisulfide,92.8318463185329,True,C2H6S3,sample,PRINCEOFORANGE.csv
9.99591666666667,"Furan, 2-pentyl-",96.0016814776139,True,C9H14O,sample,PRINCEOFORANGE.csv
10.1181,"Cyclotetrasiloxane, octamethyl-",94.6461906502384,True,C8H24O4Si4,sample,PRINCEOFORANGE.csv
10.2209833333333,Octanal,95.9055380916123,True,C8H16O,sample,PRINCEOFORANGE.csv
10.7225833333333,"1-Hexanol, 2-ethyl-",94.641237373322,True,C8H18O,sample,PRINCEOFORANGE.csv
10.81905,Eucalyptol,95.886449069913,True,C10H18O,sample,PRINCEOFORANGE.csv
12.1019666666667,Nonanal,98.7467926316958,True,C9H18O,sample,PRINCEOFORANGE.csv
13.73215,Decanal,97.4610876903349,True,C10H20O,sample,PRINCEOFORANGE.csv
16.8446166666667,"Nonanoic acid, 9-oxo-, methyl ester",92.1207987252197,True,C10H18O3,sample,PRINCEOFORANGE.csv
19.3300833333333,Benzophenone,95.5120640736963,True,C13H10O,sample,PRINCEOFORANGE.csv
20.4779666666667,Tetradecanoic acid,90.2831150414855,True,C14H28O2,sample,PRINCEOFORANGE.csv
21.0085,"Carbonic acid, bis(2-ethylhexyl) ester",93.2194117538683,True,C17H34O3,sample,PRINCEOFORANGE.csv
21.0438666666667,"2-Propanol, 1-chloro-, phosphate (3:1)",94.0459475724062,True,C9H18Cl3O4P,sample,PRINCEOFORANGE.csv
22.4586333333333,n-Hexadecanoic acid,93.3113787809387,True,C16H32O2,sample,PRINCEOFORANGE.csv
2.88671666666667,"Butanal, 3-methyl-",94.7294735530686,True,C5H10O,sample,SYMFONIA.csv
3.30793333333333,Pentanal,90.1718866789488,True,C5H10O,sample,SYMFONIA.csv
4.07318333333333,"Disulfide, dimethyl",91.3586963455507,True,C2H6S2,sample,SYMFONIA.csv
5.2918,Hexanal,94.5360219393446,True,C6H12O,sample,SYMFONIA.csv
5.8995,"Cyclotrisiloxane, hexamethyl-",96.9769350818279,True,C6H18O3Si3,sample,SYMFONIA.csv
9.33993333333333,Benzaldehyde,94.2243477605212,True,C7H6O,sample,SYMFONIA.csv
9.55215,Dimethyl trisulfide,91.8946809306274,True,C2H6S3,sample,SYMFONIA.csv
9.99586666666667,"Furan, 2-pentyl-",93.9928129003483,True,C9H14O,sample,SYMFONIA.csv
10.11805,"Cyclotetrasiloxane, octamethyl-",95.133426752127,True,C8H24O4Si4,sample,SYMFONIA.csv
10.22095,Octanal,93.2843539896208,True,C8H16O,sample,SYMFONIA.csv
10.7296796400966,"1-Hexanol, 2-ethyl-",94.8398528820459,True,C8H18O,sample,SYMFONIA.csv
10.819,Eucalyptol,96.0051100381807,True,C10H18O,sample,SYMFONIA.csv
11.47815,Acetophenone,90.1480044931941,True,C8H8O,sample,SYMFONIA.csv
12.1019333333333,Nonanal,98.4002858667736,True,C9H18O,sample,SYMFONIA.csv
13.7321166666667,Decanal,96.5577838712653,True,C10H20O,sample,SYMFONIA.csv
19.33005,Benzophenone,94.0865320016418,True,C13H10O,sample,SYMFONIA.csv
20.8444833333333,"1,3-Benzenedicarboxylic acid, bis(2-ethylhexyl) ester",97.3968320666337,True,C24H38O4,sample,SYMFONIA.csv
2.88985,"Butanal, 3-methyl-",94.8486246281864,True,C5H10O,sample,VE 71-105.csv
5.90104111807478,"Cyclotrisiloxane, hexamethyl-",97.8801876383152,True,C6H18O3Si3,sample,VE 71-105.csv
9.33663333333333,Benzaldehyde,97.6110190133299,True,C7H6O,sample,VE 71-105.csv
9.54885,Dimethyl trisulfide,92.3459084106046,True,C2H6S3,sample,VE 71-105.csv
9.7482,Phenol,91.5737520119639,True,C6H6O,sample,VE 71-105.csv
10.1179666666667,"Cyclotetrasiloxane, octamethyl-",95.2459776108035,True,C8H24O4Si4,sample,VE 71-105.csv
10.2176333333333,Octanal,95.5025371179275,True,C8H16O,sample,VE 71-105.csv
10.72245,"1-Hexanol, 2-ethyl-",96.6138124291127,True,C8H18O,sample,VE 71-105.csv
10.8189166666667,Eucalyptol,94.1425954574218,True,C10H18O,sample,VE 71-105.csv
11.47485,Acetophenone,94.9444608364877,True,C8H8O,sample,VE 71-105.csv
12.1018333333333,Nonanal,98.6839826395567,True,C9H18O,sample,VE 71-105.csv
13.2947333333333,Benzoic acid,92.3218223491737,True,C7H6O2,sample,VE 71-105.csv
13.7320166666667,Decanal,98.0747010879095,True,C10H20O,sample,VE 71-105.csv
16.8444833333333,"Nonanoic acid, 9-oxo-, methyl ester",90.2101714046893,True,C10H18O3,sample,VE 71-105.csv
18.1692166666667,Phenylmaleic anhydride,94.6982248875342,True,C10H6O3,sample,VE 71-105.csv
19.3331666666667,Benzophenone,98.3853990201327,True,C13H10O,sample,VE 71-105.csv
20.50035,Tetradecanoic acid,94.7963055895113,True,C14H28O2,sample,VE 71-105.csv
21.0115833333333,"Carbonic acid, 2-ethylhexyl octyl ester",96.2916151997156,True,C17H34O3,sample,VE 71-105.csv
21.04695,"2-Propanol, 1-chloro-, phosphate (3:1)",91.0181287216976,True,C9H18Cl3O4P,sample,VE 71-105.csv
22.1401833333333,"Hexadecanoic acid, methyl ester",94.6265663427695,True,C17H34O2,sample,VE 71-105.csv
22.2945166666667,9-Hexadecenoic acid,92.0715274400355,True,C16H30O2,sample,VE 71-105.csv
2.89318333333333,"Butanal, 3-methyl-",96.3767287558399,True,C5H10O,sample,ARIZONA.csv
4.07965,"Disulfide, dimethyl",90.8574814573783,True,C2H6S2,sample,ARIZONA.csv
5.29740469185326,Hexanal,91.7068904592005,True,C6H12O,sample,ARIZONA.csv
5.90275,"Cyclotrisiloxane, hexamethyl-",98.067742760555,True,C6H18O3Si3,sample,ARIZONA.csv
9.33829139177429,Benzaldehyde,97.2336297000699,True,C7H6O,sample,ARIZONA.csv
9.54896666666667,Dimethyl trisulfide,92.5311854508897,True,C2H6S3,sample,ARIZONA.csv
9.75153333333333,Phenol,90.5432673575647,True,C6H6O,sample,ARIZONA.csv
9.9959,"Furan, 2-pentyl-",91.4854452601481,True,C9H14O,sample,ARIZONA.csv
10.1180833333333,"Cyclotetrasiloxane, octamethyl-",95.4190486003454,True,C8H24O4Si4,sample,ARIZONA.csv
10.21775,Octanal,96.5637071839124,True,C8H16O,sample,ARIZONA.csv
10.7225666666667,"1-Hexanol, 2-ethyl-",97.1597576662837,True,C8H18O,sample,ARIZONA.csv
10.8190333333333,Eucalyptol,94.6525235952472,True,C10H18O,sample,ARIZONA.csv
11.47495,Acetophenone,95.6184607096934,True,C8H8O,sample,ARIZONA.csv
12.10195,Nonanal,98.7503943178656,True,C9H18O,sample,ARIZONA.csv
13.3141333333333,Benzoic acid,93.3402017495226,True,C7H6O2,sample,ARIZONA.csv
13.7321333333333,Decanal,98.2772045250522,True,C10H20O,sample,ARIZONA.csv
16.8446,"Nonanoic acid, 9-oxo-, methyl ester",91.1542929801086,True,C10H18O3,sample,ARIZONA.csv
18.1693333333333,Phenylmaleic anhydride,94.7494567578767,True,C10H6O3,sample,ARIZONA.csv
18.8349,Diethyl Phthalate,94.5268030127368,True,C12H14O4,sample,ARIZONA.csv
19.3300666666667,Benzophenone,97.7677546885598,True,C13H10O,sample,ARIZONA.csv
20.4811666666667,Tetradecanoic acid,90.7980378366069,True,C14H28O2,sample,ARIZONA.csv
21.0084833333333,"Carbonic acid, 2-ethylhexyl octyl ester",93.0847815735838,True,C17H34O3,sample,ARIZONA.csv
21.04385,"2-Propanol, 1-chloro-, phosphate (3:1)",90.7791929866363,True,C9H18Cl3O4P,sample,ARIZONA.csv
21.4682833333333,10-Methylanthracene-9-carboxaldehyde,90.386602547533,True,C16H12O,sample,ARIZONA.csv
22.4554,n-Hexadecanoic acid,90.1411887821025,True,C16H32O2,sample,ARIZONA.csv
22.6193833333333,.beta.-Phenylpropiolophenone,91.2518952458923,True,C15H10O,sample,ARIZONA.csv
23.4135666666667,"Furan, 2,5-diphenyl-",93.4484227431217,True,C16H12O,sample,ARIZONA.csv
4.0733,"Disulfide, dimethyl",90.8362049549099,True,C2H6S2,sample,DIAMANT.csv
5.89963333333333,"Cyclotrisiloxane, hexamethyl-",97.9353611532234,True,C6H18O3Si3,sample,DIAMANT.csv
9.33363333333333,Benzaldehyde,97.5006138029802,True,C7H6O,sample,DIAMANT.csv
9.54905,Dimethyl trisulfide,91.1586461458874,True,C2H6S3,sample,DIAMANT.csv
9.99598333333333,"Furan, 2-pentyl-",90.9623902119708,True,C9H14O,sample,DIAMANT.csv
10.1181666666667,"Cyclotetrasiloxane, octamethyl-",95.8874833743053,True,C8H24O4Si4,sample,DIAMANT.csv
10.21785,Octanal,96.9094841921259,True,C8H16O,sample,DIAMANT.csv
10.7251817367025,"1-Hexanol, 2-ethyl-",96.1970353882385,True,C8H18O,sample,DIAMANT.csv
10.8191166666667,Eucalyptol,95.9994822924278,True,C10H18O,sample,DIAMANT.csv
11.4718333333333,Acetophenone,95.6409816264882,True,C8H8O,sample,DIAMANT.csv
12.10205,Nonanal,98.8773632103544,True,C9H18O,sample,DIAMANT.csv
13.266,Benzoic acid,92.6413546520915,True,C7H6O2,sample,DIAMANT.csv
13.7322333333333,Decanal,98.1980476450173,True,C10H20O,sample,DIAMANT.csv
16.8447,"Nonanoic acid, 9-oxo-, methyl ester",91.2321667910926,True,C10H18O3,sample,DIAMANT.csv
18.1694166666667,Phenylmaleic anhydride,94.5550318976356,True,C10H6O3,sample,DIAMANT.csv
19.3301666666667,Benzophenone,96.8993622173568,True,C13H10O,sample,DIAMANT.csv
20.50055,Tetradecanoic acid,95.3460543406967,True,C14H28O2,sample,DIAMANT.csv
20.79315,"1,3-Benzenedicarboxylic acid, bis(2-ethylhexyl) ester",90.1777878024519,True,C24H38O4,sample,DIAMANT.csv
21.0085833333333,"Carbonic acid, 2-ethylhexyl octyl ester",96.6300440064927,True,C17H34O3,sample,DIAMANT.csv
21.0471666666667,"2-Propanol, 1-chloro-, phosphate (3:1)",92.8819645571152,True,C9H18Cl3O4P,sample,DIAMANT.csv
21.4941,Pentadecanoic acid,91.282137513087,True,C15H30O2,sample,DIAMANT.csv
22.2979333333333,Palmitoleic acid,93.1120753131061,True,C16H30O2,sample,DIAMANT.csv
22.4715666666667,n-Hexadecanoic acid,91.2300711948075,True,C16H32O2,sample,DIAMANT.csv
2.16663333333333,Isopropyl Alcohol,90.1270119600109,True,C3H8O,sample,AVENGER.csv
5.90286666666667,"Cyclotrisiloxane, hexamethyl-",97.2922707664371,True,C6H18O3Si3,sample,AVENGER.csv
9.33686666666667,Benzaldehyde,97.0521823192364,True,C7H6O,sample,AVENGER.csv
9.75486666666667,Phenol,90.4300155638143,True,C6H6O,sample,AVENGER.csv
10.1182,"Cyclotetrasiloxane, octamethyl-",95.5668304620877,True,C8H24O4Si4,sample,AVENGER.csv
10.2206973574432,Octanal,96.0845539454566,True,C8H16O,sample,AVENGER.csv
10.7226833333333,"1-Hexanol, 2-ethyl-",97.1592405423258,True,C8H18O,sample,AVENGER.csv
10.81915,Eucalyptol,97.3847780438349,True,C10H18O,sample,AVENGER.csv
11.4783,Acetophenone,91.5988623316143,True,C8H8O,sample,AVENGER.csv
12.1020666666667,Nonanal,98.6504902468461,True,C9H18O,sample,AVENGER.csv
13.73225,Decanal,96.7469107026095,True,C10H20O,sample,AVENGER.csv
19.3301833333333,Benzophenone,97.2193404085968,True,C13H10O,sample,AVENGER.csv
21.0118166666667,"Carbonic acid, 2-ethylhexyl octyl ester",90.4119938382484,True,C17H34O3,sample,AVENGER.csv
21.0439666666667,"2-Propanol, 1-chloro-, phosphate (3:1)",94.2673040500475,True,C9H18Cl3O4P,sample,AVENGER.csv
1.99931666666667,Propene,90.0660431958543,True,C3H6,sample,CARRERA.csv
2.89318333333333,"Butanal, 3-methyl-",95.0998782591639,True,C5H10O,sample,CARRERA.csv
5.901403968243,"Cyclotrisiloxane, hexamethyl-",98.0265831285966,True,C6H18O3Si3,sample,CARRERA.csv
7.70638975110755,Styrene,91.0129631450331,True,C8H8,sample,CARRERA.csv
7.95606385847193,Heptanal,90.4332749815243,True,C7H14O,sample,CARRERA.csv
9.33675,Benzaldehyde,96.4739501696511,True,C7H6O,sample,CARRERA.csv
9.54896666666667,Dimethyl trisulfide,95.2244554207621,True,C2H6S3,sample,CARRERA.csv
9.75153333333333,Phenol,94.1675942693366,True,C6H6O,sample,CARRERA.csv
10.1180833333333,"Cyclotetrasiloxane, octamethyl-",95.914317015573,True,C8H24O4Si4,sample,CARRERA.csv
10.21775,Octanal,96.7749519168254,True,C8H16O,sample,CARRERA.csv
10.7257833333333,"1-Hexanol, 2-ethyl-",97.086257229027,True,C8H18O,sample,CARRERA.csv
10.8190333333333,Eucalyptol,97.489806283489,True,C10H18O,sample,CARRERA.csv
12.1051666666667,Nonanal,98.7535642055503,True,C9H18O,sample,CARRERA.csv
13.7289166666667,Decanal,97.7476866128042,True,C10H20O,sample,CARRERA.csv
16.8446,"Nonanoic acid, 9-oxo-, methyl ester",90.891891379591,True,C10H18O3,sample,CARRERA.csv
17.1822166666667,Dimethyl phthalate,91.4512629876495,True,C10H10O4,sample,CARRERA.csv
19.3300666666667,Benzophenone,98.0858517866805,True,C13H10O,sample,CARRERA.csv
21.0084833333333,"Carbonic acid, 2-ethylhexyl octyl ester",93.2768732331801,True,C17H34O3,sample,CARRERA.csv
21.04385,"2-Propanol, 1-chloro-, phosphate (3:1)",93.8585988148808,True,C9H18Cl3O4P,sample,CARRERA.csv
3.3113,Pentanal,92.6824669804318,True,C5H10O,sample,EVEREST.csv
4.08187426166388,"Disulfide, dimethyl",92.3752000053315,True,C2H6S2,sample,EVEREST.csv
5.29493095921073,Hexanal,97.1726497140937,True,C6H12O,sample,EVEREST.csv
5.90163541155894,"Cyclotrisiloxane, hexamethyl-",98.1297225618465,True,C6H18O3Si3,sample,EVEREST.csv
9.33688333333333,Benzaldehyde,97.3528619121489,True,C7H6O,sample,EVEREST.csv
9.5491,Dimethyl trisulfide,91.7589730276464,True,C2H6S3,sample,EVEREST.csv
9.99603333333333,"Furan, 2-pentyl-",94.3569941663767,True,C9H14O,sample,EVEREST.csv
10.1182166666667,"Cyclotetrasiloxane, octamethyl-",94.9873540109574,True,C8H24O4Si4,sample,EVEREST.csv
10.2211,Octanal,95.9207098839196,True,C8H16O,sample,EVEREST.csv
10.7348671256124,"1-Hexanol, 2-ethyl-",94.8466097980015,True,C8H18O,sample,EVEREST.csv
10.8191666666667,Eucalyptol,95.4816986239507,True,C10H18O,sample,EVEREST.csv
11.4751,Acetophenone,95.0514120717761,True,C8H8O,sample,EVEREST.csv
12.1020833333333,Nonanal,98.7388190620937,True,C9H18O,sample,EVEREST.csv
13.2371,Benzoic acid,91.5369471913911,True,C7H6O2,sample,EVEREST.csv
13.7322666666667,Decanal,98.0452177606297,True,C10H20O,sample,EVEREST.csv
16.8447333333333,"Nonanoic acid, 9-oxo-, methyl ester",93.8735591194446,True,C10H18O3,sample,EVEREST.csv
18.16625,Phenylmaleic anhydride,94.1221006904195,True,C10H6O3,sample,EVEREST.csv
19.3302,Benzophenone,97.405535962742,True,C13H10O,sample,EVEREST.csv
20.4780833333333,Tetradecanoic acid,90.5472889097063,True,C14H28O2,sample,EVEREST.csv
21.0439833333333,"2-Propanol, 1-chloro-, phosphate (3:1)",94.7743440853124,True,C9H18Cl3O4P,sample,EVEREST.csv
23.4137,"Furan, 2,5-diphenyl-",90.6429915897279,True,C16H12O,sample,EVEREST.csv
2.8960097181148,"Butanal, 3-methyl-",94.9803239245114,True,C5H10O,sample,EVORA.csv
4.08120939487863,"Disulfide, dimethyl",92.7769979517268,True,C2H6S2,sample,EVORA.csv
5.90275,"Cyclotrisiloxane, hexamethyl-",97.6892903492132,True,C6H18O3Si3,sample,EVORA.csv
9.33799735234731,Benzaldehyde,97.5209356939062,True,C7H6O,sample,EVORA.csv
9.54896666666667,Dimethyl trisulfide,93.7625640953194,True,C2H6S3,sample,EVORA.csv
10.1180833333333,"Cyclotetrasiloxane, octamethyl-",95.0141837066525,True,C8H24O4Si4,sample,EVORA.csv
10.2209666666667,Octanal,95.4045888832889,True,C8H16O,sample,EVORA.csv
10.7342711910049,"1-Hexanol, 2-ethyl-",94.1251321510077,True,C8H18O,sample,EVORA.csv
10.8190166666667,Eucalyptol,97.0197949135919,True,C10H18O,sample,EVORA.csv
11.4717333333333,Acetophenone,95.7873171832374,True,C8H8O,sample,EVORA.csv
12.10195,Nonanal,98.5183798202669,True,C9H18O,sample,EVORA.csv
13.2659166666667,Benzoic acid,93.5965939544994,True,C7H6O2,sample,EVORA.csv
13.7321333333333,Decanal,97.4767752983084,True,C10H20O,sample,EVORA.csv
16.8446,"Nonanoic acid, 9-oxo-, methyl ester",92.8376203619137,True,C10H18O3,sample,EVORA.csv
18.1693166666667,Phenylmaleic anhydride,94.4389576478208,True,C10H6O3,sample,EVORA.csv
19.3300666666667,Benzophenone,97.5786628049999,True,C13H10O,sample,EVORA.csv
21.0084833333333,"Carbonic acid, 2-ethylhexyl octyl ester",91.1195558016876,True,C17H34O3,sample,EVORA.csv
21.04385,"2-Propanol, 1-chloro-, phosphate (3:1)",91.2993554653834,True,C9H18Cl3O4P,sample,EVORA.csv
2.97685,Benzene,91.121836135715,True,C6H6,sample,FENWAY RED.csv
5.29191666666667,Hexanal,90.644115337186,True,C6H12O,sample,FENWAY RED.csv
5.89961666666667,"Cyclotrisiloxane, hexamethyl-",98.1402896565804,True,C6H18O3Si3,sample,FENWAY RED.csv
9.33683333333333,Benzaldehyde,97.282175313733,True,C7H6O,sample,FENWAY RED.csv
9.99598333333333,"Furan, 2-pentyl-",96.0500065825235,True,C9H14O,sample,FENWAY RED.csv
10.1181666666667,"Cyclotetrasiloxane, octamethyl-",96.0173425953298,True,C8H24O4Si4,sample,FENWAY RED.csv
10.2178333333333,Octanal,95.8228994588296,True,C8H16O,sample,FENWAY RED.csv
10.7258666666667,"1-Hexanol, 2-ethyl-",95.8729509859001,True,C8H18O,sample,FENWAY RED.csv
10.8191,Eucalyptol,95.1023001323524,True,C10H18O,sample,FENWAY RED.csv
11.4750333333333,Acetophenone,93.4729289285806,True,C8H8O,sample,FENWAY RED.csv
12.1020333333333,Nonanal,98.5367255612584,True,C9H18O,sample,FENWAY RED.csv
13.7322166666667,Decanal,98.5555834741016,True,C10H20O,sample,FENWAY RED.csv
16.5295833333333,Dodecanal,90.7558771974691,True,C12H24O,sample,FENWAY RED.csv
16.8446833333333,"Nonanoic acid, 9-oxo-, methyl ester",92.9250912831293,True,C10H18O3,sample,FENWAY RED.csv
18.1694166666667,Phenylmaleic anhydride,94.0560652405986,True,C10H6O3,sample,FENWAY RED.csv
19.33015,Benzophenone,97.3496107836052,True,C13H10O,sample,FENWAY RED.csv
21.0085666666667,"Carbonic acid, 2-ethylhexyl octyl ester",91.6705168474316,True,C17H34O3,sample,FENWAY RED.csv
21.0439333333333,"2-Propanol, 1-chloro-, phosphate (3:1)",95.1161515490621,True,C9H18Cl3O4P,sample,FENWAY RED.csv
1.99918333333333,Propene,68.4664701871247,True,C3H6,sample,LADY CLAIRE.csv
2.17281666666667,"2-Propanone, 1-methoxy-",89.4594969220214,True,C4H8O2,sample,LADY CLAIRE.csv
2.46541666666667,Acetic acid,72.311043968051,True,C2H4O2,sample,LADY CLAIRE.csv
2.89305,"Butanal, 3-methyl-",92.8832147251151,True,C5H10O,sample,LADY CLAIRE.csv
2.97665,"Propane, 2-chloro-2-methyl-",72.5488043740881,True,C4H9Cl,sample,LADY CLAIRE.csv
3.20173333333333,"Heptane, 2,5-dimethyl-",67.9889708618413,True,C9H20,sample,LADY CLAIRE.csv
3.31426666666667,Pentanal,64.0575761371742,True,C5H10O,sample,LADY CLAIRE.csv
3.69368333333333,"2-Propenoic acid, 1,4-butanediyl ester",61.174789020724,True,C10H14O4,sample,LADY CLAIRE.csv
3.93483333333333,"3-Penten-2-one, (E)-",88.6609182349546,True,C5H8O,sample,LADY CLAIRE.csv
4.0763,"Disulfide, dimethyl",90.036996388236,True,C2H6S2,sample,LADY CLAIRE.csv
4.24993333333333,"Silane, triethylmethoxy-",69.4887272760131,True,C7H18OSi,sample,LADY CLAIRE.csv
4.5136,3-Benzylsulfanyl-3-fluoro-2-trifluoromethyl-acrylonitrile,71.8239396563367,True,C11H7F4NS,sample,LADY CLAIRE.csv
4.77725,Butanoic acid,54.2920204523342,True,C4H8O2,sample,LADY CLAIRE.csv
5.06341666666667,2-Ethylhexyl acrylate,69.9645461416714,True,C11H20O2,sample,LADY CLAIRE.csv
5.29491666666667,Hexanal,86.5725306452795,True,C6H12O,sample,LADY CLAIRE.csv
5.90230230994024,"Cyclotrisiloxane, hexamethyl-",97.9212375366891,True,C6H18O3Si3,sample,LADY CLAIRE.csv
6.21773333333333,Furfural,74.5085141161399,True,C5H4O2,sample,LADY CLAIRE.csv
6.41708333333333,tert-Hexadecanethiol,59.6246284266704,True,C16H34S,sample,LADY CLAIRE.csv
6.5682,Tetraacetyl-d-xylonic nitrile,52.73944169453,True,C14H17NO9,sample,LADY CLAIRE.csv
6.8383,7-Methyl-Z-tetradecen-1-ol acetate,58.8260557853116,True,C17H32O2,sample,LADY CLAIRE.csv
6.97655,Ethylbenzene,63.4581880233188,True,C8H10,sample,LADY CLAIRE.csv
7.16946666666667,o-Xylene,76.227627312158,True,C8H10,sample,LADY CLAIRE.csv
7.42348333333333,Pentanoic acid,57.7246029514983,True,C5H10O2,sample,LADY CLAIRE.csv
7.59711666666667,"2,6-Nonadienoic acid, 7-ethyl-9-(3-ethyl-3-methyloxiranyl)-3-methyl-, methyl ester, [2R-[2.alpha.(2E,6E),3.alpha.]]-",57.2891763873772,True,C18H30O3,sample,LADY CLAIRE.csv
7.7075234453746,Styrene,88.309231275358,True,C8H8,sample,LADY CLAIRE.csv
7.95723333333333,Heptanal,88.7482189359632,True,C7H14O,sample,LADY CLAIRE.csv
8.0762,Methional,52.3606008461779,True,C4H8OS,sample,LADY CLAIRE.csv
8.23055,"Cyclohexanecarboxylic acid, 2-bromomethyl-2,3-dimethyl-4-oxo-",57.9513091601487,True,C10H15BrO3,sample,LADY CLAIRE.csv
8.745,"(1R)-2,6,6-Trimethylbicyclo[3.1.1]hept-2-ene",86.5310505137053,True,C10H16,sample,LADY CLAIRE.csv
9.06653333333333,"Pyran-4-carboxylic acid, 4-(4-methoxyphenyl)-tetrahydro-",72.1111545257935,True,C13H16O4,sample,LADY CLAIRE.csv
9.21123333333333,"4,6-Octadienamide-3-oxo, N1,N1-diethyl",61.9737244669951,True,C12H19NO2,sample,LADY CLAIRE.csv
9.33661666666667,Benzaldehyde,95.9059700191994,True,C7H6O,sample,LADY CLAIRE.csv
9.54883333333333,Dimethyl trisulfide,91.3617825139704,True,C2H6S3,sample,LADY CLAIRE.csv
9.70638333333333,"Cyclododecanone, thiosemicarbazone",62.5813531136596,True,C13H25N3S,sample,LADY CLAIRE.csv
9.7514,Phenol,91.4903952647498,True,C6H6O,sample,LADY CLAIRE.csv
9.8961,"5-Hepten-2-one, 6-methyl-",85.1065074863998,True,C8H14O,sample,LADY CLAIRE.csv
9.99576666666667,"Furan, 2-pentyl-",92.2839138386604,True,C9H14O,sample,LADY CLAIRE.csv
10.0568666666667,"Benzene, 1,2,4-trimethyl-",72.0602729077955,True,C9H12,sample,LADY CLAIRE.csv
10.11795,"Cyclotetrasiloxane, octamethyl-",95.922821924184,True,C8H24O4Si4,sample,LADY CLAIRE.csv
10.2176333333333,Octanal,95.0959499486761,True,C8H16O,sample,LADY CLAIRE.csv
10.4234166666667,"9-Octadecenoic acid (Z)-, hexyl ester",60.0541069790575,True,C24H46O2,sample,LADY CLAIRE.csv
10.5520333333333,"Cyclopentanecarbonitrile, 3-methylene-",52.7763333014651,True,C7H9N,sample,LADY CLAIRE.csv
10.72245,"1-Hexanol, 2-ethyl-",96.7008261809709,True,C8H18O,sample,LADY CLAIRE.csv
10.8189,Eucalyptol,97.2930411005659,True,C10H18O,sample,LADY CLAIRE.csv
10.9828833333333,"Spiro[cyclohexanone-3,6'-hexahydropyridin-2-one]",51.6594430703877,True,C10H15NO2,sample,LADY CLAIRE.csv
11.0504,"Benzene, (methoxymethyl)-",81.201385462677,True,C8H10O,sample,LADY CLAIRE.csv
11.2304666666667,"2(3H)-Furanone, 5-butyldihydro-",71.667615418798,True,C8H14O2,sample,LADY CLAIRE.csv
11.2787,"1,5,9-Cyclododecanetriol",65.3631905320355,True,C12H24O3,sample,LADY CLAIRE.csv
11.35265,"Octane, 1-chloro-",65.1955229698639,True,C8H17Cl,sample,LADY CLAIRE.csv
11.3783666666667,"Acetic acid, 3-acetoxy-5-oxodecyl ester",62.9918623852467,True,C14H24O5,sample,LADY CLAIRE.csv
11.4748333333333,Acetophenone,91.550327562111,True,C8H8O,sample,LADY CLAIRE.csv
11.5809333333333,"Benzeneacetic acid, .alpha.-oxo-, ethyl ester",61.9509389355792,True,C10H10O3,sample,LADY CLAIRE.csv
11.6741833333333,"1-Dodecanol, 3,7,11-trimethyl-",63.1796273697446,True,C15H32O,sample,LADY CLAIRE.csv
11.8092333333333,"1,2,3-Triazole-4-carbohydrazide, N2-(4-hydroxybenzylidene)-5-chloro-",59.0785846773335,True,C10H8ClN5O2,sample,LADY CLAIRE.csv
11.8896166666667,"2H-Benzo[f]oxireno[2,3-E]benzofuran-8(9H)-one, 9-[[[2-(dimethylamino)ethyl]amino]methyl]octahydro-2,5a-dimethyl-",62.4603596191544,True,C19H32N2O3,sample,LADY CLAIRE.csv
11.9442833333333,"1,2,5-Oxadiazole-3-carboxamide, 4-amino-N-(2-aminoethyl)-",60.3867703077081,True,C5H9N5O2,sample,LADY CLAIRE.csv
11.9925,"Benzoic acid, methyl ester",58.8933692594726,True,C8H8O2,sample,LADY CLAIRE.csv
12.1018333333333,Nonanal,98.4105126145608,True,C9H18O,sample,LADY CLAIRE.csv
12.2368666666667,2-[(Trimethylsilyl)oxy]-2-{4-[(trimethylsilyl)oxy]phenyl}ethanamine,67.5958982418608,True,C14H27NO2Si2,sample,LADY CLAIRE.csv
12.2786666666667,"17-Octadecynoic acid, methyl ester",65.0625714308105,True,C19H34O2,sample,LADY CLAIRE.csv
12.4330166666667,"Octanoic acid, methyl ester",61.7875031195224,True,C9H18O2,sample,LADY CLAIRE.csv
12.5809166666667,2-Hydroxy-2-octylsebacic acid,62.9497660936965,True,C18H34O5,sample,LADY CLAIRE.csv
12.7674,N-[4-(4-Chlorophenyl)isothiazol-5-yl)-1-methylpiperidin-2-imine,59.6659514208289,True,C15H16ClN3S,sample,LADY CLAIRE.csv
12.8831666666667,2-[(Trimethylsilyl)oxy]-2-{4-[(trimethylsilyl)oxy]phenyl}ethanamine,85.2856669800248,True,C14H27NO2Si2,sample,LADY CLAIRE.csv
12.9313833333333,1-(2-Trifluoromethylphenyl)imidazoline-2-thione,62.3824952126858,True,C10H7F3N2S,sample,LADY CLAIRE.csv
13.0985833333333,Benzoic acid,89.5628283348387,True,C7H6O2,sample,LADY CLAIRE.csv
13.17575,Decanal,81.9620171458368,True,C10H20O,sample,LADY CLAIRE.csv
13.2947333333333,Z-2-Acetoxy-12-tetradecenitrile,58.8281414897465,True,C17H29NO2,sample,LADY CLAIRE.csv
13.40405,"1,3-Dioxocane, 2-pentadecyl-",57.4020283766028,True,C21H42O2,sample,LADY CLAIRE.csv
13.5262333333333,1-Decanamine,71.3160462548781,True,C10H23N,sample,LADY CLAIRE.csv
13.6194833333333,Dodecane,80.6297715569403,True,C12H26,sample,LADY CLAIRE.csv
13.7320166666667,Decanal,98.1798399659021,True,C10H20O,sample,LADY CLAIRE.csv
13.8831333333333,"Cyclohexane, (2-nitro-2-propenyl)-",58.1438151640898,True,C9H15NO2,sample,LADY CLAIRE.csv
14.0632,".alpha.-d-Gulofuranoside, phenyl-",66.8721813885288,True,C12H16O6,sample,LADY CLAIRE.csv
14.1435833333333,Benzothiazole,65.6795539907212,True,C7H5NS,sample,LADY CLAIRE.csv
14.2336166666667,Neodecanoic acid,79.3348495440406,True,C10H20O2,sample,LADY CLAIRE.csv
14.2818333333333,"2-Propanol, 1-(2-butoxy-1-methylethoxy)-",63.4489361705308,True,C10H22O3,sample,LADY CLAIRE.csv
14.3493666666667,"Butanoic acid, 2-ethyl-2,3,3-trimethyl-",77.5658728160471,True,C9H18O2,sample,LADY CLAIRE.csv
14.6001666666667,Neodecanoic acid,82.6258072004644,True,C10H20O2,sample,LADY CLAIRE.csv
14.6773333333333,"Butanoic acid, 2-ethyl-2,3,3-trimethyl-",63.5831301941915,True,C9H18O2,sample,LADY CLAIRE.csv
14.7191333333333,"Benzenemethanol, .alpha.-methyl-.alpha.-(2-methyl-3-methylthio-2-propenyl)-",59.4002837347674,True,C13H18OS,sample,LADY CLAIRE.csv
14.7577166666667,"Octanamide, N-(2-mercaptoethyl)-",56.5288712474509,True,C10H21NOS,sample,LADY CLAIRE.csv
14.7963,"Z-(13,14-Epoxy)tetradec-11-en-1-ol acetate",69.3091354597568,True,C16H28O3,sample,LADY CLAIRE.csv
14.95385,N-[4-(4-Chlorophenyl)isothiazol-5-yl)-1-methylpiperidin-2-imine,57.9267123940992,True,C15H16ClN3S,sample,LADY CLAIRE.csv
15.0020833333333,2-Undecanone,60.3887614739567,True,C11H22O,sample,LADY CLAIRE.csv
15.0631666666667,"Octadecane, 9-ethyl-9-heptyl-",60.317348095565,True,C27H56,sample,LADY CLAIRE.csv
15.1885666666667,Undecanal,89.103567498251,True,C11H22O,sample,LADY CLAIRE.csv
15.2914666666667,Z-8-Methyl-9-tetradecenoic acid,71.961439710385,True,C15H28O2,sample,LADY CLAIRE.csv
15.39435,"3-(1,5-Dimethyl-hexa-1,4-dienyl)-2,2-dimethyl-4-trimethylsilylcyclopentanol",58.7407622266291,True,C18H34OSi,sample,LADY CLAIRE.csv
15.4297166666667,Phthalic anhydride,74.6928261367266,True,C8H4O3,sample,LADY CLAIRE.csv
15.5165333333333,Methyl 8-oxooctanoate,80.4627981298203,True,C9H16O3,sample,LADY CLAIRE.csv
15.6933833333333,Triacetin,60.7695532387091,True,C9H14O6,sample,LADY CLAIRE.csv
15.7319666666667,10-Methyl-8-tetradecen-1-ol acetate,61.2241235590774,True,C17H32O2,sample,LADY CLAIRE.csv
15.7866333333333,"Spiro[4.5]decan-7-one, 1,8-dimethyl-8,9-epoxy-4-isopropyl-",62.7190085489415,True,C15H24O2,sample,LADY CLAIRE.csv
15.8702166666667,n-Decanoic acid,61.4471605608342,True,C10H20O2,sample,LADY CLAIRE.csv
15.9056,"Benzoic acid, 2-(hydroxymethyl)-",70.6714381233949,True,C8H8O3,sample,LADY CLAIRE.csv
15.9634666666667,"Z-(13,14-Epoxy)tetradec-11-en-1-ol acetate",67.7531484361973,True,C16H28O3,sample,LADY CLAIRE.csv
16.00205,"2(3H)-Furanone, dihydro-5-pentyl-",74.4029570899591,True,C9H16O2,sample,LADY CLAIRE.csv
16.0953,"Naphthalene, 1,2,3,4-tetrahydro-1,5-dimethyl-",64.2018670360335,True,C12H16,sample,LADY CLAIRE.csv
16.1724666666667,"Tetradecanoic acid, 2-hydroxy-",60.7324604246393,True,C14H28O3,sample,LADY CLAIRE.csv
16.29465,Acenaphthene,66.641519424817,True,C12H10,sample,LADY CLAIRE.csv
16.3428833333333,2-Dodecanone,67.8870756262275,True,C12H24O,sample,LADY CLAIRE.csv
16.3846833333333,Tetradecane,81.7295560566425,True,C14H30,sample,LADY CLAIRE.csv
16.4779333333333,Propoxyphene,53.7042837208874,True,C22H29NO2,sample,LADY CLAIRE.csv
16.5293666666667,Dodecanal,89.4910808443619,True,C12H24O,sample,LADY CLAIRE.csv
16.6065333333333,"2,4,7,9-Tetramethyl-5-decyn-4,7-diol",73.6573720701543,True,C14H26O2,sample,LADY CLAIRE.csv
16.8444833333333,"Nonanoic acid, 9-oxo-, methyl ester",91.8003261562861,True,C10H18O3,sample,LADY CLAIRE.csv
16.90235,"Octadecanal, 2-bromo-",57.7001913975797,True,C18H35BrO,sample,LADY CLAIRE.csv
16.9827333333333,"Benzeneacetamide, .alpha.-phenyl-",63.3846785296502,True,C14H13NO,sample,LADY CLAIRE.csv
17.11135,"Naphthalene, 1,3-dimethyl-",80.6777818506164,True,C12H12,sample,LADY CLAIRE.csv
17.1820833333333,Dimethyl phthalate,86.6746217540524,True,C10H10O4,sample,LADY CLAIRE.csv
17.3074833333333,"Hexadecane, 1-chloro-",82.2580987931293,True,C16H33Cl,sample,LADY CLAIRE.csv
17.3878666666667,"2,5-Cyclohexadiene-1,4-dione, 2,6-bis(1,1-dimethylethyl)-",80.0027850633973,True,C14H20O2,sample,LADY CLAIRE.csv
17.4489666666667,"Tricyclo[5.4.3.0(1,8)]tetradecan-3-ol-9-one, 4-ethenyl-6-(2-hydroxyacetoxy)-2,4,7,14-tetramethyl-",52.9220247294064,True,C22H34O5,sample,LADY CLAIRE.csv
17.52935,"Hexadecane, 1,1-bis(dodecyloxy)-",72.1875297375729,True,C40H82O2,sample,LADY CLAIRE.csv
17.5743666666667,"2,6-Dihydroxyacetophenone, 2TMS derivative",84.862903279469,True,C14H24O3Si2,sample,LADY CLAIRE.csv
17.7126166666667,tert-Hexadecanethiol,58.7816755996319,True,C16H34S,sample,LADY CLAIRE.csv
17.7769333333333,Tridecanal,87.2725241230917,True,C13H26O,sample,LADY CLAIRE.csv
17.8090833333333,"2,4-Di-tert-butylphenol",70.4439941257642,True,C14H22O,sample,LADY CLAIRE.csv
17.9955666666667,"5,8,11,14-Eicosatetraynoic acid, TMS derivative",63.8385632981693,True,C23H32O2Si,sample,LADY CLAIRE.csv
18.0856,"1H-Inden-1-one, 2,3-dihydro-3,3,4,6-tetramethyl-",62.1873441970273,True,C13H16O,sample,LADY CLAIRE.csv
18.1241833333333,"Octadecane, 1-chloro-",65.6192598674354,True,C18H37Cl,sample,LADY CLAIRE.csv
18.1724166666667,Phenylmaleic anhydride,78.2909744175553,True,C10H6O3,sample,LADY CLAIRE.csv
18.2367333333333,"Octadecane, 1-chloro-",52.2850616466283,True,C18H37Cl,sample,LADY CLAIRE.csv
18.2913833333333,Dodecanoic acid,67.2365468321922,True,C12H24O2,sample,LADY CLAIRE.csv
18.3524833333333,"Pentadecane, 2,6,10,14-tetramethyl-",68.5884141958667,True,C19H40,sample,LADY CLAIRE.csv
18.4585833333333,"N,N'-Bis(Carbobenzyloxy)-lysine methyl(ester)",57.3149422548119,True,C23H28N2O6,sample,LADY CLAIRE.csv
18.49395,"2-Benzoyl-6-nitrobenzoic acid, methyl ester",50.3937207404568,True,C15H11NO5,sample,LADY CLAIRE.csv
18.5936333333333,"Octadecanoic acid, 4-hydroxy-, methyl ester",62.9180948697858,True,C19H38O3,sample,LADY CLAIRE.csv
18.629,"Pregn-5-ene-3,8,11,12,14,20-hexol, (3.beta.,11.alpha.,12.beta.,14.beta.,20R)-",54.3067945987815,True,C21H34O6,sample,LADY CLAIRE.csv
18.6933,"1-Hexadecanol, 2-methyl-",73.2527054897054,True,C17H36O,sample,LADY CLAIRE.csv
18.7704666666667,Hexadecane,87.8803085611266,True,C16H34,sample,LADY CLAIRE.csv
18.84765,"2,2,4-Trimethyl-1,3-pentanediol diisobutyrate",89.8040814959375,True,C16H30O4,sample,LADY CLAIRE.csv
18.9505333333333,Tetradecanal,85.2595870867562,True,C14H28O,sample,LADY CLAIRE.csv
19.0727166666667,Phorbol,62.1166546713057,True,C20H28O6,sample,LADY CLAIRE.csv
19.2013333333333,"N,N'-Bis(Carbobenzyloxy)-lysine methyl(ester)",54.6165078475561,True,C23H28N2O6,sample,LADY CLAIRE.csv
19.24635,"Phenethylamine, 3-benzyloxy-2-fluoro-.beta.-hydroxy-",62.0596218467356,True,C15H16FNO2,sample,LADY CLAIRE.csv
19.32995,Benzophenone,97.1085575212818,True,C13H10O,sample,LADY CLAIRE.csv
19.5067833333333,"3,6-Dioxa-2,4,5,7-tetrasilaoctane, 2,2,4,4,5,5,7,7-octamethyl-",69.4013964894295,True,C10H30O2Si4,sample,LADY CLAIRE.csv
19.6000333333333,"10,13-Octadecadiynoic acid, methyl ester",52.8340088576447,True,C19H30O2,sample,LADY CLAIRE.csv
19.6482666666667,Dihydroxanthin,60.924906575329,True,C17H24O5,sample,LADY CLAIRE.csv
19.7479333333333,"1-Penten-3-one, 1-(2,6,6-trimethyl-1-cyclohexen-1-yl)-",71.1501662295113,True,C14H22O,sample,LADY CLAIRE.csv
19.7993833333333,"Hexadecane, 1,1-bis(dodecyloxy)-",73.911676025667,True,C40H82O2,sample,LADY CLAIRE.csv
19.8637,"Heptadecane, 9-hexyl-",78.2249857753047,True,C23H48,sample,LADY CLAIRE.csv
19.928,5-Butyl-5-ethylpentadecane,50.5162633146851,True,C21H44,sample,LADY CLAIRE.csv
20.00195,"Benzhydrazide, N'-[1-(3-ethoxyphenyl)-2,5-dioxo-pyrrolidin-3-yl]-",56.3225313549823,True,C19H19N3O4,sample,LADY CLAIRE.csv
20.0566166666667,"Ethanol, 2-(9-octadecenyloxy)-, (Z)-",82.1900767849551,True,C20H40O2,sample,LADY CLAIRE.csv
20.0984166666667,3-Fluoro-3-(2-oxo-2-phenyl-ethylsulfanyl)-2-trifluoromethyl-acrylic acid methyl ester,50.4802443096355,True,C13H10F4O3S,sample,LADY CLAIRE.csv
20.137,"Hexadecanoic acid, 14-methyl-, methyl ester",59.0290339681489,True,C18H36O2,sample,LADY CLAIRE.csv
20.2463166666667,"Benzene, (1-pentylheptyl)-",56.2811485813335,True,C18H30,sample,LADY CLAIRE.csv
20.3202666666667,"1H-Indene, 2,3-dihydro-1,1,3-trimethyl-3-phenyl-",77.8536410598918,True,C18H20,sample,LADY CLAIRE.csv
20.3685,"1,3-di-iso-propylnaphthalene",56.788459613646,True,C16H20,sample,LADY CLAIRE.csv
20.4263833333333,"1-Hexene, 3-methyl-6-phenyl-4-(1-phenylethoxy)-",65.4686769576328,True,C21H26O,sample,LADY CLAIRE.csv
20.4714,Tetradecanoic acid,83.304112126921,True,C14H28O2,sample,LADY CLAIRE.csv
20.6128666666667,"1,3-Benzenedicarboxylic acid, bis(2-ethylhexyl) ester",63.1093224529258,True,C24H38O4,sample,LADY CLAIRE.csv
20.6675333333333,"Benzamide, 2-methyl-N-nonyl-",52.0070034069988,True,C17H27NO,sample,LADY CLAIRE.csv
20.8990333333333,Octadecane,81.1365264160539,True,C18H38,sample,LADY CLAIRE.csv
21.0083666666667,"Carbonic acid, bis(2-ethylhexyl) ester",92.4588863943235,True,C17H34O3,sample,LADY CLAIRE.csv
21.0437333333333,"2-Propanol, 1-chloro-, phosphate (3:1)",92.7078486715178,True,C9H18Cl3O4P,sample,LADY CLAIRE.csv
21.1016,"Octadecanal, 2-bromo-",75.7705914110116,True,C18H35BrO,sample,LADY CLAIRE.csv
21.1691333333333,"3,6-Dioxa-2,4,5,7-tetrasilaoctane, 2,2,4,4,5,5,7,7-octamethyl-",64.0462513748981,True,C10H30O2Si4,sample,LADY CLAIRE.csv
21.27845,"Propanetrione, diphenyl-",68.4984618678628,True,C15H10O3,sample,LADY CLAIRE.csv
21.3266833333333,"Pentacosane, 13-phenyl-",51.9280970987229,True,C31H56,sample,LADY CLAIRE.csv
21.38135,"Octadecanal, 2-bromo-",67.6410848583034,True,C18H35BrO,sample,LADY CLAIRE.csv
21.46815,"Propanoic acid, 2-methyl-, (dodecahydro-6a-hydroxy-9a-methyl-3-methylene-2,9-dioxoazuleno[4,5-b]furan-6-yl)methyl ester, [3aS-(3a.alpha.,6.beta.,6a.alpha.,9a.beta.,9b.alpha.)]-",62.2166538501174,True,C19H26O6,sample,LADY CLAIRE.csv
21.6900166666667,"1,2-Benzenedicarboxylic acid, bis(2-methylpropyl) ester",69.636787297859,True,C16H22O4,sample,LADY CLAIRE.csv
21.7896833333333,"9,10-Bis(bromomethyl)anthracene",61.3527878819407,True,C16H12Br2,sample,LADY CLAIRE.csv
21.8250666666667,"Octadecanal, 2-bromo-",57.6643648701036,True,C18H35BrO,sample,LADY CLAIRE.csv
21.9247333333333,"3-Buten-2-one, 4,4-diphenyl-",73.4622744991668,True,C16H14O,sample,LADY CLAIRE.csv
22.0790666666667,"Benzene, (1-methyldodecyl)-",78.3727607037121,True,C19H32,sample,LADY CLAIRE.csv
22.13695,"Hexadecanoic acid, methyl ester",84.5594448889541,True,C17H34O2,sample,LADY CLAIRE.csv
22.2494833333333,"Spiro[oxirane-2,1'(1'H)Indene], 3'a,4',5',6',7',7'a-hexahydro-3'a-chlorothionyloxy-2',3'-epoxy-4'-methoxycarbonyl-5'-(1-methylethenyl)-6'-acetyloxy-7'-oxo-7'a-methyl-",58.7153251988679,True,C18H21ClO9S,sample,LADY CLAIRE.csv
22.3009333333333,"10,13-Octadecadiynoic acid, methyl ester",55.7248289095089,True,C19H30O2,sample,LADY CLAIRE.csv
22.42955,Diphenyl sulfone,65.4618530612118,True,C12H10O2S,sample,LADY CLAIRE.csv
22.5002833333333,Bis(2-ethylhexyl) methylenesuccinate,51.8077255114755,True,C21H38O4,sample,LADY CLAIRE.csv
22.6224666666667,.beta.-Phenylpropiolophenone,84.7793417138435,True,C15H10O,sample,LADY CLAIRE.csv
22.6867833333333,9-Anthracenecarboxaldehyde,56.9301543066056,True,C15H10O,sample,LADY CLAIRE.csv
22.8186,"Heptadecane, 9-hexyl-",69.1729466761807,True,C23H48,sample,LADY CLAIRE.csv
22.8861333333333,Carnegine,55.8757965747757,True,C13H19NO2,sample,LADY CLAIRE.csv
23.0469,Oleic Acid,72.4807128745245,True,C18H34O2,sample,LADY CLAIRE.csv
23.4423833333333,"1H-Pyrazole, 3,5-diphenyl-",69.5332238377924,True,C15H12N2,sample,LADY CLAIRE.csv
23.4906166666667,"Methanone, 2-benzofuranylphenyl-",64.7370203941767,True,C15H10O2,sample,LADY CLAIRE.csv
2.89018333333333,"Butanal, 3-methyl-",95.3807716411814,True,C5H10O,sample,RANGER RUSSET.csv
4.07665,"Disulfide, dimethyl",90.0639421270639,True,C2H6S2,sample,RANGER RUSSET.csv
5.89975,"Cyclotrisiloxane, hexamethyl-",97.8690145590131,True,C6H18O3Si3,sample,RANGER RUSSET.csv
9.33775803769801,Benzaldehyde,98.0179967581197,True,C7H6O,sample,RANGER RUSSET.csv
9.5524,Dimethyl trisulfide,91.4721416164551,True,C2H6S3,sample,RANGER RUSSET.csv
9.75175,Phenol,94.9194482029056,True,C6H6O,sample,RANGER RUSSET.csv
9.99611666666667,"Furan, 2-pentyl-",94.0091672011186,True,C9H14O,sample,RANGER RUSSET.csv
10.1183,"Cyclotetrasiloxane, octamethyl-",95.5246351779664,True,C8H24O4Si4,sample,RANGER RUSSET.csv
10.2179666666667,Octanal,96.3884518276817,True,C8H16O,sample,RANGER RUSSET.csv
10.7351737121752,"1-Hexanol, 2-ethyl-",94.8867805275923,True,C8H18O,sample,RANGER RUSSET.csv
10.81925,Eucalyptol,97.1248906760075,True,C10H18O,sample,RANGER RUSSET.csv
11.4751833333333,Acetophenone,95.06525901703,True,C8H8O,sample,RANGER RUSSET.csv
12.1021666666667,Nonanal,98.5601476340077,True,C9H18O,sample,RANGER RUSSET.csv
13.2436166666667,Benzoic acid,94.8399423310407,True,C7H6O2,sample,RANGER RUSSET.csv
13.7291333333333,Decanal,97.8930665339684,True,C10H20O,sample,RANGER RUSSET.csv
15.4236333333333,Phthalic anhydride,91.4949835530875,True,C8H4O3,sample,RANGER RUSSET.csv
18.16955,Phenylmaleic anhydride,94.7152992460482,True,C10H6O3,sample,RANGER RUSSET.csv
19.3302833333333,Benzophenone,97.0272957141013,True,C13H10O,sample,RANGER RUSSET.csv
21.0087,"Carbonic acid, 2-ethylhexyl octyl ester",91.390448705456,True,C17H34O3,sample,RANGER RUSSET.csv
21.0440666666667,"2-Propanol, 1-chloro-, phosphate (3:1)",93.0341451989665,True,C9H18Cl3O4P,sample,RANGER RUSSET.csv
22.1405166666667,"Hexadecanoic acid, methyl ester",93.3458893632623,True,C17H34O2,sample,RANGER RUSSET.csv
23.4137833333333,"Furan, 2,5-diphenyl-",90.7795855685354,True,C16H12O,sample,RANGER RUSSET.csv
2.89008333333333,"Butanal, 3-methyl-",91.9672458792594,True,C5H10O,sample,RICKEY RUSSET.csv
5.89868113242274,"Cyclotrisiloxane, hexamethyl-",97.5379764866278,True,C6H18O3Si3,sample,RICKEY RUSSET.csv
9.33686666666667,Benzaldehyde,97.53494606206,True,C7H6O,sample,RICKEY RUSSET.csv
9.54908333333333,Dimethyl trisulfide,90.0463924567323,True,C2H6S3,sample,RICKEY RUSSET.csv
9.75165,Phenol,93.2046947595785,True,C6H6O,sample,RICKEY RUSSET.csv
10.1182,"Cyclotetrasiloxane, octamethyl-",94.6683971827115,True,C8H24O4Si4,sample,RICKEY RUSSET.csv
10.2178833333333,Octanal,95.3006563354656,True,C8H16O,sample,RICKEY RUSSET.csv
10.7227,"1-Hexanol, 2-ethyl-",96.1157407789536,True,C8H18O,sample,RICKEY RUSSET.csv
10.81915,Eucalyptol,97.0041750589827,True,C10H18O,sample,RICKEY RUSSET.csv
11.4750833333333,Acetophenone,94.6617208289448,True,C8H8O,sample,RICKEY RUSSET.csv
12.1020833333333,Nonanal,98.798087860287,True,C9H18O,sample,RICKEY RUSSET.csv
13.22745,Benzoic acid,92.9934047208284,True,C7H6O2,sample,RICKEY RUSSET.csv
13.7322666666667,Decanal,97.8625145855245,True,C10H20O,sample,RICKEY RUSSET.csv
16.8447333333333,"Nonanoic acid, 9-oxo-, methyl ester",94.8892748781092,True,C10H18O3,sample,RICKEY RUSSET.csv
18.16945,Phenylmaleic anhydride,93.2965972522361,True,C10H6O3,sample,RICKEY RUSSET.csv
18.8479,"2,2,4-Trimethyl-1,3-pentanediol diisobutyrate",90.2426949872064,True,C16H30O4,sample,RICKEY RUSSET.csv
19.3269833333333,Benzophenone,97.2983827094403,True,C13H10O,sample,RICKEY RUSSET.csv
20.8349833333333,"1,3-Benzenedicarboxylic acid, bis(2-ethylhexyl) ester",90.980686868696,True,C24H38O4,sample,RICKEY RUSSET.csv
21.0086166666667,"Carbonic acid, 2-ethylhexyl octyl ester",92.6720715353364,True,C17H34O3,sample,RICKEY RUSSET.csv
21.0407666666667,"2-Propanol, 1-chloro-, phosphate (3:1)",92.1193391428774,True,C9H18Cl3O4P,sample,RICKEY RUSSET.csv
2.89325,"Butanal, 3-methyl-",93.8903127641886,True,C5H10O,sample,FORTUS.csv
4.0765,"Disulfide, dimethyl",92.2452839471181,True,C2H6S2,sample,FORTUS.csv
5.89961666666667,"Cyclotrisiloxane, hexamethyl-",97.8983534787567,True,C6H18O3Si3,sample,FORTUS.csv
9.33683333333333,Benzaldehyde,96.3851852389207,True,C7H6O,sample,FORTUS.csv
9.54903333333333,Dimethyl trisulfide,91.6066293667872,True,C2H6S3,sample,FORTUS.csv
9.7516,Phenol,92.517193705756,True,C6H6O,sample,FORTUS.csv
10.11815,"Cyclotetrasiloxane, octamethyl-",95.7973070478381,True,C8H24O4Si4,sample,FORTUS.csv
10.2178333333333,Octanal,96.6465668499292,True,C8H16O,sample,FORTUS.csv
10.7258666666667,"1-Hexanol, 2-ethyl-",96.7367656230238,True,C8H18O,sample,FORTUS.csv
10.8191,Eucalyptol,96.3267611271389,True,C10H18O,sample,FORTUS.csv
11.4750333333333,Acetophenone,91.4878536207735,True,C8H8O,sample,FORTUS.csv
12.10525,Nonanal,98.7937055519364,True,C9H18O,sample,FORTUS.csv
13.7322166666667,Decanal,98.272295839913,True,C10H20O,sample,FORTUS.csv
16.8414666666667,"Nonanoic acid, 9-oxo-, methyl ester",90.3970858235502,True,C10H18O3,sample,FORTUS.csv
19.3333666666667,Benzophenone,98.5440526487479,True,C13H10O,sample,FORTUS.csv
20.48125,Tetradecanoic acid,91.9063387826291,True,C14H28O2,sample,FORTUS.csv
21.0085666666667,"Carbonic acid, 2-ethylhexyl octyl ester",91.8952823178811,True,C17H34O3,sample,FORTUS.csv
21.0439333333333,"2-Propanol, 1-chloro-, phosphate (3:1)",96.2564713995229,True,C9H18Cl3O4P,sample,FORTUS.csv
22.13715,"Hexadecanoic acid, methyl ester",90.392876728507,True,C17H34O2,sample,FORTUS.csv
2.16973333333333,"2-Propanone, 1-methoxy-",90.1622087442075,True,C4H8O2,sample,AGRIA.csv
2.88676666666667,"Butanal, 3-methyl-",96.1675273710653,True,C5H10O,sample,AGRIA.csv
3.30475,Pentanal,90.8330287650388,True,C5H10O,sample,AGRIA.csv
5.89307020738997,"Cyclotrisiloxane, hexamethyl-",97.8485466826095,True,C6H18O3Si3,sample,AGRIA.csv
9.33897937638422,Benzaldehyde,95.7432811526406,True,C7H6O,sample,AGRIA.csv
9.54255,Dimethyl trisulfide,90.8686275748035,True,C2H6S3,sample,AGRIA.csv
9.98948333333333,"Furan, 2-pentyl-",91.3889803074408,True,C9H14O,sample,AGRIA.csv
10.10845,"Cyclotetrasiloxane, octamethyl-",95.7369890047603,True,C8H24O4Si4,sample,AGRIA.csv
10.2113333333333,Octanal,96.6462548527426,True,C8H16O,sample,AGRIA.csv
10.7174192008557,"1-Hexanol, 2-ethyl-",96.4795618250961,True,C8H18O,sample,AGRIA.csv
10.8126166666667,Eucalyptol,95.6747899572896,True,C10H18O,sample,AGRIA.csv
12.0955333333333,Nonanal,98.5725560267413,True,C9H18O,sample,AGRIA.csv
13.7225,Decanal,98.0656553538546,True,C10H20O,sample,AGRIA.csv
16.3751666666667,Tetradecane,91.8390507692816,True,C14H30,sample,AGRIA.csv
16.8381833333333,"Nonanoic acid, 9-oxo-, methyl ester",90.2850478571616,True,C10H18O3,sample,AGRIA.csv
18.7609666666667,Hexadecane,91.5171153526551,True,C16H34,sample,AGRIA.csv
19.32365,Benzophenone,94.2493468237325,True,C13H10O,sample,AGRIA.csv
21.0020666666667,"Carbonic acid, 2-ethylhexyl octyl ester",94.532505116111,True,C17H34O3,sample,AGRIA.csv
21.04065,"2-Propanol, 1-chloro-, phosphate (3:1)",93.1865075517685,True,C9H18Cl3O4P,sample,AGRIA.csv
21.1113833333333,2-Ethylhexyl salicylate,90.1965263982996,True,C15H22O3,sample,AGRIA.csv
25.35245,"[1,1':3',1''-Terphenyl]-2'-ol",93.2535382509964,True,C18H14O,sample,AGRIA.csv
2.17311666666667,"2-Propanone, 1-methoxy-",90.2851959964001,True,C4H8O2,sample,CAROLINA.csv
2.88693333333333,"Butanal, 3-methyl-",96.9582441569789,True,C5H10O,sample,CAROLINA.csv
5.89138001591958,"Cyclotrisiloxane, hexamethyl-",97.3766697326909,True,C6H18O3Si3,sample,CAROLINA.csv
9.33693333333333,Benzaldehyde,95.4909661339522,True,C7H6O,sample,CAROLINA.csv
9.54593333333333,Dimethyl trisulfide,90.9925531700786,True,C2H6S3,sample,CAROLINA.csv
9.75493333333333,Phenol,90.1149454154223,True,C6H6O,sample,CAROLINA.csv
9.98989142714804,"Furan, 2-pentyl-",94.274686603486,True,C9H14O,sample,CAROLINA.csv
10.1086166666667,"Cyclotetrasiloxane, octamethyl-",95.7128479884641,True,C8H24O4Si4,sample,CAROLINA.csv
10.2115166666667,Octanal,95.783175785508,True,C8H16O,sample,CAROLINA.csv
10.7195333333333,"1-Hexanol, 2-ethyl-",95.4134672423202,True,C8H18O,sample,CAROLINA.csv
10.8095666666667,Eucalyptol,96.051299684709,True,C10H18O,sample,CAROLINA.csv
12.0925,Nonanal,98.470524986683,True,C9H18O,sample,CAROLINA.csv
13.7226833333333,Decanal,97.4794969479911,True,C10H20O,sample,CAROLINA.csv
16.83835,"Nonanoic acid, 9-oxo-, methyl ester",94.6795827033808,True,C10H18O3,sample,CAROLINA.csv
19.3238166666667,Benzophenone,97.0155469871024,True,C13H10O,sample,CAROLINA.csv
21.0022333333333,"Carbonic acid, 2-ethylhexyl octyl ester",94.3299052654952,True,C17H34O3,sample,CAROLINA.csv
21.0408166666667,"2-Propanol, 1-chloro-, phosphate (3:1)",93.8158379818453,True,C9H18Cl3O4P,sample,CAROLINA.csv
2.1771918311642,"2-Propanone, 1-methoxy-",92.5122678269837,True,C4H8O2,sample,COLOMBA.csv
2.89003333333333,"Butanal, 3-methyl-",97.4228041078752,True,C5H10O,sample,COLOMBA.csv
5.89316666666667,"Cyclotrisiloxane, hexamethyl-",97.3437268230889,True,C6H18O3Si3,sample,COLOMBA.csv
7.951,Heptanal,91.5781137412427,True,C7H14O,sample,COLOMBA.csv
9.34009657462521,Benzaldehyde,95.9396792123967,True,C7H6O,sample,COLOMBA.csv
9.54581666666667,Dimethyl trisulfide,92.8982960634944,True,C2H6S3,sample,COLOMBA.csv
9.98953333333333,"Furan, 2-pentyl-",90.9645670229747,True,C9H14O,sample,COLOMBA.csv
10.1106547391925,"Cyclotetrasiloxane, octamethyl-",95.4855925611235,True,C8H24O4Si4,sample,COLOMBA.csv
10.2114,Octanal,96.3656099054976,True,C8H16O,sample,COLOMBA.csv
10.7162,"1-Hexanol, 2-ethyl-",96.6890630411711,True,C8H18O,sample,COLOMBA.csv
10.8126666666667,Eucalyptol,94.3139914304809,True,C10H18O,sample,COLOMBA.csv
12.0956,Nonanal,98.3693654014733,True,C9H18O,sample,COLOMBA.csv
13.7225666666667,Decanal,98.1188758495475,True,C10H20O,sample,COLOMBA.csv
19.3242068121168,Benzophenone,96.8531581497595,True,C13H10O,sample,COLOMBA.csv
20.9989166666667,"Carbonic acid, 2-ethylhexyl octyl ester",93.7884539346319,True,C17H34O3,sample,COLOMBA.csv
21.0375,"2-Propanol, 1-chloro-, phosphate (3:1)",94.6068696907388,True,C9H18Cl3O4P,sample,COLOMBA.csv
22.1339333333333,"Hexadecanoic acid, methyl ester",93.9508311198108,True,C17H34O2,sample,COLOMBA.csv
2.17301666666667,"2-Propanone, 1-methoxy-",91.6656787419151,True,C4H8O2,sample,CRISPS4ALL.csv
2.62315,"1,3,5-Trifluorobenzene",91.591797114346,True,C6H3F3,sample,CRISPS4ALL.csv
2.88681666666667,"Butanal, 3-methyl-",93.801427442464,True,C5H10O,sample,CRISPS4ALL.csv
4.07035136708858,"Disulfide, dimethyl",91.0122639164373,True,C2H6S2,sample,CRISPS4ALL.csv
5.88996666666667,"Cyclotrisiloxane, hexamethyl-",97.4355928171675,True,C6H18O3Si3,sample,CRISPS4ALL.csv
9.3336,Benzaldehyde,95.3784622579161,True,C7H6O,sample,CRISPS4ALL.csv
9.5426,Dimethyl trisulfide,91.4084870895037,True,C2H6S3,sample,CRISPS4ALL.csv
10.1085,"Cyclotetrasiloxane, octamethyl-",95.2328028348833,True,C8H24O4Si4,sample,CRISPS4ALL.csv
10.2114,Octanal,95.4561732782895,True,C8H16O,sample,CRISPS4ALL.csv
10.7162,"1-Hexanol, 2-ethyl-",96.1948559795682,True,C8H18O,sample,CRISPS4ALL.csv
10.8126666666667,Eucalyptol,94.4785003801719,True,C10H18O,sample,CRISPS4ALL.csv
12.0956,Nonanal,98.2192500941566,True,C9H18O,sample,CRISPS4ALL.csv
13.7225666666667,Decanal,96.9524247753078,True,C10H20O,sample,CRISPS4ALL.csv
19.3237166666667,Benzophenone,97.1245102792369,True,C13H10O,sample,CRISPS4ALL.csv
20.9989166666667,"Carbonic acid, bis(2-ethylhexyl) ester",91.73175809555,True,C17H34O3,sample,CRISPS4ALL.csv
21.0375,"2-Propanol, 1-chloro-, phosphate (3:1)",94.9023944736903,True,C9H18Cl3O4P,sample,CRISPS4ALL.csv
22.1339333333333,"Hexadecanoic acid, methyl ester",91.6237202866294,True,C17H34O2,sample,CRISPS4ALL.csv
25.3557166666667,"[1,1':3',1''-Terphenyl]-2'-ol",90.9045165426146,True,C18H14O,sample,CRISPS4ALL.csv
2.16943333333333,"2-Propanone, 1-methoxy-",90.7645584993751,True,C4H8O2,sample,DEODARA.csv
2.88645,"Butanal, 3-methyl-",96.9358682045536,True,C5H10O,sample,DEODARA.csv
5.29475,Hexanal,90.5442658760712,True,C6H12O,sample,DEODARA.csv
5.89603333333333,"Cyclotrisiloxane, hexamethyl-",97.0768168995103,True,C6H18O3Si3,sample,DEODARA.csv
7.16288333333333,p-Xylene,94.937783383199,True,C8H10,sample,DEODARA.csv
9.34533339337578,Benzaldehyde,94.9250891711323,True,C7H6O,sample,DEODARA.csv
9.99238333333333,"Furan, 2-pentyl-",91.7463634076408,True,C9H14O,sample,DEODARA.csv
10.10815,"Cyclotetrasiloxane, octamethyl-",94.6268118495781,True,C8H24O4Si4,sample,DEODARA.csv
10.21425,Octanal,95.7849914605854,True,C8H16O,sample,DEODARA.csv
10.7256189772497,"1-Hexanol, 2-ethyl-",95.6213566894273,True,C8H18O,sample,DEODARA.csv
10.8123,Eucalyptol,96.0054642525826,True,C10H18O,sample,DEODARA.csv
12.0952333333333,Nonanal,98.1898661820497,True,C9H18O,sample,DEODARA.csv
13.7222,Decanal,97.5908403419766,True,C10H20O,sample,DEODARA.csv
16.8378833333333,"Nonanoic acid, 9-oxo-, methyl ester",93.9456936211367,True,C10H18O3,sample,DEODARA.csv
17.1079666666667,"Naphthalene, 1,3-dimethyl-",92.8796977403805,True,C12H12,sample,DEODARA.csv
19.3265666666667,Benzophenone,94.8466776635777,True,C13H10O,sample,DEODARA.csv
21.0017666666667,"Carbonic acid, 2-ethylhexyl octyl ester",92.9434138791183,True,C17H34O3,sample,DEODARA.csv
21.04035,"2-Propanol, 1-chloro-, phosphate (3:1)",94.0425410781661,True,C9H18Cl3O4P,sample,DEODARA.csv
25.35535,"[1,1':3',1''-Terphenyl]-2'-ol",91.4036638635059,True,C18H14O,sample,DEODARA.csv
2.16646666666667,"2-Propanone, 1-methoxy-",90.9043003306658,True,C4H8O2,sample,TETON RUSSET.csv
2.88671666666667,"Butanal, 3-methyl-",96.0612278851433,True,C5H10O,sample,TETON RUSSET.csv
5.28858333333333,Hexanal,90.795046454216,True,C6H12O,sample,TETON RUSSET.csv
5.88663333333333,"Cyclotrisiloxane, hexamethyl-",98.163057289417,True,C6H18O3Si3,sample,TETON RUSSET.csv
7.9509,Heptanal,92.6465412692309,True,C7H14O,sample,TETON RUSSET.csv
9.33671666666667,Benzaldehyde,95.1448723433818,True,C7H6O,sample,TETON RUSSET.csv
10.1084,"Cyclotetrasiloxane, octamethyl-",95.8493626413337,True,C8H24O4Si4,sample,TETON RUSSET.csv
10.2112833333333,Octanal,96.5181877266961,True,C8H16O,sample,TETON RUSSET.csv
10.7161,"1-Hexanol, 2-ethyl-",95.7711253297712,True,C8H18O,sample,TETON RUSSET.csv
10.80935,Eucalyptol,95.6278765571014,True,C10H18O,sample,TETON RUSSET.csv
12.0922666666667,Nonanal,98.5712544025833,True,C9H18O,sample,TETON RUSSET.csv
13.72245,Decanal,97.8955535287573,True,C10H20O,sample,TETON RUSSET.csv
16.3751166666667,Tetradecane,90.1573468644517,True,C14H30,sample,TETON RUSSET.csv
18.7609166666667,Hexadecane,91.1764368585234,True,C16H34,sample,TETON RUSSET.csv
19.3268166666667,Benzophenone,92.6239730067213,True,C13H10O,sample,TETON RUSSET.csv
20.9988,"Carbonic acid, 2-ethylhexyl octyl ester",93.6461853566911,True,C17H34O3,sample,TETON RUSSET.csv
21.0406,"2-Propanol, 1-chloro-, phosphate (3:1)",91.8408462278204,True,C9H18Cl3O4P,sample,TETON RUSSET.csv
25.3562800128763,"[1,1':3',1''-Terphenyl]-2'-ol",93.3000772831908,True,C18H14O,sample,TETON RUSSET.csv
2.16988333333333,"2-Propanone, 1-methoxy-",90.4891278100977,True,C4H8O2,sample,KONDOR.csv
2.88691666666667,"Butanal, 3-methyl-",97.8097910101198,True,C5H10O,sample,KONDOR.csv
5.292,Hexanal,91.4672760498483,True,C6H12O,sample,KONDOR.csv
5.89362303941344,"Cyclotrisiloxane, hexamethyl-",97.0307056708701,True,C6H18O3Si3,sample,KONDOR.csv
9.34273546479431,Benzaldehyde,95.3950171302642,True,C7H6O,sample,KONDOR.csv
9.54591666666667,Dimethyl trisulfide,92.1194980151558,True,C2H6S3,sample,KONDOR.csv
9.98963333333333,"Furan, 2-pentyl-",92.9829416101718,True,C9H14O,sample,KONDOR.csv
10.1086,"Cyclotetrasiloxane, octamethyl-",95.2812920197443,True,C8H24O4Si4,sample,KONDOR.csv
10.2115,Octanal,95.7169340089428,True,C8H16O,sample,KONDOR.csv
10.7163,"1-Hexanol, 2-ethyl-",96.4169224726943,True,C8H18O,sample,KONDOR.csv
10.8127666666667,Eucalyptol,95.7567436740027,True,C10H18O,sample,KONDOR.csv
12.0956833333333,Nonanal,98.1613143622312,True,C9H18O,sample,KONDOR.csv
13.7226666666667,Decanal,97.8955557567335,True,C10H20O,sample,KONDOR.csv
16.8383333333333,"Nonanoic acid, 9-oxo-, methyl ester",94.68554185024,True,C10H18O3,sample,KONDOR.csv
18.7643333333333,Hexadecane,90.6566593759337,True,C16H34,sample,KONDOR.csv
19.3238,Benzophenone,95.6180725015145,True,C13H10O,sample,KONDOR.csv
20.8896833333333,Octadecane,92.1391363977535,True,C18H38,sample,KONDOR.csv
20.999,"Carbonic acid, bis(2-ethylhexyl) ester",91.7052949499241,True,C17H34O3,sample,KONDOR.csv
21.0375833333333,"2-Propanol, 1-chloro-, phosphate (3:1)",94.7572451144541,True,C9H18Cl3O4P,sample,KONDOR.csv
22.1340333333333,"Hexadecanoic acid, methyl ester",94.5607988792956,True,C17H34O2,sample,KONDOR.csv
25.3558166666667,"[1,1':3',1''-Terphenyl]-2'-ol",93.8314712072876,True,C18H14O,sample,KONDOR.csv
2.17281666666667,"2-Propanone, 1-methoxy-",92.0354843517259,True,C4H8O2,sample,MUSE.csv
2.88663333333333,"Butanal, 3-methyl-",97.6080406308711,True,C5H10O,sample,MUSE.csv
5.88976666666667,"Cyclotrisiloxane, hexamethyl-",97.4013956081124,True,C6H18O3Si3,sample,MUSE.csv
9.33341666666667,Benzaldehyde,95.810783798447,True,C7H6O,sample,MUSE.csv
9.54241666666667,Dimethyl trisulfide,93.1737794892555,True,C2H6S3,sample,MUSE.csv
9.98935,"Furan, 2-pentyl-",92.9385139203843,True,C9H14O,sample,MUSE.csv
10.1083166666667,"Cyclotetrasiloxane, octamethyl-",95.4496847213468,True,C8H24O4Si4,sample,MUSE.csv
10.2112,Octanal,95.5916837340365,True,C8H16O,sample,MUSE.csv
10.7128,"1-Hexanol, 2-ethyl-",97.0528655305527,True,C8H18O,sample,MUSE.csv
10.8124833333333,Eucalyptol,95.587388048744,True,C10H18O,sample,MUSE.csv
12.0954,Nonanal,98.0314300055185,True,C9H18O,sample,MUSE.csv
13.7223666666667,Decanal,97.551905945178,True,C10H20O,sample,MUSE.csv
19.3235166666667,Benzophenone,97.5102564941875,True,C13H10O,sample,MUSE.csv
21.0019333333333,"Carbonic acid, 2-ethylhexyl octyl ester",94.4793663765883,True,C17H34O3,sample,MUSE.csv
21.0373,"2-Propanol, 1-chloro-, phosphate (3:1)",93.3314986217479,True,C9H18Cl3O4P,sample,MUSE.csv
21.6835833333333,"1,2-Benzenedicarboxylic acid, bis(2-methylpropyl) ester",90.4827687850322,True,C16H22O4,sample,MUSE.csv
25.3555166666667,"[1,1':3',1''-Terphenyl]-2'-ol",92.3965072405206,True,C18H14O,sample,MUSE.csv
2.17298333333333,"2-Propanone, 1-methoxy-",91.8336335871762,True,C4H8O2,sample,PARELLA.csv
2.8868,"Butanal, 3-methyl-",96.9970334236491,True,C5H10O,sample,PARELLA.csv
5.29188333333333,Hexanal,90.4133537051156,True,C6H12O,sample,PARELLA.csv
5.89315,"Cyclotrisiloxane, hexamethyl-",97.0167562461149,True,C6H18O3Si3,sample,PARELLA.csv
9.34206303418719,Benzaldehyde,95.8132892740368,True,C7H6O,sample,PARELLA.csv
9.5458,Dimethyl trisulfide,91.6261729303293,True,C2H6S3,sample,PARELLA.csv
9.98951666666667,"Furan, 2-pentyl-",92.5547185613674,True,C9H14O,sample,PARELLA.csv
10.1084833333333,"Cyclotetrasiloxane, octamethyl-",95.3825063899534,True,C8H24O4Si4,sample,PARELLA.csv
10.2113833333333,Octanal,97.0232064157456,True,C8H16O,sample,PARELLA.csv
10.7194,"1-Hexanol, 2-ethyl-",95.3594054940631,True,C8H18O,sample,PARELLA.csv
10.81265,Eucalyptol,96.1917267911238,True,C10H18O,sample,PARELLA.csv
12.0955833333333,Nonanal,98.6248060249559,True,C9H18O,sample,PARELLA.csv
13.72255,Decanal,98.3409695625695,True,C10H20O,sample,PARELLA.csv
16.5199,Dodecanal,91.3859701275878,True,C12H24O,sample,PARELLA.csv
16.8382166666667,"Nonanoic acid, 9-oxo-, methyl ester",93.7951406712418,True,C10H18O3,sample,PARELLA.csv
19.3237,Benzophenone,95.0895768595389,True,C13H10O,sample,PARELLA.csv
20.9988833333333,"Carbonic acid, 2-ethylhexyl octyl ester",94.3610210249582,True,C17H34O3,sample,PARELLA.csv
21.0374833333333,"2-Propanol, 1-chloro-, phosphate (3:1)",93.8272413611973,True,C9H18Cl3O4P,sample,PARELLA.csv
22.1371333333333,"Hexadecanoic acid, methyl ester",91.1890853872095,True,C17H34O2,sample,PARELLA.csv
25.3524833333333,"[1,1':3',1''-Terphenyl]-2'-ol",93.9946039242667,True,C18H14O,sample,PARELLA.csv
2.17047741734271,"2-Propanone, 1-methoxy-",92.6625643986325,True,C4H8O2,sample,ROYAL.csv
2.88686666666667,"Butanal, 3-methyl-",94.8411785504489,True,C5H10O,sample,ROYAL.csv
4.0669,"Disulfide, dimethyl",90.1103747776402,True,C2H6S2,sample,ROYAL.csv
5.2897625770269,Hexanal,90.4174502729142,True,C6H12O,sample,ROYAL.csv
5.89,"Cyclotrisiloxane, hexamethyl-",96.9968927293779,True,C6H18O3Si3,sample,ROYAL.csv
9.33994131530767,Benzaldehyde,95.5565363681722,True,C7H6O,sample,ROYAL.csv
9.54586666666667,Dimethyl trisulfide,90.3368165411068,True,C2H6S3,sample,ROYAL.csv
9.75486666666667,Phenol,90.3147333850411,True,C6H6O,sample,ROYAL.csv
10.10855,"Cyclotetrasiloxane, octamethyl-",95.1724502679663,True,C8H24O4Si4,sample,ROYAL.csv
10.2114333333333,Octanal,96.1530144416803,True,C8H16O,sample,ROYAL.csv
10.71625,"1-Hexanol, 2-ethyl-",95.9944520525693,True,C8H18O,sample,ROYAL.csv
10.8127166666667,Eucalyptol,95.7465981680052,True,C10H18O,sample,ROYAL.csv
12.0956333333333,Nonanal,98.5867695820296,True,C9H18O,sample,ROYAL.csv
13.7226,Decanal,98.0211337943787,True,C10H20O,sample,ROYAL.csv
19.32375,Benzophenone,96.4587923136005,True,C13H10O,sample,ROYAL.csv
20.99895,"Carbonic acid, bis(2-ethylhexyl) ester",94.9394722658765,True,C17H34O3,sample,ROYAL.csv
21.0375333333333,"2-Propanol, 1-chloro-, phosphate (3:1)",93.9996089995514,True,C9H18Cl3O4P,sample,ROYAL.csv
22.1339833333333,"Hexadecanoic acid, methyl ester",95.199393477096,True,C17H34O2,sample,ROYAL.csv
25.35255,"[1,1':3',1''-Terphenyl]-2'-ol",94.3076530093105,True,C18H14O,sample,ROYAL.csv
2.17306666666667,"2-Propanone, 1-methoxy-",91.2965713119687,True,C4H8O2,sample,CARDYMA.csv
3.36596666666667,"Furan, 2-ethyl-",93.4527794603447,True,C6H8O,sample,CARDYMA.csv
4.07215137840586,"Disulfide, dimethyl",91.5389948290405,True,C2H6S2,sample,CARDYMA.csv
5.2791,Hexanal,94.9818332462757,True,C6H12O,sample,CARDYMA.csv
5.88358333333333,"Cyclotrisiloxane, hexamethyl-",97.4385647862768,True,C6H18O3Si3,sample,CARDYMA.csv
7.94785,Heptanal,92.0442609017247,True,C7H14O,sample,CARDYMA.csv
9.33045,Benzaldehyde,97.1044979377311,True,C7H6O,sample,CARDYMA.csv
9.75166666666667,Phenol,92.5350198192401,True,C6H6O,sample,CARDYMA.csv
9.98638333333333,"Furan, 2-pentyl-",97.3123686468384,True,C9H14O,sample,CARDYMA.csv
10.1085666666667,"Cyclotetrasiloxane, octamethyl-",94.8771611641551,True,C8H24O4Si4,sample,CARDYMA.csv
10.21145,Octanal,95.6918800530684,True,C8H16O,sample,CARDYMA.csv
10.729443610586,"1-Hexanol, 2-ethyl-",93.2573596771836,True,C8H18O,sample,CARDYMA.csv
10.8095166666667,Eucalyptol,95.6457215796959,True,C10H18O,sample,CARDYMA.csv
11.46865,Acetophenone,92.5252943298522,True,C8H8O,sample,CARDYMA.csv
12.0924333333333,Nonanal,98.5131616122271,True,C9H18O,sample,CARDYMA.csv
12.4204,"Octanoic acid, methyl ester",90.2045772027512,True,C9H18O2,sample,CARDYMA.csv
13.7194,Decanal,97.6144304560972,True,C10H20O,sample,CARDYMA.csv
14.2853166666667,"2-Propanol, 1-(2-butoxy-1-methylethoxy)-",92.540936144546,True,C10H22O3,sample,CARDYMA.csv
14.3496166666667,"2-Propanol, 1-(2-butoxy-1-methylethoxy)-",92.6316125405707,True,C10H22O3,sample,CARDYMA.csv
15.50715,Methyl 8-oxooctanoate,94.7310760517734,True,C9H16O3,sample,CARDYMA.csv
15.6807666666667,"Glycerol 1,2-diacetate",94.0801028807953,True,C7H12O5,sample,CARDYMA.csv
15.9251333333333,"Ethanol, 2-(2-butoxyethoxy)-, acetate",92.0967249837086,True,C10H20O4,sample,CARDYMA.csv
16.3752833333333,Tetradecane,93.0783059121678,True,C14H30,sample,CARDYMA.csv
16.8383,"Nonanoic acid, 9-oxo-, methyl ester",95.7974424217272,True,C10H18O3,sample,CARDYMA.csv
17.1051666666667,"Naphthalene, 1,4-dimethyl-",93.0421518577451,True,C12H12,sample,CARDYMA.csv
17.1759166666667,Dimethyl phthalate,94.3851955924854,True,C10H10O4,sample,CARDYMA.csv
18.7643,Hexadecane,95.3501359586723,True,C16H34,sample,CARDYMA.csv
19.0601166666667,"Dodecanoic acid, 1-methylethyl ester",94.124770686169,True,C15H30O2,sample,CARDYMA.csv
19.3269833333333,Benzophenone,97.6219731497723,True,C13H10O,sample,CARDYMA.csv
20.8928666666667,Octadecane,93.1103669679,True,C18H38,sample,CARDYMA.csv
20.9989666666667,"Carbonic acid, bis(2-ethylhexyl) ester",91.1367445032368,True,C17H34O3,sample,CARDYMA.csv
21.6806166666667,"1,2-Benzenedicarboxylic acid, bis(2-methylpropyl) ester",93.4397440347717,True,C16H22O4,sample,CARDYMA.csv
22.597,Dibutyl phthalate,91.072483556577,True,C16H22O4,sample,CARDYMA.csv
2.16955,"2-Propanone, 1-methoxy-",94.6726537144501,True,C4H8O2,sample,CECILE.csv
2.88658333333333,"Butanal, 3-methyl-",98.1086874495387,True,C5H10O,sample,CECILE.csv
5.28986045118674,Hexanal,91.7987549078147,True,C6H12O,sample,CECILE.csv
5.8865,"Cyclotrisiloxane, hexamethyl-",96.0827731998279,True,C6H18O3Si3,sample,CECILE.csv
9.33758412916277,Benzaldehyde,95.3349550595555,True,C7H6O,sample,CECILE.csv
9.54236666666667,Dimethyl trisulfide,91.9424800472368,True,C2H6S3,sample,CECILE.csv
9.98608333333333,"Furan, 2-pentyl-",96.5030853707037,True,C9H14O,sample,CECILE.csv
10.1082666666667,"Cyclotetrasiloxane, octamethyl-",94.9293821384393,True,C8H24O4Si4,sample,CECILE.csv
10.20795,Octanal,94.303054194829,True,C8H16O,sample,CECILE.csv
10.8092166666667,Eucalyptol,97.0137357209464,True,C10H18O,sample,CECILE.csv
12.09215,Nonanal,98.3593984601755,True,C9H18O,sample,CECILE.csv
13.7223333333333,Decanal,97.5599575587039,True,C10H20O,sample,CECILE.csv
16.375,Tetradecane,92.2144444675941,True,C14H30,sample,CECILE.csv
16.8347833333333,"Nonanoic acid, 9-oxo-, methyl ester",94.0684808927187,True,C10H18O3,sample,CECILE.csv
17.1081,"Naphthalene, 1,3-dimethyl-",95.4657986216523,True,C12H12,sample,CECILE.csv
18.7607833333333,Hexadecane,91.2671617439322,True,C16H34,sample,CECILE.csv
19.3234666666667,Benzophenone,94.3748319856905,True,C13H10O,sample,CECILE.csv
20.69965,"1,3-Benzenedicarboxylic acid, bis(2-ethylhexyl) ester",92.1703935551645,True,C24H38O4,sample,CECILE.csv
20.9986666666667,"Carbonic acid, 2-ethylhexyl octyl ester",93.6039776626474,True,C17H34O3,sample,CECILE.csv
21.0372666666667,"2-Propanol, 1-chloro-, phosphate (3:1)",91.7379769485608,True,C9H18Cl3O4P,sample,CECILE.csv
2.89039380320615,"Butanal, 3-methyl-",96.8659804766273,True,C5H10O,sample,FLAMENCO.csv
3.30274251766081,Pentanal,95.3176784143549,True,C5H10O,sample,FLAMENCO.csv
4.0218,Pyridine,90.659582290273,True,C5H5N,sample,FLAMENCO.csv
4.99818290871182,"Heptane, 3-methylene-",95.8604339792744,True,C8H16,sample,FLAMENCO.csv
5.88348333333333,"Cyclotrisiloxane, hexamethyl-",97.3722334001989,True,C6H18O3Si3,sample,FLAMENCO.csv
9.33676666666667,Benzaldehyde,94.7332744617854,True,C7H6O,sample,FLAMENCO.csv
9.54255,Dimethyl trisulfide,93.8415328269366,True,C2H6S3,sample,FLAMENCO.csv
9.98626666666667,"Furan, 2-pentyl-",96.7618785465356,True,C9H14O,sample,FLAMENCO.csv
10.10525,"Cyclotetrasiloxane, octamethyl-",95.4628501487486,True,C8H24O4Si4,sample,FLAMENCO.csv
10.21135,Octanal,94.7438289460079,True,C8H16O,sample,FLAMENCO.csv
10.7258,"1-Hexanol, 2-ethyl-",92.5614213870972,True,C8H18O,sample,FLAMENCO.csv
10.8094,Eucalyptol,96.8651264673839,True,C10H18O,sample,FLAMENCO.csv
12.0923333333333,Nonanal,98.4335047049604,True,C9H18O,sample,FLAMENCO.csv
13.7225166666667,Decanal,95.8937682685837,True,C10H20O,sample,FLAMENCO.csv
16.3751833333333,Tetradecane,90.7294579199432,True,C14H30,sample,FLAMENCO.csv
16.8382,"Nonanoic acid, 9-oxo-, methyl ester",92.8073582623199,True,C10H18O3,sample,FLAMENCO.csv
18.7609833333333,Hexadecane,92.2838495724793,True,C16H34,sample,FLAMENCO.csv
19.3268833333333,Benzophenone,95.0178492632965,True,C13H10O,sample,FLAMENCO.csv
21.0020833333333,"Carbonic acid, 2-ethylhexyl octyl ester",94.0763878424985,True,C17H34O3,sample,FLAMENCO.csv
2.16975,"2-Propanone, 1-methoxy-",93.8526185136123,True,C4H8O2,sample,HERMES.csv
2.88356666666667,"Butanal, 3-methyl-",96.2177182010757,True,C5H10O,sample,HERMES.csv
4.99740272670968,"Heptane, 3-methylene-",96.196456201748,True,C8H16,sample,HERMES.csv
5.27882188278379,"2-Octene, (Z)-",90.7240953604752,True,C8H16,sample,HERMES.csv
5.8867,"Cyclotrisiloxane, hexamethyl-",97.888989172287,True,C6H18O3Si3,sample,HERMES.csv
9.18930536727129,"Hexanal, 2-ethyl-",90.9354606591902,True,C8H16O,sample,HERMES.csv
9.32713333333333,Benzaldehyde,96.6252417247641,True,C7H6O,sample,HERMES.csv
9.75156666666667,Phenol,93.2981036295886,True,C6H6O,sample,HERMES.csv
9.98628333333333,"Furan, 2-pentyl-",95.8953860754416,True,C9H14O,sample,HERMES.csv
10.10525,"Cyclotetrasiloxane, octamethyl-",95.4251894828114,True,C8H24O4Si4,sample,HERMES.csv
10.21135,Octanal,93.6328165367338,True,C8H16O,sample,HERMES.csv
10.7192896997955,"1-Hexanol, 2-ethyl-",97.0079347621219,True,C8H18O,sample,HERMES.csv
10.8094166666667,Eucalyptol,95.5585068700371,True,C10H18O,sample,HERMES.csv
11.4685666666667,Acetophenone,94.9453736431697,True,C8H8O,sample,HERMES.csv
12.0923333333333,Nonanal,98.3950618339376,True,C9H18O,sample,HERMES.csv
13.7193166666667,Decanal,96.9548689300029,True,C10H20O,sample,HERMES.csv
14.2884333333333,"2-Propanol, 1-(2-butoxy-1-methylethoxy)-",92.9901126666849,True,C10H22O3,sample,HERMES.csv
14.3552383310731,"2-Propanol, 1-(2-butoxy-1-methylethoxy)-",92.2055761493042,True,C10H22O3,sample,HERMES.csv
15.50705,Methyl 8-oxooctanoate,95.145670147692,True,C9H16O3,sample,HERMES.csv
15.6838833333333,"Glycerol 1,2-diacetate",95.0369939179539,True,C7H12O5,sample,HERMES.csv
15.92505,"Ethanol, 2-(2-butoxyethoxy)-, acetate",92.6815017242439,True,C10H20O4,sample,HERMES.csv
16.3752,Tetradecane,93.9951574590037,True,C14H30,sample,HERMES.csv
16.8414166666667,"Nonanoic acid, 9-oxo-, methyl ester",95.6690271205581,True,C10H18O3,sample,HERMES.csv
17.1758166666667,Dimethyl phthalate,93.3588022091389,True,C10H10O4,sample,HERMES.csv
18.7642,Hexadecane,95.3265685007417,True,C16H34,sample,HERMES.csv
19.0632333333333,"Dodecanoic acid, 1-methylethyl ester",92.1352843805059,True,C15H30O2,sample,HERMES.csv
19.3301,Benzophenone,97.6481165024789,True,C13H10O,sample,HERMES.csv
20.8927666666667,Octadecane,93.2125024853015,True,C18H38,sample,HERMES.csv
20.9988666666667,"Carbonic acid, bis(2-ethylhexyl) ester",93.1259032982155,True,C17H34O3,sample,HERMES.csv
21.6823396980655,"1,2-Benzenedicarboxylic acid, bis(2-methylpropyl) ester",94.0279871398223,True,C16H22O4,sample,HERMES.csv
22.5358166666667,n-Hexadecanoic acid,96.5275040487862,True,C16H32O2,sample,HERMES.csv
2.1662,"2-Propanone, 1-methoxy-",94.3565517548952,True,C4H8O2,sample,NADINE.csv
2.88321666666667,"Butanal, 3-methyl-",98.1545525714862,True,C5H10O,sample,NADINE.csv
5.28813920860569,Hexanal,91.2129041897151,True,C6H12O,sample,NADINE.csv
5.88635,"Cyclotrisiloxane, hexamethyl-",96.820898882077,True,C6H18O3Si3,sample,NADINE.csv
9.33955052979494,Benzaldehyde,94.2905377959354,True,C7H6O,sample,NADINE.csv
9.54221666666667,Dimethyl trisulfide,93.114892203845,True,C2H6S3,sample,NADINE.csv
9.98915,"Furan, 2-pentyl-",92.8311100224738,True,C9H14O,sample,NADINE.csv
10.1049,"Cyclotetrasiloxane, octamethyl-",95.2909182499908,True,C8H24O4Si4,sample,NADINE.csv
10.2110166666667,Octanal,95.2644894518039,True,C8H16O,sample,NADINE.csv
10.8090666666667,Eucalyptol,97.1265051914856,True,C10H18O,sample,NADINE.csv
12.092,Nonanal,98.0907385999206,True,C9H18O,sample,NADINE.csv
13.7221833333333,Decanal,97.2388682089203,True,C10H20O,sample,NADINE.csv
16.37485,Tetradecane,90.9119415899018,True,C14H30,sample,NADINE.csv
17.10795,"Naphthalene, 1,3-dimethyl-",90.8103706567412,True,C12H12,sample,NADINE.csv
18.7606333333333,Hexadecane,91.6621651022188,True,C16H34,sample,NADINE.csv
19.3233166666667,Benzophenone,93.613609138171,True,C13H10O,sample,NADINE.csv
20.68985,"1,3-Benzenedicarboxylic acid, bis(2-ethylhexyl) ester",92.6817047524346,True,C24H38O4,sample,NADINE.csv
20.9985166666667,"Carbonic acid, 2-ethylhexyl octyl ester",95.783521394783,True,C17H34O3,sample,NADINE.csv
21.0371,"2-Propanol, 1-chloro-, phosphate (3:1)",92.5622270699451,True,C9H18Cl3O4P,sample,NADINE.csv
2.16661666666667,"2-Propanone, 1-methoxy-",94.288582863139,True,C4H8O2,sample,NOBLESSE.csv
2.88363333333333,"Butanal, 3-methyl-",96.1445913496367,True,C5H10O,sample,NOBLESSE.csv
5.28551666666667,Hexanal,91.0215383377122,True,C6H12O,sample,NOBLESSE.csv
5.88605789989614,"Cyclotrisiloxane, hexamethyl-",96.7474403403697,True,C6H18O3Si3,sample,NOBLESSE.csv
9.33365,Benzaldehyde,95.0370062979655,True,C7H6O,sample,NOBLESSE.csv
9.98636666666667,"Furan, 2-pentyl-",91.9281615521016,True,C9H14O,sample,NOBLESSE.csv
10.1053333333333,"Cyclotetrasiloxane, octamethyl-",95.3391823980863,True,C8H24O4Si4,sample,NOBLESSE.csv
10.2114333333333,Octanal,95.8188303290629,True,C8H16O,sample,NOBLESSE.csv
10.7258833333333,"1-Hexanol, 2-ethyl-",91.6049244537147,True,C8H18O,sample,NOBLESSE.csv
10.8062833333333,Eucalyptol,97.2043637174599,True,C10H18O,sample,NOBLESSE.csv
12.0924166666667,Nonanal,98.278747970879,True,C9H18O,sample,NOBLESSE.csv
13.7193833333333,Decanal,96.7751469628472,True,C10H20O,sample,NOBLESSE.csv
16.3752666666667,Tetradecane,91.2033960052308,True,C14H30,sample,NOBLESSE.csv
17.10515,"Naphthalene, 1,3-dimethyl-",92.165477008397,True,C12H12,sample,NOBLESSE.csv
18.7610666666667,Hexadecane,90.7784519080912,True,C16H34,sample,NOBLESSE.csv
19.32375,Benzophenone,94.0775684201087,True,C13H10O,sample,NOBLESSE.csv
20.7095666666667,"1,3-Benzenedicarboxylic acid, bis(2-ethylhexyl) ester",91.7957560048344,True,C24H38O4,sample,NOBLESSE.csv
21.0021666666667,"Carbonic acid, bis(2-ethylhexyl) ester",92.7408042528195,True,C17H34O3,sample,NOBLESSE.csv
21.0375333333333,"2-Propanol, 1-chloro-, phosphate (3:1)",91.4958115221833,True,C9H18Cl3O4P,sample,NOBLESSE.csv
2.17305,"2-Propanone, 1-methoxy-",90.4364226087682,True,C4H8O2,sample,IVORY RUSSET.csv
2.88686666666667,"Butanal, 3-methyl-",94.2305237648289,True,C5H10O,sample,IVORY RUSSET.csv
3.30163333333333,Pentanal,93.3564119493822,True,C5H10O,sample,IVORY RUSSET.csv
3.36273333333333,"Furan, 2-ethyl-",90.4576947885535,True,C6H8O,sample,IVORY RUSSET.csv
4.07249293757158,"Disulfide, dimethyl",93.0337665096304,True,C2H6S2,sample,IVORY RUSSET.csv
5.2823,Hexanal,97.209615327695,True,C6H12O,sample,IVORY RUSSET.csv
5.88678333333333,"Cyclotrisiloxane, hexamethyl-",96.4269277182297,True,C6H18O3Si3,sample,IVORY RUSSET.csv
7.94461666666667,Heptanal,90.6410337896505,True,C7H14O,sample,IVORY RUSSET.csv
9.32721666666667,Benzaldehyde,96.8836034479708,True,C7H6O,sample,IVORY RUSSET.csv
9.53943333333333,Dimethyl trisulfide,91.6334805671269,True,C2H6S3,sample,IVORY RUSSET.csv
9.75271782617284,Phenol,92.772925786165,True,C6H6O,sample,IVORY RUSSET.csv
9.98636666666667,"Furan, 2-pentyl-",95.9923421121276,True,C9H14O,sample,IVORY RUSSET.csv
10.10855,"Cyclotetrasiloxane, octamethyl-",94.4232796522035,True,C8H24O4Si4,sample,IVORY RUSSET.csv
10.2114333333333,Octanal,95.2929259726341,True,C8H16O,sample,IVORY RUSSET.csv
10.71625,"1-Hexanol, 2-ethyl-",96.8569468302905,True,C8H18O,sample,IVORY RUSSET.csv
10.8095,Eucalyptol,94.3983892022481,True,C10H18O,sample,IVORY RUSSET.csv
11.4654333333333,Acetophenone,93.4563576615604,True,C8H8O,sample,IVORY RUSSET.csv
12.0924166666667,Nonanal,98.4105347433045,True,C9H18O,sample,IVORY RUSSET.csv
13.7193833333333,Decanal,97.7586876289704,True,C10H20O,sample,IVORY RUSSET.csv
14.2820833333333,"2-Propanol, 1-(2-butoxy-1-methylethoxy)-",92.8545789649234,True,C10H22O3,sample,IVORY RUSSET.csv
14.3512746657312,"2-Propanol, 1-(2-butoxy-1-methylethoxy)-",92.7501328973721,True,C10H22O3,sample,IVORY RUSSET.csv
15.5071333333333,Methyl 8-oxooctanoate,95.1512489708624,True,C9H16O3,sample,IVORY RUSSET.csv
15.68075,"Glycerol 1,2-diacetate",93.0128434818783,True,C7H12O5,sample,IVORY RUSSET.csv
15.9251166666667,"Ethanol, 2-(2-butoxyethoxy)-, acetate",92.1120572480407,True,C10H20O4,sample,IVORY RUSSET.csv
16.3752666666667,Tetradecane,92.7689933289066,True,C14H30,sample,IVORY RUSSET.csv
16.8415,"Nonanoic acid, 9-oxo-, methyl ester",95.8438344789438,True,C10H18O3,sample,IVORY RUSSET.csv
17.1759,Dimethyl phthalate,94.4633106349391,True,C10H10O4,sample,IVORY RUSSET.csv
18.7642833333333,Hexadecane,95.1536994620673,True,C16H34,sample,IVORY RUSSET.csv
19.0633166666667,"Dodecanoic acid, 1-methylethyl ester",94.1642029178092,True,C15H30O2,sample,IVORY RUSSET.csv
19.3301833333333,Benzophenone,97.672498453407,True,C13H10O,sample,IVORY RUSSET.csv
20.7385,"3,5-di-tert-Butyl-4-hydroxybenzaldehyde",91.0190283217437,True,C15H22O2,sample,IVORY RUSSET.csv
20.89285,Octadecane,93.4086906798845,True,C18H38,sample,IVORY RUSSET.csv
20.99895,"Carbonic acid, bis(2-ethylhexyl) ester",94.9638705502558,True,C17H34O3,sample,IVORY RUSSET.csv
21.6838166666667,"1,2-Benzenedicarboxylic acid, bis(2-methylpropyl) ester",93.4599522767454,True,C16H22O4,sample,IVORY RUSSET.csv
2.16983333333333,"2-Propanone, 1-methoxy-",92.1513679934544,True,C4H8O2,sample,SABABA.csv
2.88365,"Butanal, 3-methyl-",96.7641722623266,True,C5H10O,sample,SABABA.csv
3.30165,Pentanal,94.4422699699409,True,C5H10O,sample,SABABA.csv
3.36595,"Furan, 2-ethyl-",92.0777541354667,True,C6H8O,sample,SABABA.csv
4.0669,"Disulfide, dimethyl",90.9858266367498,True,C2H6S2,sample,SABABA.csv
5.27908333333333,Hexanal,97.7691689990852,True,C6H12O,sample,SABABA.csv
5.88487227705926,"Cyclotrisiloxane, hexamethyl-",96.8099280071477,True,C6H18O3Si3,sample,SABABA.csv
7.15363333333333,o-Xylene,90.3017475755604,True,C8H10,sample,SABABA.csv
9.33582745102529,Benzaldehyde,93.9694391445259,True,C7H6O,sample,SABABA.csv
9.98711934961604,"Furan, 2-pentyl-",97.2577307574213,True,C9H14O,sample,SABABA.csv
10.1053333333333,"Cyclotetrasiloxane, octamethyl-",95.5177167760549,True,C8H24O4Si4,sample,SABABA.csv
10.2082333333333,Octanal,96.4176508003999,True,C8H16O,sample,SABABA.csv
10.8080947632984,Eucalyptol,96.307277855568,True,C10H18O,sample,SABABA.csv
12.0924166666667,Nonanal,98.219599870152,True,C9H18O,sample,SABABA.csv
13.6100666666667,Dodecane,92.9077714750477,True,C12H26,sample,SABABA.csv
13.7194,Decanal,97.8705278565122,True,C10H20O,sample,SABABA.csv
15.0537666666667,Tridecane,91.0379036215417,True,C13H28,sample,SABABA.csv
16.3752833333333,Tetradecane,94.6850273777267,True,C14H30,sample,SABABA.csv
17.1083833333333,"Naphthalene, 1,3-dimethyl-",94.6074783883827,True,C12H12,sample,SABABA.csv
18.7610666666667,Hexadecane,95.4023205032627,True,C16H34,sample,SABABA.csv
19.32375,Benzophenone,93.0557126688323,True,C13H10O,sample,SABABA.csv
20.89285,Octadecane,95.128244023093,True,C18H38,sample,SABABA.csv
20.99895,"Carbonic acid, 2-ethylhexyl octyl ester",94.3920223094616,True,C17H34O3,sample,SABABA.csv
22.8059833333333,Eicosane,90.0063470122547,True,C20H42,sample,SABABA.csv
2.16653333333333,"2-Propanone, 1-methoxy-",94.3954677953943,True,C4H8O2,sample,SALINERO.csv
2.88356666666667,"Butanal, 3-methyl-",96.8316099824956,True,C5H10O,sample,SALINERO.csv
5.8867,"Cyclotrisiloxane, hexamethyl-",96.583931994004,True,C6H18O3Si3,sample,SALINERO.csv
9.33356666666667,Benzaldehyde,94.5277813332521,True,C7H6O,sample,SALINERO.csv
9.54256666666667,Dimethyl trisulfide,93.0854871229866,True,C2H6S3,sample,SALINERO.csv
9.9895,"Furan, 2-pentyl-",96.0846415208083,True,C9H14O,sample,SALINERO.csv
10.10525,"Cyclotetrasiloxane, octamethyl-",95.5600248323445,True,C8H24O4Si4,sample,SALINERO.csv
10.21135,Octanal,95.0762251258109,True,C8H16O,sample,SALINERO.csv
10.8094166666667,Eucalyptol,97.192248492598,True,C10H18O,sample,SALINERO.csv
12.0923333333333,Nonanal,98.4579324019517,True,C9H18O,sample,SALINERO.csv
13.7225166666667,Decanal,96.2526773064208,True,C10H20O,sample,SALINERO.csv
16.3751833333333,Tetradecane,92.3868081319816,True,C14H30,sample,SALINERO.csv
17.8028,"2,4-Di-tert-butylphenol",90.4500618457804,True,C14H22O,sample,SALINERO.csv
18.7609833333333,Hexadecane,91.9940191870691,True,C16H34,sample,SALINERO.csv
19.3236666666667,Benzophenone,93.9535701084938,True,C13H10O,sample,SALINERO.csv
20.9988666666667,"Carbonic acid, 2-ethylhexyl octyl ester",92.0709430302822,True,C17H34O3,sample,SALINERO.csv
21.0342333333333,"2-Propanol, 1-chloro-, phosphate (3:1)",91.8071221808259,True,C9H18Cl3O4P,sample,SALINERO.csv
2.16658333333333,"2-Propanone, 1-methoxy-",94.4563185212553,True,C4H8O2,sample,SPUNTA.csv
2.88681666666667,"Butanal, 3-methyl-",96.7646689647289,True,C5H10O,sample,SPUNTA.csv
3.30481666666667,Pentanal,91.5918483999915,True,C5H10O,sample,SPUNTA.csv
4.0709395799612,"Disulfide, dimethyl",93.0295171569731,True,C2H6S2,sample,SPUNTA.csv
5.88996666666667,"Cyclotrisiloxane, hexamethyl-",96.2400237540093,True,C6H18O3Si3,sample,SPUNTA.csv
9.34044009493064,Benzaldehyde,92.3411621148089,True,C7H6O,sample,SPUNTA.csv
9.5426,Dimethyl trisulfide,92.2662532377786,True,C2H6S3,sample,SPUNTA.csv
9.98953333333333,"Furan, 2-pentyl-",91.5787959168724,True,C9H14O,sample,SPUNTA.csv
10.1078715269207,"Cyclotetrasiloxane, octamethyl-",95.0921397556144,True,C8H24O4Si4,sample,SPUNTA.csv
10.2114,Octanal,96.2440394467505,True,C8H16O,sample,SPUNTA.csv
10.80945,Eucalyptol,97.0997281846203,True,C10H18O,sample,SPUNTA.csv
12.0923833333333,Nonanal,98.3254915859824,True,C9H18O,sample,SPUNTA.csv
13.6100333333333,Dodecane,91.26611440108,True,C12H26,sample,SPUNTA.csv
13.71935,Decanal,97.9871549786816,True,C10H20O,sample,SPUNTA.csv
16.3752333333333,Tetradecane,95.2753589686915,True,C14H30,sample,SPUNTA.csv
16.8350333333333,"Nonanoic acid, 9-oxo-, methyl ester",94.831499088478,True,C10H18O3,sample,SPUNTA.csv
17.1051166666667,"Naphthalene, 1,3-dimethyl-",90.1847474936313,True,C12H12,sample,SPUNTA.csv
18.7642333333333,Hexadecane,95.1167515928177,True,C16H34,sample,SPUNTA.csv
19.3237166666667,Benzophenone,94.7519609290734,True,C13H10O,sample,SPUNTA.csv
20.8928,Octadecane,91.2554751885248,True,C18H38,sample,SPUNTA.csv
20.9989166666667,"Carbonic acid, 2-ethylhexyl octyl ester",93.6895857947338,True,C17H34O3,sample,SPUNTA.csv
21.0375,"2-Propanol, 1-chloro-, phosphate (3:1)",91.4472435055754,True,C9H18Cl3O4P,sample,SPUNTA.csv
2.62631666666667,"1,3,5-Trifluorobenzene",94.2729368010896,True,C6H3F3,sample,ALOUETTE.csv
2.89641666666667,"Butanal, 3-methyl-",96.2976065436616,True,C5H10O,sample,ALOUETTE.csv
5.0089,"Heptane, 3-methylene-",90.8238834887279,True,C8H16,sample,ALOUETTE.csv
5.89955,"Cyclotrisiloxane, hexamethyl-",97.7790514861693,True,C6H18O3Si3,sample,ALOUETTE.csv
9.33355,Benzaldehyde,95.7813431783523,True,C7H6O,sample,ALOUETTE.csv
9.75454269024723,Phenol,94.2668776160627,True,C6H6O,sample,ALOUETTE.csv
10.1148833333333,"Cyclotetrasiloxane, octamethyl-",91.4527750780592,True,C8H24O4Si4,sample,ALOUETTE.csv
10.2145666666667,Octanal,93.9600124130209,True,C8H16O,sample,ALOUETTE.csv
10.7290166666667,"1-Hexanol, 2-ethyl-",96.3348269007152,True,C8H18O,sample,ALOUETTE.csv
10.81905,Eucalyptol,93.4683977874855,True,C10H18O,sample,ALOUETTE.csv
11.4717666666667,Acetophenone,92.8425178410878,True,C8H8O,sample,ALOUETTE.csv
12.1019666666667,Nonanal,98.2631025559129,True,C9H18O,sample,ALOUETTE.csv
13.72895,Decanal,96.9624002539016,True,C10H20O,sample,ALOUETTE.csv
16.5263,Dodecanal,90.7727320309029,True,C12H24O,sample,ALOUETTE.csv
16.8446166666667,"Nonanoic acid, 9-oxo-, methyl ester",92.5450266816957,True,C10H18O3,sample,ALOUETTE.csv
17.18545,Dimethyl phthalate,92.4631878105747,True,C10H10O4,sample,ALOUETTE.csv
19.3365166666667,Benzophenone,97.74559249223,True,C13H10O,sample,ALOUETTE.csv
20.78665,"1,4-Benzenedicarboxylic acid, bis(2-ethylhexyl) ester",96.6667986074006,True,C24H38O4,sample,ALOUETTE.csv
21.0438666666667,"2-Propanol, 1-chloro-, phosphate (3:1)",90.6566017100337,True,C9H18Cl3O4P,sample,ALOUETTE.csv
22.0727833333333,"Benzene, (1-methyldodecyl)-",90.0422468701483,True,C19H32,sample,ALOUETTE.csv
22.1338833333333,"Hexadecanoic acid, methyl ester",92.0442730498106,True,C17H34O2,sample,ALOUETTE.csv
2.16991666666667,Isopropyl Alcohol,90.5094321280365,True,C3H8O,sample,ATLANTIC.csv
2.9816254554346,Benzene,93.4052566307847,True,C6H6,sample,ATLANTIC.csv
4.08058642822917,"Disulfide, dimethyl",91.9962697098459,True,C2H6S2,sample,ATLANTIC.csv
5.89651666666667,"Cyclotrisiloxane, hexamethyl-",97.7456220896851,True,C6H18O3Si3,sample,ATLANTIC.csv
9.33371666666667,Benzaldehyde,92.6358023497494,True,C7H6O,sample,ATLANTIC.csv
10.11505,"Cyclotetrasiloxane, octamethyl-",93.4133416124713,True,C8H24O4Si4,sample,ATLANTIC.csv
10.2147333333333,Octanal,93.2768068341986,True,C8H16O,sample,ATLANTIC.csv
10.816,Eucalyptol,96.4115849213864,True,C10H18O,sample,ATLANTIC.csv
11.4757993038527,Acetophenone,92.3346007138355,True,C8H8O,sample,ATLANTIC.csv
12.0989333333333,Nonanal,97.6765987650455,True,C9H18O,sample,ATLANTIC.csv
13.6197833333333,Dodecane,95.1280614944526,True,C12H26,sample,ATLANTIC.csv
13.7291166666667,Decanal,97.1395189634835,True,C10H20O,sample,ATLANTIC.csv
15.0602666666667,Tridecane,93.274574058889,True,C13H28,sample,ATLANTIC.csv
16.3817833333333,Tetradecane,95.8952647338687,True,C14H30,sample,ATLANTIC.csv
16.5104,Vanillin,93.0121022978919,True,C8H8O3,sample,ATLANTIC.csv
16.8415833333333,"Nonanoic acid, 9-oxo-, methyl ester",93.4547571600159,True,C10H18O3,sample,ATLANTIC.csv
18.6871833333333,1-Nonadecene,90.4905576697928,True,C19H38,sample,ATLANTIC.csv
18.7675666666667,Hexadecane,94.4535758381434,True,C16H34,sample,ATLANTIC.csv
19.32705,Benzophenone,95.3995552295265,True,C13H10O,sample,ATLANTIC.csv
20.7675166666667,"1,4-Benzenedicarboxylic acid, bis(2-ethylhexyl) ester",96.5667531502591,True,C24H38O4,sample,ATLANTIC.csv
20.8961333333333,"1,3-Benzenedicarboxylic acid, bis(2-ethylhexyl) ester",90.8103479596805,True,C24H38O4,sample,ATLANTIC.csv
2.89316968764975,"Butanal, 3-methyl-",95.2389384800421,True,C5H10O,sample,BERBER.csv
4.07885130015215,"Disulfide, dimethyl",91.8883910409303,True,C2H6S2,sample,BERBER.csv
5.28923899113504,Hexanal,91.7062642213655,True,C6H12O,sample,BERBER.csv
5.89553025849504,"Cyclotrisiloxane, hexamethyl-",97.5386519599443,True,C6H18O3Si3,sample,BERBER.csv
9.33041666666667,Benzaldehyde,97.2590136300512,True,C7H6O,sample,BERBER.csv
9.75163333333333,Phenol,93.127044170799,True,C6H6O,sample,BERBER.csv
10.1149666666667,"Cyclotetrasiloxane, octamethyl-",93.2355068402626,True,C8H24O4Si4,sample,BERBER.csv
10.21785,Octanal,94.2987219620037,True,C8H16O,sample,BERBER.csv
10.8159,Eucalyptol,95.7272441414497,True,C10H18O,sample,BERBER.csv
11.4718333333333,Acetophenone,93.8911298870781,True,C8H8O,sample,BERBER.csv
12.10205,Nonanal,98.2657285344368,True,C9H18O,sample,BERBER.csv
13.6197,Dodecane,91.6490300452123,True,C12H26,sample,BERBER.csv
13.7290166666667,Decanal,97.5597051227222,True,C10H20O,sample,BERBER.csv
14.2917,"2-Propanol, 1-(2-butoxy-1-methylethoxy)-",90.3724648259488,True,C10H22O3,sample,BERBER.csv
14.3616722442682,"2-Propanol, 1-(2-butoxy-1-methylethoxy)-",90.6718129291456,True,C10H22O3,sample,BERBER.csv
15.5135333333333,Methyl 8-oxooctanoate,93.4204399590144,True,C9H16O3,sample,BERBER.csv
15.6903833333333,Triacetin,91.924939790568,True,C9H14O6,sample,BERBER.csv
16.3816833333333,Tetradecane,94.4316418966627,True,C14H30,sample,BERBER.csv
16.8447,"Nonanoic acid, 9-oxo-, methyl ester",96.0775784151397,True,C10H18O3,sample,BERBER.csv
17.1823166666667,Dimethyl phthalate,90.9725868932559,True,C10H10O4,sample,BERBER.csv
18.3141166666667,Dodecanoic acid,94.0115271931665,True,C12H24O2,sample,BERBER.csv
18.7707,Hexadecane,95.6269041153277,True,C16H34,sample,BERBER.csv
19.0697166666667,"Dodecanoic acid, 1-methylethyl ester",90.7487524940078,True,C15H30O2,sample,BERBER.csv
19.3301666666667,Benzophenone,97.8817710871938,True,C13H10O,sample,BERBER.csv
20.8317333333333,"1,4-Benzenedicarboxylic acid, bis(2-ethylhexyl) ester",96.6500928831943,True,C24H38O4,sample,BERBER.csv
21.7834833333333,"Anthracene, 9-ethenyl-",90.1636701050519,True,C16H12,sample,BERBER.csv
2.62313333333333,"1,3,5-Trifluorobenzene",93.5126478963422,True,C6H3F3,sample,BLUE STAR.csv
2.89321666666667,"Butanal, 3-methyl-",97.1898356955497,True,C5H10O,sample,BLUE STAR.csv
4.08797488774165,"Disulfide, dimethyl",91.9622221666124,True,C2H6S2,sample,BLUE STAR.csv
5.89636666666667,"Cyclotrisiloxane, hexamethyl-",97.4528281906308,True,C6H18O3Si3,sample,BLUE STAR.csv
9.33036666666667,Benzaldehyde,96.2235301272106,True,C7H6O,sample,BLUE STAR.csv
9.54578333333333,Dimethyl trisulfide,92.2343646125767,True,C2H6S3,sample,BLUE STAR.csv
9.75156666666667,Phenol,94.1990400980942,True,C6H6O,sample,BLUE STAR.csv
9.99271666666667,"Furan, 2-pentyl-",90.7896452714924,True,C9H14O,sample,BLUE STAR.csv
10.1144606152947,"Cyclotetrasiloxane, octamethyl-",92.745484403301,True,C8H24O4Si4,sample,BLUE STAR.csv
10.2145833333333,Octanal,93.807765124259,True,C8H16O,sample,BLUE STAR.csv
10.7290333333333,"1-Hexanol, 2-ethyl-",92.3918501254385,True,C8H18O,sample,BLUE STAR.csv
10.8190666666667,Eucalyptol,94.8194478576208,True,C10H18O,sample,BLUE STAR.csv
11.4717833333333,Acetophenone,93.1481066341314,True,C8H8O,sample,BLUE STAR.csv
12.102,Nonanal,98.0789315338133,True,C9H18O,sample,BLUE STAR.csv
13.7289666666667,Decanal,96.8225245186729,True,C10H20O,sample,BLUE STAR.csv
16.8414333333333,"Nonanoic acid, 9-oxo-, methyl ester",92.1819316697409,True,C10H18O3,sample,BLUE STAR.csv
17.18225,Dimethyl phthalate,90.1219363732947,True,C10H10O4,sample,BLUE STAR.csv
19.3301166666667,Benzophenone,97.4143156558269,True,C13H10O,sample,BLUE STAR.csv
20.78345,"1,4-Benzenedicarboxylic acid, bis(2-ethylhexyl) ester",96.6526271992862,True,C24H38O4,sample,BLUE STAR.csv
20.941,"1,4-Benzenedicarboxylic acid, bis(2-ethylhexyl) ester",93.5960069498555,True,C24H38O4,sample,BLUE STAR.csv
2.17429355580737,"2-Propanone, 1-methoxy-",90.0948638663568,True,C4H8O2,sample,CARLITA.csv
2.89008333333333,"Butanal, 3-methyl-",95.7420222717767,True,C5H10O,sample,CARLITA.csv
4.07653333333333,"Disulfide, dimethyl",90.0968357607799,True,C2H6S2,sample,CARLITA.csv
5.89643333333333,"Cyclotrisiloxane, hexamethyl-",97.7207263617958,True,C6H18O3Si3,sample,CARLITA.csv
9.33043333333333,Benzaldehyde,93.041624017769,True,C7H6O,sample,CARLITA.csv
9.9928,"Furan, 2-pentyl-",90.6796948553953,True,C9H14O,sample,CARLITA.csv
10.1117666666667,"Cyclotetrasiloxane, octamethyl-",94.5155415071672,True,C8H24O4Si4,sample,CARLITA.csv
10.21465,Octanal,95.4829984218725,True,C8H16O,sample,CARLITA.csv
10.7323333333333,"1-Hexanol, 2-ethyl-",91.971921091827,True,C8H18O,sample,CARLITA.csv
10.8159166666667,Eucalyptol,96.0885048139648,True,C10H18O,sample,CARLITA.csv
11.47185,Acetophenone,92.014663123195,True,C8H8O,sample,CARLITA.csv
12.09885,Nonanal,97.9097717839708,True,C9H18O,sample,CARLITA.csv
13.7290333333333,Decanal,98.3885458984644,True,C10H20O,sample,CARLITA.csv
18.7707166666667,Hexadecane,90.1796101134012,True,C16H34,sample,CARLITA.csv
18.8350166666667,Diethyl Phthalate,95.7923939390118,True,C12H14O4,sample,CARLITA.csv
19.3301833333333,Benzophenone,96.2261537709908,True,C13H10O,sample,CARLITA.csv
20.8381833333333,"1,4-Benzenedicarboxylic acid, bis(2-ethylhexyl) ester",96.9227740842575,True,C24H38O4,sample,CARLITA.csv
21.0053833333333,"1,4-Benzenedicarboxylic acid, bis(2-ethylhexyl) ester",94.3588648167306,True,C24H38O4,sample,CARLITA.csv
21.0439666666667,"2-Propanol, 1-chloro-, phosphate (3:1)",90.4513702468842,True,C9H18Cl3O4P,sample,CARLITA.csv
22.1404,"Hexadecanoic acid, methyl ester",92.7909726401868,True,C17H34O2,sample,CARLITA.csv
2.89015,"Butanal, 3-methyl-",96.0196614902602,True,C5H10O,sample,CHALLENGER.csv
4.02838333333333,Pyridine,91.9987729655934,True,C5H5N,sample,CHALLENGER.csv
5.89682222121701,"Cyclotrisiloxane, hexamethyl-",97.5713520247323,True,C6H18O3Si3,sample,CHALLENGER.csv
9.3305,Benzaldehyde,96.4637578898928,True,C7H6O,sample,CHALLENGER.csv
9.75171666666667,Phenol,92.8926529448143,True,C6H6O,sample,CHALLENGER.csv
10.1118333333333,"Cyclotetrasiloxane, octamethyl-",94.2245378196497,True,C8H24O4Si4,sample,CHALLENGER.csv
10.2147333333333,Octanal,95.2393453159557,True,C8H16O,sample,CHALLENGER.csv
10.7259666666667,"1-Hexanol, 2-ethyl-",95.8375187729107,True,C8H18O,sample,CHALLENGER.csv
10.816,Eucalyptol,96.4678084487771,True,C10H18O,sample,CHALLENGER.csv
11.4719333333333,Acetophenone,91.7606154381178,True,C8H8O,sample,CHALLENGER.csv
12.0989333333333,Nonanal,98.2995154989724,True,C9H18O,sample,CHALLENGER.csv
13.7291166666667,Decanal,98.2011394167269,True,C10H20O,sample,CHALLENGER.csv
16.8447833333333,"Nonanoic acid, 9-oxo-, methyl ester",90.5941624286752,True,C10H18O3,sample,CHALLENGER.csv
19.3296195430915,Benzophenone,97.3368863649795,True,C13H10O,sample,CHALLENGER.csv
20.9250666666667,"1,4-Benzenedicarboxylic acid, bis(2-ethylhexyl) ester",95.9805712379894,True,C24H38O4,sample,CHALLENGER.csv
21.0408333333333,"2-Propanol, 1-chloro-, phosphate (3:1)",92.7648877305012,True,C9H18Cl3O4P,sample,CHALLENGER.csv
2.89972090424453,"Butanal, 3-methyl-",96.3599142394894,True,C5H10O,sample,CIKLAMEN.csv
4.0828,"Disulfide, dimethyl",91.5453819219519,True,C2H6S2,sample,CIKLAMEN.csv
5.89626666666667,"Cyclotrisiloxane, hexamethyl-",98.2280513585442,True,C6H18O3Si3,sample,CIKLAMEN.csv
9.33026666666667,Benzaldehyde,91.9662780261189,True,C7H6O,sample,CIKLAMEN.csv
9.99263333333333,"Furan, 2-pentyl-",90.3057499182808,True,C9H14O,sample,CIKLAMEN.csv
10.1148166666667,"Cyclotetrasiloxane, octamethyl-",93.8013997568204,True,C8H24O4Si4,sample,CIKLAMEN.csv
10.2177,Octanal,93.8095848083377,True,C8H16O,sample,CIKLAMEN.csv
10.81575,Eucalyptol,97.1649720993801,True,C10H18O,sample,CIKLAMEN.csv
11.4716833333333,Acetophenone,93.9384674846862,True,C8H8O,sample,CIKLAMEN.csv
12.1019,Nonanal,97.4467062315407,True,C9H18O,sample,CIKLAMEN.csv
13.20155,Benzoic acid,90.3433129087255,True,C7H6O2,sample,CIKLAMEN.csv
13.61955,Dodecane,93.8822303487931,True,C12H26,sample,CIKLAMEN.csv
13.7288666666667,Decanal,97.5757957798486,True,C10H20O,sample,CIKLAMEN.csv
15.0600333333333,Tridecane,91.4728537589173,True,C13H28,sample,CIKLAMEN.csv
16.3815333333333,Tetradecane,94.6599654581064,True,C14H30,sample,CIKLAMEN.csv
16.8413333333333,"Nonanoic acid, 9-oxo-, methyl ester",93.0599428966849,True,C10H18O3,sample,CIKLAMEN.csv
18.7673333333333,Hexadecane,94.7734503568044,True,C16H34,sample,CIKLAMEN.csv
19.3268,Benzophenone,96.8689000217712,True,C13H10O,sample,CIKLAMEN.csv
20.7705,"1,3-Benzenedicarboxylic acid, bis(2-ethylhexyl) ester",96.6975475472582,True,C24H38O4,sample,CIKLAMEN.csv
20.8991166666667,"1,3-Benzenedicarboxylic acid, bis(2-ethylhexyl) ester",91.6455740405785,True,C24H38O4,sample,CIKLAMEN.csv
20.9569833333333,"1,4-Benzenedicarboxylic acid, bis(2-ethylhexyl) ester",92.0835046990865,True,C24H38O4,sample,CIKLAMEN.csv
2.89666960225317,"Butanal, 3-methyl-",97.6400895816977,True,C5H10O,sample,MONALISA.csv
4.02513333333333,Pyridine,90.9991730598959,True,C5H5N,sample,MONALISA.csv
5.89325,"Cyclotrisiloxane, hexamethyl-",97.2129058369758,True,C6H18O3Si3,sample,MONALISA.csv
9.33481971374137,Benzaldehyde,95.8972940215945,True,C7H6O,sample,MONALISA.csv
9.5459,Dimethyl trisulfide,92.0881521074122,True,C2H6S3,sample,MONALISA.csv
9.99283333333333,"Furan, 2-pentyl-",91.7106091241659,True,C9H14O,sample,MONALISA.csv
10.1118,"Cyclotetrasiloxane, octamethyl-",94.5612185235965,True,C8H24O4Si4,sample,MONALISA.csv
10.2146833333333,Octanal,94.6591682773419,True,C8H16O,sample,MONALISA.csv
10.7259333333333,"1-Hexanol, 2-ethyl-",93.6417363488558,True,C8H18O,sample,MONALISA.csv
10.8159666666667,Eucalyptol,96.6944296816681,True,C10H18O,sample,MONALISA.csv
12.0988833333333,Nonanal,98.1322816438266,True,C9H18O,sample,MONALISA.csv
13.7290666666667,Decanal,97.5505430354988,True,C10H20O,sample,MONALISA.csv
19.327,Benzophenone,95.8621394768502,True,C13H10O,sample,MONALISA.csv
20.8961,"1,3-Benzenedicarboxylic acid, bis(2-ethylhexyl) ester",96.2818825306571,True,C24H38O4,sample,MONALISA.csv
21.0054166666667,"1,4-Benzenedicarboxylic acid, bis(2-ethylhexyl) ester",94.7967565847845,True,C24H38O4,sample,MONALISA.csv
22.134,"Hexadecanoic acid, methyl ester",92.6231260278679,True,C17H34O2,sample,MONALISA.csv
22.4330333333333,n-Hexadecanoic acid,90.9150316239826,True,C16H32O2,sample,MONALISA.csv
2.62301666666667,"1,3,5-Trifluorobenzene",95.0979163238078,True,C6H3F3,sample,PEE WEE RUSSET.csv
2.8931,"Butanal, 3-methyl-",94.2337349289288,True,C5H10O,sample,PEE WEE RUSSET.csv
5.0056,"Heptane, 3-methylene-",96.3102658443505,True,C8H16,sample,PEE WEE RUSSET.csv
5.28231974127431,"4-Octene, (E)-",94.721164575409,True,C8H16,sample,PEE WEE RUSSET.csv
5.4686,"4-Octene, (E)-",91.4937649218852,True,C8H16,sample,PEE WEE RUSSET.csv
5.55188702332705,"Heptane, 3-methylene-",92.0433827588504,True,C8H16,sample,PEE WEE RUSSET.csv
5.68403333333333,"2-Octene, (E)-",90.5990666365872,True,C8H16,sample,PEE WEE RUSSET.csv
5.89303333333333,"Cyclotrisiloxane, hexamethyl-",97.2708013215805,True,C6H18O3Si3,sample,PEE WEE RUSSET.csv
9.18555,"Hexanal, 2-ethyl-",93.7973604041327,True,C8H16O,sample,PEE WEE RUSSET.csv
9.32703333333333,Benzaldehyde,95.9271384749246,True,C7H6O,sample,PEE WEE RUSSET.csv
9.75113386451404,Phenol,94.9548067388785,True,C6H6O,sample,PEE WEE RUSSET.csv
10.1115833333333,"Cyclotetrasiloxane, octamethyl-",93.3829007332448,True,C8H24O4Si4,sample,PEE WEE RUSSET.csv
10.7417833333333,"1-Hexanol, 2-ethyl-",96.4755932869068,True,C8H18O,sample,PEE WEE RUSSET.csv
10.8157333333333,Eucalyptol,90.9225678146271,True,C10H18O,sample,PEE WEE RUSSET.csv
11.46845,Acetophenone,92.6494817622778,True,C8H8O,sample,PEE WEE RUSSET.csv
12.0986666666667,Nonanal,97.6473673216778,True,C9H18O,sample,PEE WEE RUSSET.csv
13.7256333333333,Decanal,97.4061420911935,True,C10H20O,sample,PEE WEE RUSSET.csv
17.1789333333333,Dimethyl phthalate,93.1052084366294,True,C10H10O4,sample,PEE WEE RUSSET.csv
19.33,Benzophenone,97.6580622602752,True,C13H10O,sample,PEE WEE RUSSET.csv
20.0920333333333,"Benzoic acid, 2-ethylhexyl ester",94.4979657091482,True,C15H22O2,sample,PEE WEE RUSSET.csv
20.66115,"1,4-Benzenedicarboxylic acid, bis(2-ethylhexyl) ester",92.009943600164,True,C24H38O4,sample,PEE WEE RUSSET.csv
21.0019833333333,"Carbonic acid, 2-ethylhexyl octyl ester",93.2526065588134,True,C17H34O3,sample,PEE WEE RUSSET.csv
2.62,"1,3,5-Trifluorobenzene",93.2569057086219,True,C6H3F3,sample,ARGOS.csv
5.89001666666667,"Cyclotrisiloxane, hexamethyl-",94.7018767765227,True,C6H18O3Si3,sample,ARGOS.csv
9.33365,Benzaldehyde,95.4115598033638,True,C7H6O,sample,ARGOS.csv
10.1021333333333,"Cyclotetrasiloxane, octamethyl-",90.724144830438,True,C8H24O4Si4,sample,ARGOS.csv
12.09565,Nonanal,90.6502788707415,True,C9H18O,sample,ARGOS.csv
17.1791166666667,Dimethyl phthalate,90.553056498711,True,C10H10O4,sample,ARGOS.csv
19.3237666666667,Benzophenone,96.8231076663792,True,C13H10O,sample,ARGOS.csv
20.7288666666667,"1,3-Benzenedicarboxylic acid, bis(2-ethylhexyl) ester",97.0557745471409,True,C24H38O4,sample,ARGOS.csv
21.0407666666667,"2-Propanol, 1-chloro-, phosphate (3:1)",95.3781032836211,True,C9H18Cl3O4P,sample,ARGOS.csv
2.61971666666667,"1,3,5-Trifluorobenzene",93.3220241661856,True,C6H3F3,sample,BINTJE.csv
5.88651666666667,"Cyclotrisiloxane, hexamethyl-",96.3042524208854,True,C6H18O3Si3,sample,BINTJE.csv
9.33338333333333,Benzaldehyde,96.4733672209539,True,C7H6O,sample,BINTJE.csv
10.10185,"Cyclotetrasiloxane, octamethyl-",94.3486818587128,True,C8H24O4Si4,sample,BINTJE.csv
11.4748,Acetophenone,93.4226999316084,True,C8H8O,sample,BINTJE.csv
12.0953666666667,Nonanal,95.9973367794279,True,C9H18O,sample,BINTJE.csv
13.1435833333333,Benzoic acid,94.4604761195283,True,C7H6O2,sample,BINTJE.csv
16.375,Tetradecane,91.9030241016951,True,C14H30,sample,BINTJE.csv
19.3267,Benzophenone,91.3542893563811,True,C13H10O,sample,BINTJE.csv
20.7511,"1,3-Benzenedicarboxylic acid, bis(2-ethylhexyl) ester",96.6791408348659,True,C24H38O4,sample,BINTJE.csv
21.0404833333333,"2-Propanol, 1-chloro-, phosphate (3:1)",94.3039386907705,True,C9H18Cl3O4P,sample,BINTJE.csv
2.61961666666667,"1,3,5-Trifluorobenzene",93.9140574063754,True,C6H3F3,sample,DELIA RED.csv
5.88641666666667,"Cyclotrisiloxane, hexamethyl-",97.3253372433869,True,C6H18O3Si3,sample,DELIA RED.csv
9.33745323510734,Benzaldehyde,94.9115749551098,True,C7H6O,sample,DELIA RED.csv
10.10495,"Cyclotetrasiloxane, octamethyl-",91.9415335932017,True,C8H24O4Si4,sample,DELIA RED.csv
11.4714833333333,Acetophenone,91.0418140054433,True,C8H8O,sample,DELIA RED.csv
12.0952666666667,Nonanal,92.2752785489063,True,C9H18O,sample,DELIA RED.csv
17.1755166666667,Dimethyl phthalate,90.7736360414768,True,C10H10O4,sample,DELIA RED.csv
19.3233833333333,Benzophenone,97.6957579449618,True,C13H10O,sample,DELIA RED.csv
20.7670666666667,"1,3-Benzenedicarboxylic acid, bis(2-ethylhexyl) ester",96.9674530958838,True,C24H38O4,sample,DELIA RED.csv
21.0371666666667,"2-Propanol, 1-chloro-, phosphate (3:1)",94.7287403443448,True,C9H18Cl3O4P,sample,DELIA RED.csv
2.61683333333333,"1,3,5-Trifluorobenzene",93.3335133723171,True,C6H3F3,sample,FESTIEN.csv
5.87465721210184,"Cyclotrisiloxane, hexamethyl-",97.8192490025687,True,C6H18O3Si3,sample,FESTIEN.csv
9.32956861120923,Benzaldehyde,91.4352962077216,True,C7H6O,sample,FESTIEN.csv
10.09895,"Cyclotetrasiloxane, octamethyl-",95.216425260965,True,C8H24O4Si4,sample,FESTIEN.csv
11.4654833333333,Acetophenone,91.0461751858218,True,C8H8O,sample,FESTIEN.csv
12.08605,Nonanal,94.7184266118872,True,C9H18O,sample,FESTIEN.csv
13.7162333333333,Decanal,94.0519303002742,True,C10H20O,sample,FESTIEN.csv
17.1727333333333,Dimethyl phthalate,92.6928984289908,True,C10H10O4,sample,FESTIEN.csv
19.3206,Benzophenone,97.0257665955754,True,C13H10O,sample,FESTIEN.csv
20.6003,"1,3-Benzenedicarboxylic acid, bis(2-ethylhexyl) ester",96.3849317752019,True,C24H38O4,sample,FESTIEN.csv
23.37515,Squalene,91.981546147693,True,C30H50,sample,FESTIEN.csv
2.61996666666667,"1,3,5-Trifluorobenzene",93.119985135445,True,C6H3F3,sample,MULBERRYBEAUTY.csv
5.88355,"Cyclotrisiloxane, hexamethyl-",95.2328114957245,True,C6H18O3Si3,sample,MULBERRYBEAUTY.csv
9.33786289879757,Benzaldehyde,95.7941178244888,True,C7H6O,sample,MULBERRYBEAUTY.csv
9.75483333333333,Phenol,90.8681327698415,True,C6H6O,sample,MULBERRYBEAUTY.csv
12.0924,Nonanal,94.4035651475356,True,C9H18O,sample,MULBERRYBEAUTY.csv
13.7193666666667,Decanal,91.7586031208923,True,C10H20O,sample,MULBERRYBEAUTY.csv
19.3237333333333,Benzophenone,97.8087476875038,True,C13H10O,sample,MULBERRYBEAUTY.csv
20.7224166666667,"1,3-Benzenedicarboxylic acid, bis(2-ethylhexyl) ester",96.7802039324442,True,C24H38O4,sample,MULBERRYBEAUTY.csv
21.0375166666667,"2-Propanol, 1-chloro-, phosphate (3:1)",94.9941671064313,True,C9H18Cl3O4P,sample,MULBERRYBEAUTY.csv
21.6870166666667,"1,2-Benzenedicarboxylic acid, bis(2-methylpropyl) ester",93.1440562274211,True,C16H22O4,sample,MULBERRYBEAUTY.csv
23.45225,Squalene,91.5548263520871,True,C30H50,sample,MULBERRYBEAUTY.csv
2.62005,"1,3,5-Trifluorobenzene",91.6919840761595,True,C6H3F3,sample,OSPREY.csv
5.88363333333333,"Cyclotrisiloxane, hexamethyl-",97.918654652686,True,C6H18O3Si3,sample,OSPREY.csv
9.33371666666667,Benzaldehyde,95.2739290422365,True,C7H6O,sample,OSPREY.csv
10.1054,"Cyclotetrasiloxane, octamethyl-",95.6788734290129,True,C8H24O4Si4,sample,OSPREY.csv
10.2147166666667,Octanal,92.1194300070592,True,C8H16O,sample,OSPREY.csv
11.4751333333333,Acetophenone,92.4823061393205,True,C8H8O,sample,OSPREY.csv
12.0924833333333,Nonanal,96.8895462434313,True,C9H18O,sample,OSPREY.csv
13.1374833333333,Benzoic acid,93.7598519352762,True,C7H6O2,sample,OSPREY.csv
13.7226666666667,Decanal,94.0286984842221,True,C10H20O,sample,OSPREY.csv
16.3753333333333,Tetradecane,92.7734744108139,True,C14H30,sample,OSPREY.csv
18.76435,Hexadecane,91.933973944829,True,C16H34,sample,OSPREY.csv
19.3270333333333,Benzophenone,90.8243176405216,True,C13H10O,sample,OSPREY.csv
20.7289333333333,"1,3-Benzenedicarboxylic acid, bis(2-ethylhexyl) ester",96.8771554452265,True,C24H38O4,sample,OSPREY.csv
21.0408166666667,"2-Propanol, 1-chloro-, phosphate (3:1)",94.1563720183155,True,C9H18Cl3O4P,sample,OSPREY.csv
2.62003333333333,"1,3,5-Trifluorobenzene",94.2046070026476,True,C6H3F3,sample,SMART.csv
5.88361666666667,"Cyclotrisiloxane, hexamethyl-",95.4917819474704,True,C6H18O3Si3,sample,SMART.csv
9.32726666666667,Benzaldehyde,96.7555802649966,True,C7H6O,sample,SMART.csv
9.7517,Phenol,92.9370755271448,True,C6H6O,sample,SMART.csv
10.2114833333333,Octanal,90.3959935873935,True,C8H16O,sample,SMART.csv
11.4687,Acetophenone,94.778727337461,True,C8H8O,sample,SMART.csv
12.0924666666667,Nonanal,97.3482235816613,True,C9H18O,sample,SMART.csv
12.4172166666667,"Octanoic acid, methyl ester",92.8326146684346,True,C9H18O2,sample,SMART.csv
13.1631833333333,Benzoic acid,91.8407847278407,True,C7H6O2,sample,SMART.csv
13.7194333333333,Decanal,93.245427552855,True,C10H20O,sample,SMART.csv
14.2917666666667,"2-Propanol, 1-(2-butoxy-1-methylethoxy)-",91.0945170382526,True,C10H22O3,sample,SMART.csv
14.3593,"2-Propanol, 1-(2-butoxy-1-methylethoxy)-",91.8165935929586,True,C10H22O3,sample,SMART.csv
15.5071833333333,Methyl 8-oxooctanoate,93.4316946204097,True,C9H16O3,sample,SMART.csv
15.6808,Triacetin,90.0507605144448,True,C9H14O6,sample,SMART.csv
16.8351166666667,"Nonanoic acid, 9-oxo-, methyl ester",95.8136847596893,True,C10H18O3,sample,SMART.csv
17.17595,Dimethyl phthalate,92.1185502143923,True,C10H10O4,sample,SMART.csv
18.7611166666667,Hexadecane,93.2528393779337,True,C16H34,sample,SMART.csv
19.0633666666667,"Dodecanoic acid, 1-methylethyl ester",91.0550163798596,True,C15H30O2,sample,SMART.csv
19.3270166666667,Benzophenone,97.8206689006483,True,C13H10O,sample,SMART.csv
20.79,"1,3-Benzenedicarboxylic acid, bis(2-ethylhexyl) ester",96.7562805641992,True,C24H38O4,sample,SMART.csv
21.0375833333333,"2-Propanol, 1-chloro-, phosphate (3:1)",93.6914371443362,True,C9H18Cl3O4P,sample,SMART.csv
21.6838666666667,"1,2-Benzenedicarboxylic acid, bis(2-methylpropyl) ester",92.726920620828,True,C16H22O4,sample,SMART.csv
2.62301666666667,"1,3,5-Trifluorobenzene",91.774716608562,True,C6H3F3,sample,TAURUS.csv
5.8866,"Cyclotrisiloxane, hexamethyl-",95.8111455971247,True,C6H18O3Si3,sample,TAURUS.csv
9.33346666666667,Benzaldehyde,96.5489696184086,True,C7H6O,sample,TAURUS.csv
10.10515,"Cyclotetrasiloxane, octamethyl-",94.4086774168751,True,C8H24O4Si4,sample,TAURUS.csv
11.4749,Acetophenone,91.7299532219291,True,C8H8O,sample,TAURUS.csv
12.09545,Nonanal,96.145875310772,True,C9H18O,sample,TAURUS.csv
13.1115166666667,Benzoic acid,92.8256530801666,True,C7H6O2,sample,TAURUS.csv
16.3751,Tetradecane,93.0808720436589,True,C14H30,sample,TAURUS.csv
18.7608833333333,Hexadecane,91.2223934749309,True,C16H34,sample,TAURUS.csv
20.72225,"1,3-Benzenedicarboxylic acid, bis(2-ethylhexyl) ester",96.5518249310815,True,C24H38O4,sample,TAURUS.csv
21.03735,"2-Propanol, 1-chloro-, phosphate (3:1)",95.2856004847826,True,C9H18Cl3O4P,sample,TAURUS.csv
2.62328333333333,"1,3,5-Trifluorobenzene",93.3346171034259,True,C6H3F3,sample,TRIPLE7.csv
5.88686666666667,"Cyclotrisiloxane, hexamethyl-",96.4430381342658,True,C6H18O3Si3,sample,TRIPLE7.csv
9.33458433444908,Benzaldehyde,96.443432371655,True,C7H6O,sample,TRIPLE7.csv
9.75930273304633,Phenol,92.1748247460835,True,C6H6O,sample,TRIPLE7.csv
11.4687166666667,Acetophenone,94.3773334348419,True,C8H8O,sample,TRIPLE7.csv
11.9799666666667,"Benzoic acid, methyl ester",91.5613317948166,True,C8H8O2,sample,TRIPLE7.csv
12.0925,Nonanal,96.6799895454389,True,C9H18O,sample,TRIPLE7.csv
12.41725,"Octanoic acid, methyl ester",93.3311925458159,True,C9H18O2,sample,TRIPLE7.csv
13.1374833333333,Benzoic acid,90.1922123526771,True,C7H6O2,sample,TRIPLE7.csv
13.7226833333333,Decanal,92.7081875295403,True,C10H20O,sample,TRIPLE7.csv
14.2961373028378,"2-Propanol, 1-(2-butoxy-1-methylethoxy)-",90.6872858502662,True,C10H22O3,sample,TRIPLE7.csv
14.3561,"2-Propanol, 1-(2-butoxy-1-methylethoxy)-",91.6819195400859,True,C10H22O3,sample,TRIPLE7.csv
15.5072,Methyl 8-oxooctanoate,90.5570650904263,True,C9H16O3,sample,TRIPLE7.csv
16.83515,"Nonanoic acid, 9-oxo-, methyl ester",95.4318558825594,True,C10H18O3,sample,TRIPLE7.csv
18.76435,Hexadecane,91.1870471979353,True,C16H34,sample,TRIPLE7.csv
19.0633833333333,"Dodecanoic acid, 1-methylethyl ester",90.3239646763999,True,C15H30O2,sample,TRIPLE7.csv
19.32705,Benzophenone,97.8577975116202,True,C13H10O,sample,TRIPLE7.csv
20.6871333333333,"1,3-Benzenedicarboxylic acid, bis(2-ethylhexyl) ester",96.8898807492192,True,C24H38O4,sample,TRIPLE7.csv
21.0408333333333,"2-Propanol, 1-chloro-, phosphate (3:1)",93.556948873931,True,C9H18Cl3O4P,sample,TRIPLE7.csv
21.6871166666667,"1,2-Benzenedicarboxylic acid, bis(2-methylpropyl) ester",92.981157542333,True,C16H22O4,sample,TRIPLE7.csv
5.28863333333333,Octane,95.3451167940653,True,C8H18,qc,qc.csv
5.90420794157334,"Cyclotrisiloxane, hexamethyl-",97.6566741064945,True,C6H18O3Si3,qc,qc.csv
9.34338938574854,Benzaldehyde,94.6169439801086,True,C7H6O,qc,qc.csv
10.2209833333333,Octanal,91.7342628638324,True,C8H16O,qc,qc.csv
10.7193666666667,"1-Hexanol, 2-ethyl-",94.0503715026712,True,C8H18O,qc,qc.csv
11.9862166666667,"Benzoic acid, methyl ester",91.2636056310225,True,C8H8O2,qc,qc.csv
12.1019666666667,Nonanal,97.2512300112562,True,C9H18O,qc,qc.csv
13.6228333333333,Dodecane,94.2834670969168,True,C12H26,qc,qc.csv
13.73215,Decanal,96.4103672225187,True,C10H20O,qc,qc.csv
16.3848333333333,Tetradecane,96.5376304369526,True,C14H30,qc,qc.csv
17.6163,Pentadecane,95.6251702306779,True,C15H32,qc,qc.csv
18.7706166666667,Hexadecane,94.6604230418043,True,C16H34,qc,qc.csv
19.3300833333333,Benzophenone,93.0467781495784,True,C13H10O,qc,qc.csv
20.8991833333333,Octadecane,97.035015613474,True,C18H38,qc,qc.csv
21.0438666666667,"2-Propanol, 1-chloro-, phosphate (3:1)",91.9151083024903,True,C9H18Cl3O4P,qc,qc.csv
22.81875,Eicosane,96.7925515573738,True,C20H42,qc,qc.csv
5.28877262343412,Dodecane,74.1278590685554,True,C12H26,qc,qc.csv
7.00854466581039,Dodecane,59.1620566367754,True,C12H26,qc,qc.csv
7.91401043610535,Dodecane,52.2456054638153,True,C12H26,qc,qc.csv
7.96095358575026,Dodecane,67.2086004018616,True,C12H26,qc,qc.csv
9.20137505766899,Dodecane,52.8044840807944,True,C12H26,qc,qc.csv
9.98298478528967,Dodecane,61.4458203113975,True,C12H26,qc,qc.csv
10.1506460091402,Dodecane,83.5431091730713,True,C12H26,qc,qc.csv
10.2208092526844,Dodecane,60.0604204978386,True,C12H26,qc,qc.csv
10.4261888974344,Dodecane,60.9498077779048,True,C12H26,qc,qc.csv
10.7240767215154,Dodecane,65.5948039791848,True,C12H26,qc,qc.csv
11.8828335373279,Dodecane,51.8958186649044,True,C12H26,qc,qc.csv
12.0145943883634,Dodecane,67.4432835443565,True,C12H26,qc,qc.csv
12.1034821924515,Dodecane,58.0060572800033,True,C12H26,qc,qc.csv
12.4299349524271,Methyl palmitate,58.5184098632298,True,C17H34O2,qc,qc.csv
12.8554313042835,Dodecane,52.2198040519782,True,C12H26,qc,qc.csv
13.6227696230771,Dodecane,99.2785315241814,True,C12H26,qc,qc.csv
13.7314822396852,Dodecane,60.2631626486585,True,C12H26,qc,qc.csv
14.323554347009,Barbital,50.7456165046158,True,C8H12N2O3,qc,qc.csv
14.9992880574893,Dodecane,52.008668311034,True,C12H26,qc,qc.csv
15.064253030353,Dodecane,80.7384042169761,True,C12H26,qc,qc.csv
15.1920357968975,Dodecane,62.9067614917887,True,C12H26,qc,qc.csv
15.5186055493217,Methyl palmitate,54.2308191912016,True,C17H34O2,qc,qc.csv
16.2879751063357,Dodecane,52.4678388419198,True,C12H26,qc,qc.csv
16.3051629067552,Biphenyl,93.2984497954064,True,C12H10,qc,qc.csv
16.3846581661331,Dodecane,87.4874172059432,True,C12H26,qc,qc.csv
16.5294296532567,Dodecane,61.4654558516073,True,C12H26,qc,qc.csv
16.6937614675486,Methyl palmitate,58.2425561984455,True,C17H34O2,qc,qc.csv
16.8455785298565,Methyl palmitate,54.7483411560751,True,C17H34O2,qc,qc.csv
16.9016780538756,Pentobarbital,50.1879860293945,True,C11H18N2O3,qc,qc.csv
17.5268274067691,Dodecane,59.6450942664206,True,C12H26,qc,qc.csv
17.6158800223189,Dodecane,88.3528789855325,True,C12H26,qc,qc.csv
17.7776287291558,Dodecane,60.7921785037772,True,C12H26,qc,qc.csv
17.9084271713191,Methyl palmitate,54.9621721052066,True,C17H34O2,qc,qc.csv
18.3557639966713,Dodecane,73.7098034356808,True,C12H26,qc,qc.csv
18.6923328486407,Dodecane,56.3098469647535,True,C12H26,qc,qc.csv
18.7717175088297,Dodecane,81.3310176565364,True,C12H26,qc,qc.csv
18.9488355903822,Dodecane,56.9099245428254,True,C12H26,qc,qc.csv
19.274515423908,Dodecane,61.4011392403797,True,C12H26,qc,qc.csv
19.8629976496993,Dodecane,71.5217338739326,True,C12H26,qc,qc.csv
19.9312664845657,Dodecane,67.2663314904386,True,C12H26,qc,qc.csv
20.1362315098834,Methyl palmitate,64.1521820322738,True,C17H34O2,qc,qc.csv
20.4734627067034,Dodecane,64.7022043858967,True,C12H26,qc,qc.csv
20.4754920851337,Methyl palmitate,55.1157366989464,True,C17H34O2,qc,qc.csv
20.8994290541394,Dodecane,78.5863345341145,True,C12H26,qc,qc.csv
21.0091033655536,Dodecane,67.9390928852658,True,C12H26,qc,qc.csv
21.084317233238,Caffeine,54.1241761292729,True,C8H10N4O2,qc,qc.csv
21.6147331337039,Caffeine,60.7334147297538,True,C8H10N4O2,qc,qc.csv
21.8226762568581,Dodecane,53.6895140715479,True,C12H26,qc,qc.csv
21.8810312832402,Dodecane,79.8814717121616,True,C12H26,qc,qc.csv
22.1392272221958,Methyl palmitate,94.369812618671,True,C17H34O2,qc,qc.csv
22.5623128141423,Dodecane,55.9521765655773,True,C12H26,qc,qc.csv
22.8182478781263,Dodecane,81.8694934935771,True,C12H26,qc,qc.csv
23.2834607844402,Dodecane,56.6121103586299,True,C12H26,qc,qc.csv
23.3457154583896,Dodecane,58.2128573398214,True,C12H26,qc,qc.csv
5.06671333030621,Dodecane,54.9544697590421,True,C12H26,qc,qcb.csv
5.29487743706884,Dodecane,79.7355950471671,True,C12H26,qc,qcb.csv
7.02464873062033,Dodecane,69.2353416293176,True,C12H26,qc,qcb.csv
7.90900810418046,Dodecane,80.3953645084935,True,C12H26,qc,qcb.csv
9.19594054165281,Dodecane,51.7444501681808,True,C12H26,qc,qcb.csv
9.54363949592874,Dodecane,67.840307587205,True,C12H26,qc,qcb.csv
10.1450128758853,Dodecane,81.108918293727,True,C12H26,qc,qcb.csv
10.2213690412395,Dodecane,57.6255134259905,True,C12H26,qc,qcb.csv
10.7333916059237,Dodecane,65.3286351607715,True,C12H26,qc,qcb.csv
12.0039159888234,Dodecane,63.950075219702,True,C12H26,qc,qcb.csv
12.1016165135011,Dodecane,62.5989732525432,True,C12H26,qc,qcb.csv
13.4907235291779,Dodecane,60.9882979061061,True,C12H26,qc,qcb.csv
13.6146254759985,Dodecane,96.2383579469507,True,C12H26,qc,qcb.csv
15.0559062625828,Dodecane,84.7763970097969,True,C12H26,qc,qcb.csv
15.4299938459558,Dodecane,58.1616434372348,True,C12H26,qc,qcb.csv
16.2794045766597,Dodecane,51.6197656022909,True,C12H26,qc,qcb.csv
16.2936118547821,Dodecane,59.7019173304881,True,C12H26,qc,qcb.csv
16.2966651095472,Biphenyl,94.7105300877425,True,C12H10,qc,qcb.csv
16.3770936370655,Dodecane,83.8841559781272,True,C12H26,qc,qcb.csv
16.6514821621831,Barbital,62.0284288537434,True,C8H12N2O3,qc,qcb.csv
16.7709786977677,Dodecane,66.3262556323281,True,C12H26,qc,qcb.csv
17.3067527437585,Dodecane,53.541111540519,True,C12H26,qc,qcb.csv
17.5204565236288,Dodecane,61.9475098129369,True,C12H26,qc,qcb.csv
17.6083601903653,Dodecane,77.3166662457878,True,C12H26,qc,qcb.csv
17.7085761085409,Dodecane,72.6049103460177,True,C12H26,qc,qcb.csv
17.9014831386584,Methyl palmitate,71.3818596942288,True,C17H34O2,qc,qcb.csv
18.0054536354528,Dodecane,59.3919745462692,True,C12H26,qc,qcb.csv
18.1458498619022,Dodecane,54.4610663176273,True,C12H26,qc,qcb.csv
18.2268117226027,Dodecane,60.6625678343861,True,C12H26,qc,qcb.csv
18.3587638525796,Methyl palmitate,52.6848461271494,True,C17H34O2,qc,qcb.csv
18.4402348351867,Dodecane,59.1230921123634,True,C12H26,qc,qcb.csv
18.6384506986586,Methyl palmitate,51.1272080284632,True,C17H34O2,qc,qcb.csv
18.7264602344714,Methyl palmitate,63.9103648058621,True,C17H34O2,qc,qcb.csv
18.7643872335544,Dodecane,86.0227503036906,True,C12H26,qc,qcb.csv
18.9560815126308,Dodecane,50.3822552235378,True,C12H26,qc,qcb.csv
19.046592859014,Methyl palmitate,72.8684979718329,True,C17H34O2,qc,qcb.csv
19.4443142136532,Methyl palmitate,51.7003385052146,True,C17H34O2,qc,qcb.csv
19.6481948512541,Dodecane,64.3160921437562,True,C12H26,qc,qcb.csv
19.8568275613241,Dodecane,66.6190811515901,True,C12H26,qc,qcb.csv
20.1002794267648,Dodecane,73.4203544606339,True,C12H26,qc,qcb.csv
20.1305019911581,Methyl palmitate,55.2192221830806,True,C17H34O2,qc,qcb.csv
20.2259250158753,Dodecane,55.6028397858258,True,C12H26,qc,qcb.csv
20.3323423173925,Dodecane,65.2344987445914,True,C12H26,qc,qcb.csv
20.8738824617247,Methyl palmitate,66.8895623321667,True,C17H34O2,qc,qcb.csv
20.8922266582891,Dodecane,57.3298572567414,True,C12H26,qc,qcb.csv
21.0103502070212,Dodecane,63.2094746105931,True,C12H26,qc,qcb.csv
21.065460405925,Dodecane,58.2090309283285,True,C12H26,qc,qcb.csv
21.0799097288209,Caffeine,50.3439090455428,True,C8H10N4O2,qc,qcb.csv
21.1541973058753,Methyl palmitate,63.396024997695,True,C17H34O2,qc,qcb.csv
21.6956422377894,Caffeine,59.9703592609814,True,C8H10N4O2,qc,qcb.csv
21.7650079770413,Dodecane,58.7907032766206,True,C12H26,qc,qcb.csv
21.7844499412598,Methyl palmitate,50.8680904016962,True,C17H34O2,qc,qcb.csv
21.9368118065828,Caffeine,51.1345830986822,True,C8H10N4O2,qc,qcb.csv
22.1439946068776,Methyl palmitate,90.7280014800138,True,C17H34O2,qc,qcb.csv
22.357790288358,Dodecane,53.4892427071259,True,C12H26,qc,qcb.csv
3.04847937140719,Dodecane,50.8334254177529,True,C12H26,qc,qc.csv
5.29097341486158,Dodecane,73.0617712702396,True,C12H26,qc,qc.csv
7.96282716330504,Dodecane,63.4881445600732,True,C12H26,qc,qc.csv
9.98305041022289,Dodecane,63.3555373283082,True,C12H26,qc,qc.csv
10.1508206316801,Dodecane,84.0721917525891,True,C12H26,qc,qc.csv
10.2210452058926,Dodecane,59.92826151963,True,C12H26,qc,qc.csv
10.7214401978738,Dodecane,66.9351344586461,True,C12H26,qc,qc.csv
12.0133144086106,Dodecane,83.2903901359274,True,C12H26,qc,qc.csv
12.1031059820244,Dodecane,58.4269538771555,True,C12H26,qc,qc.csv
12.5838483574091,Dodecane,68.2630642052566,True,C12H26,qc,qc.csv
13.1774435538288,Dodecane,60.9624530756295,True,C12H26,qc,qc.csv
13.4978346993719,Dodecane,50.3502814852727,True,C12H26,qc,qc.csv
13.6233603746648,Dodecane,98.8588863317201,True,C12H26,qc,qc.csv
13.7318540692427,Dodecane,62.5715237563609,True,C12H26,qc,qc.csv
14.0763652732549,Dodecane,52.8691634470274,True,C12H26,qc,qc.csv
14.3952355532971,Caffeine,58.4973295339496,True,C8H10N4O2,qc,qc.csv
14.7926358690467,Dodecane,62.6989524599012,True,C12H26,qc,qc.csv
15.0647528520244,Dodecane,86.4095927886413,True,C12H26,qc,qc.csv
15.1923733372436,Dodecane,60.9462290915294,True,C12H26,qc,qc.csv
15.6946176629705,Dodecane,52.362278613349,True,C12H26,qc,qc.csv
16.0110712142162,Dodecane,51.2458233438622,True,C12H26,qc,qc.csv
16.2882815105069,Dodecane,59.2287709384689,True,C12H26,qc,qc.csv
16.3060805774195,Biphenyl,91.9760878304046,True,C12H10,qc,qc.csv
16.3865825261715,Dodecane,87.3927089561237,True,C12H26,qc,qc.csv
16.530743271112,Dodecane,58.3321392462905,True,C12H26,qc,qc.csv
16.8508264097023,Methyl palmitate,51.5775628407406,True,C17H34O2,qc,qc.csv
16.8998464164246,Pentobarbital,51.8257239432651,True,C11H18N2O3,qc,qc.csv
17.1135484374323,Pentobarbital,50.4059695371762,True,C11H18N2O3,qc,qc.csv
17.1812892885862,Dodecane,72.7387298470351,True,C12H26,qc,qc.csv
17.3179920789675,Dodecane,55.0269123623379,True,C12H26,qc,qc.csv
17.5286385769493,Dodecane,71.2703455194101,True,C12H26,qc,qc.csv
17.6167051863162,Dodecane,86.3990441411618,True,C12H26,qc,qc.csv
17.7158834738801,Dodecane,74.1958507448636,True,C12H26,qc,qc.csv
17.7786092882621,Dodecane,62.1274059670775,True,C12H26,qc,qc.csv
17.9095366139141,Methyl palmitate,54.3613419969804,True,C17H34O2,qc,qc.csv
18.1623657621799,Dodecane,75.7898649081572,True,C12H26,qc,qc.csv
18.2315394955152,Dodecane,66.4122685382669,True,C12H26,qc,qc.csv
18.3001289726056,Dodecane,64.3753502198591,True,C12H26,qc,qc.csv
18.3566062881668,Dodecane,71.4451265244434,True,C12H26,qc,qc.csv
18.4482857543474,Dodecane,69.444663428813,True,C12H26,qc,qc.csv
18.6289214670975,Dodecane,51.3636167253419,True,C12H26,qc,qc.csv
18.6929566198569,Dodecane,62.2980050599132,True,C12H26,qc,qc.csv
18.7730742408292,Dodecane,86.1751134035756,True,C12H26,qc,qc.csv
18.8487495095651,Dodecane,54.0360021076753,True,C12H26,qc,qc.csv
18.9515577881474,Dodecane,59.197960843151,True,C12H26,qc,qc.csv
19.1758541420408,Dodecane,70.2498899622333,True,C12H26,qc,qc.csv
19.2748578729922,Dodecane,60.7228965632891,True,C12H26,qc,qc.csv
19.4139671721425,Dodecane,58.6091188777324,True,C12H26,qc,qc.csv
19.5577933178069,Dodecane,55.2445429169573,True,C12H26,qc,qc.csv
19.656987022364,Dodecane,56.5725388636513,True,C12H26,qc,qc.csv
19.864443063618,Dodecane,63.2143120649702,True,C12H26,qc,qc.csv
19.9326660506176,Dodecane,66.9794695729599,True,C12H26,qc,qc.csv
20.057859331602,Dodecane,51.7362910321341,True,C12H26,qc,qc.csv
20.1376740334551,Methyl palmitate,60.8493350990169,True,C17H34O2,qc,qc.csv
20.238055094819,Dodecane,50.5164752992305,True,C12H26,qc,qc.csv
20.3363021590127,Dodecane,54.351298212213,True,C12H26,qc,qc.csv
20.4091472439087,Dodecane,54.5633090568734,True,C12H26,qc,qc.csv
20.4684363968323,Dodecane,50.2296003820113,True,C12H26,qc,qc.csv
20.4686850122366,Methyl palmitate,50.006261916479,True,C17H34O2,qc,qc.csv
20.5652985865717,Dodecane,54.5248728094129,True,C12H26,qc,qc.csv
20.6130440657079,Dodecane,64.4794090565124,True,C12H26,qc,qc.csv
20.9007369161765,Dodecane,79.4519597471585,True,C12H26,qc,qc.csv
21.010296088082,Dodecane,69.3280524581343,True,C12H26,qc,qc.csv
21.1580681748585,Methyl palmitate,51.0408235571483,True,C17H34O2,qc,qc.csv
21.251929455214,Dodecane,61.0717682476653,True,C12H26,qc,qc.csv
21.3801661702845,Dodecane,51.045879784618,True,C12H26,qc,qc.csv
21.5247705370155,Dodecane,52.2516917943907,True,C12H26,qc,qc.csv
21.5779366798621,Dodecane,51.9877833575897,True,C12H26,qc,qc.csv
21.8821332802201,Dodecane,72.767542487471,True,C12H26,qc,qc.csv
22.0998453503028,Dodecane,57.7690383523469,True,C12H26,qc,qc.csv
22.1405919343073,Methyl palmitate,93.9187768970941,True,C17H34O2,qc,qc.csv
22.3688950945924,Dodecane,58.609359886488,True,C12H26,qc,qc.csv
22.4477556028572,Methyl palmitate,53.8208660845435,True,C17H34O2,qc,qc.csv
22.5041457613733,Dodecane,57.9695453601983,True,C12H26,qc,qc.csv
22.5641957231998,Dodecane,66.2357446333812,True,C12H26,qc,qc.csv
22.8201213087415,Dodecane,77.4568083069083,True,C12H26,qc,qc.csv
5.29818951689089,Dodecane,78.7181767414874,True,C12H26,qc,qcb.csv
7.96191193558525,Dodecane,63.5277245866222,True,C12H26,qc,qcb.csv
9.99632186691417,Dodecane,66.1822480056543,True,C12H26,qc,qcb.csv
10.1514040972392,Dodecane,81.2898050282657,True,C12H26,qc,qcb.csv
10.2217218627508,Dodecane,60.9315755636575,True,C12H26,qc,qcb.csv
10.7213007229306,Dodecane,66.5062805088181,True,C12H26,qc,qcb.csv
12.0142299929812,Dodecane,77.1303368541361,True,C12H26,qc,qcb.csv
12.1034440195167,Dodecane,58.0672912493538,True,C12H26,qc,qcb.csv
12.5820427036244,Dodecane,69.1344106024769,True,C12H26,qc,qcb.csv
13.1789885308593,Dodecane,60.862201839722,True,C12H26,qc,qcb.csv
13.5301793966274,Dodecane,51.8601380923792,True,C12H26,qc,qcb.csv
13.6231665906737,Dodecane,96.4839894189911,True,C12H26,qc,qcb.csv
13.7322542363383,Dodecane,60.658781968895,True,C12H26,qc,qcb.csv
14.0768323002704,Dodecane,61.0623390677307,True,C12H26,qc,qcb.csv
14.5643619992063,Dodecane,53.4636117065155,True,C12H26,qc,qcb.csv
14.6931434611461,Dodecane,60.7076340681754,True,C12H26,qc,qcb.csv
14.7930574224933,Dodecane,56.3024531143243,True,C12H26,qc,qcb.csv
15.0638392765443,Dodecane,86.7778928137083,True,C12H26,qc,qcb.csv
15.1939423849866,Dodecane,62.6950521214014,True,C12H26,qc,qcb.csv
15.696906954286,Dodecane,50.8350283690479,True,C12H26,qc,qcb.csv
16.2874381431808,Dodecane,60.373721463516,True,C12H26,qc,qcb.csv
16.305473130564,Biphenyl,93.5703436916497,True,C12H10,qc,qcb.csv
16.3864426639995,Dodecane,88.2015986452749,True,C12H26,qc,qcb.csv
16.5303388677212,Dodecane,60.1834648573239,True,C12H26,qc,qcb.csv
16.8482668950874,Methyl palmitate,53.9887681318249,True,C17H34O2,qc,qcb.csv
17.0085915178387,Dodecane,53.5402414930878,True,C12H26,qc,qcb.csv
17.1143849837646,Butethal,57.3641673782754,True,C10H16N2O3,qc,qcb.csv
17.2658640185328,Dodecane,61.2157944522498,True,C12H26,qc,qcb.csv
17.3211420920387,Dodecane,69.2508598422917,True,C12H26,qc,qcb.csv
17.5285350690936,Dodecane,69.439558918435,True,C12H26,qc,qcb.csv
17.6173777783134,Dodecane,83.3935705534949,True,C12H26,qc,qcb.csv
17.6224726960187,Secobarbital,50.7189407151721,True,C12H18N2O3,qc,qcb.csv
17.7159578776592,Dodecane,75.4199207451185,True,C12H26,qc,qcb.csv
17.77833141314,Dodecane,61.338772627255,True,C12H26,qc,qcb.csv
17.9070188173588,Methyl palmitate,56.8848989338919,True,C17H34O2,qc,qcb.csv
18.0559435136846,Dodecane,65.7726547157391,True,C12H26,qc,qcb.csv
18.1604060722911,Dodecane,59.6340208146076,True,C12H26,qc,qcb.csv
18.2328493267092,Dodecane,57.9732414927485,True,C12H26,qc,qcb.csv
18.3562284044789,Dodecane,68.0462553344442,True,C12H26,qc,qcb.csv
18.448371602279,Dodecane,64.7416036688647,True,C12H26,qc,qcb.csv
18.6933554791943,Dodecane,65.241764907957,True,C12H26,qc,qcb.csv
18.7721439175616,Dodecane,84.3912190217352,True,C12H26,qc,qcb.csv
18.9503363585517,Dodecane,57.9583656207531,True,C12H26,qc,qcb.csv
19.6545525033576,Dodecane,60.2003063824599,True,C12H26,qc,qcb.csv
19.8646372819444,Dodecane,64.6181881149597,True,C12H26,qc,qcb.csv
19.9317923306556,Dodecane,65.1986084707362,True,C12H26,qc,qcb.csv
20.0588469010403,Dodecane,51.1897566332978,True,C12H26,qc,qcb.csv
20.1369431277652,Methyl palmitate,66.0548498123471,True,C17H34O2,qc,qcb.csv
20.471357730925,Dodecane,67.4499258275709,True,C12H26,qc,qcb.csv
20.471681639095,Methyl palmitate,51.6058038396351,True,C17H34O2,qc,qcb.csv
20.6146855431987,Dodecane,57.2705897138206,True,C12H26,qc,qcb.csv
20.8998208925057,Dodecane,80.1098421794836,True,C12H26,qc,qcb.csv
21.0100274684223,Dodecane,67.6616107957378,True,C12H26,qc,qcb.csv
21.1604848439167,Methyl palmitate,58.8588474421649,True,C17H34O2,qc,qcb.csv
21.3830015239106,Dodecane,55.140485078312,True,C12H26,qc,qcb.csv
21.5236627889788,Dodecane,52.8467363054212,True,C12H26,qc,qcb.csv
21.8846460303781,Dodecane,76.4630136777432,True,C12H26,qc,qcb.csv
21.9387491942253,Dodecane,51.3776314435274,True,C12H26,qc,qcb.csv
21.9398349126792,Caffeine,50.6242619235257,True,C8H10N4O2,qc,qcb.csv
22.1414416698024,Methyl palmitate,95.7420279822538,True,C17H34O2,qc,qcb.csv
22.4502634888986,Methyl palmitate,55.9566644564843,True,C17H34O2,qc,qcb.csv
22.502524695516,Dodecane,60.8610930269576,True,C12H26,qc,qcb.csv
22.5669484645087,Dodecane,53.8098381111212,True,C12H26,qc,qcb.csv
22.6173510931766,Methyl palmitate,50.3267772719646,True,C17H34O2,qc,qcb.csv
22.819669221213,Dodecane,78.106007103019,True,C12H26,qc,qcb.csv
23.3870191912426,Dodecane,54.2904085978378,True,C12H26,qc,qcb.csv
5.29114149881503,Dodecane,72.9738829517803,True,C12H26,qc,qc.csv
6.02857599861048,Dodecane,52.5934002639188,True,C12H26,qc,qc.csv
9.55167552895272,Dodecane,52.3445295895548,True,C12H26,qc,qc.csv
10.1504594413633,Dodecane,82.882962130484,True,C12H26,qc,qc.csv
10.2228800383446,Dodecane,62.3129046456153,True,C12H26,qc,qc.csv
10.7292286403442,Dodecane,58.8439506323835,True,C12H26,qc,qc.csv
11.3799856954846,Dodecane,50.9648273437698,True,C12H26,qc,qc.csv
12.0123190130164,Dodecane,78.8399218097412,True,C12H26,qc,qc.csv
12.1024782659582,Dodecane,57.5236457864463,True,C12H26,qc,qc.csv
12.5787620043117,Dodecane,55.7256412433549,True,C12H26,qc,qc.csv
13.1790868038925,Dodecane,60.9645839139422,True,C12H26,qc,qc.csv
13.500091100324,Dodecane,54.1376673381123,True,C12H26,qc,qc.csv
13.6223292930001,Dodecane,99.0218603149064,True,C12H26,qc,qc.csv
13.731033614896,Dodecane,61.750351049687,True,C12H26,qc,qc.csv
15.0635488152308,Dodecane,88.040361393424,True,C12H26,qc,qc.csv
15.1909320582428,Dodecane,60.8679485048279,True,C12H26,qc,qc.csv
15.786449665186,Dodecane,56.9609222310787,True,C12H26,qc,qc.csv
15.917465077455,Dodecane,55.1613403514796,True,C12H26,qc,qc.csv
16.0089223454095,Dodecane,50.7539246886196,True,C12H26,qc,qc.csv
16.2887513712637,Dodecane,61.9716856765089,True,C12H26,qc,qc.csv
16.3064441689282,Biphenyl,92.8564504936113,True,C12H10,qc,qc.csv
16.3850141611816,Dodecane,87.7700557527765,True,C12H26,qc,qc.csv
16.530046788156,Dodecane,58.446441317401,True,C12H26,qc,qc.csv
17.5280402414369,Dodecane,63.2099441902065,True,C12H26,qc,qc.csv
17.6159435286416,Dodecane,86.9441498391698,True,C12H26,qc,qc.csv
17.7156608918473,Dodecane,74.8808709307995,True,C12H26,qc,qc.csv
17.7778051772891,Dodecane,62.0866775263559,True,C12H26,qc,qc.csv
17.9097469390475,Methyl palmitate,56.2242494130358,True,C17H34O2,qc,qc.csv
18.2319252849639,Dodecane,68.4681325278171,True,C12H26,qc,qc.csv
18.3545397424991,Dodecane,57.4419907855551,True,C12H26,qc,qc.csv
18.4471192507365,Dodecane,70.2990294509037,True,C12H26,qc,qc.csv
18.6927935126933,Dodecane,63.2842074036469,True,C12H26,qc,qc.csv
18.7719605467622,Dodecane,84.3859409830907,True,C12H26,qc,qc.csv
18.8508533929345,Dodecane,52.4684952159115,True,C12H26,qc,qc.csv
18.9503157180845,Dodecane,57.5168477952669,True,C12H26,qc,qc.csv
19.1727610877164,Dodecane,55.5111890492874,True,C12H26,qc,qc.csv
19.3135626141071,Dodecane,56.4016247889241,True,C12H26,qc,qc.csv
19.5570644555466,Dodecane,53.347251121125,True,C12H26,qc,qc.csv
19.8640212111115,Dodecane,72.7389141274068,True,C12H26,qc,qc.csv
19.9326156844486,Dodecane,71.9537570212226,True,C12H26,qc,qc.csv
20.1357134870606,Methyl palmitate,69.8061094547521,True,C17H34O2,qc,qc.csv
20.2371064009325,Dodecane,58.5710076938681,True,C12H26,qc,qc.csv
20.3356258844831,Dodecane,61.104804610827,True,C12H26,qc,qc.csv
20.4075323193306,Dodecane,70.2712042371613,True,C12H26,qc,qc.csv
20.473491322719,Methyl palmitate,54.9037798709293,True,C17H34O2,qc,qc.csv
20.6133968498069,Dodecane,61.9921804303028,True,C12H26,qc,qc.csv
20.8346000385235,Dodecane,54.3289563626753,True,C12H26,qc,qc.csv
20.9000677090942,Dodecane,78.5399113124567,True,C12H26,qc,qc.csv
21.0107268385202,Dodecane,69.9391527911978,True,C12H26,qc,qc.csv
21.1590579366825,Methyl palmitate,58.889042040366,True,C17H34O2,qc,qc.csv
21.2523105313751,Dodecane,54.2446956817162,True,C12H26,qc,qc.csv
21.3788155117206,Dodecane,54.8103117311585,True,C12H26,qc,qc.csv
21.5237110766504,Dodecane,51.9034195029648,True,C12H26,qc,qc.csv
21.5768896716621,Dodecane,52.8007916162063,True,C12H26,qc,qc.csv
21.8819422844474,Dodecane,75.2430813885461,True,C12H26,qc,qc.csv
22.1416079467079,Methyl palmitate,96.3378426569077,True,C17H34O2,qc,qc.csv
22.4562225097744,Methyl palmitate,56.4066372691662,True,C17H34O2,qc,qc.csv
22.5649312407837,Dodecane,57.4754157063984,True,C12H26,qc,qc.csv
22.819424964727,Dodecane,81.4637696856613,True,C12H26,qc,qc.csv
23.0684823946688,Methyl palmitate,52.755692952423,True,C17H34O2,qc,qc.csv
5.30138455011096,Dodecane,76.7049941634374,True,C12H26,qc,qcb.csv
7.92843005979819,Dodecane,54.0004304325495,True,C12H26,qc,qcb.csv
7.95487898876777,Dodecane,66.9817658530202,True,C12H26,qc,qcb.csv
10.121575829411,Dodecane,83.358073777985,True,C12H26,qc,qcb.csv
10.204803480798,Dodecane,63.8156980079284,True,C12H26,qc,qcb.csv
10.7080157009201,Dodecane,66.2545141428501,True,C12H26,qc,qcb.csv
11.2919282645998,Dodecane,55.4751143910625,True,C12H26,qc,qcb.csv
11.9864897343891,Dodecane,83.2350329539073,True,C12H26,qc,qcb.csv
12.0822421011878,Dodecane,57.8510753325084,True,C12H26,qc,qcb.csv
12.5675668748622,Dodecane,53.8155176694146,True,C12H26,qc,qcb.csv
13.1572915250514,Dodecane,66.6742068705591,True,C12H26,qc,qcb.csv
13.4733314201041,Dodecane,60.6373137966265,True,C12H26,qc,qcb.csv
13.5971181098761,Dodecane,98.2963649020217,True,C12H26,qc,qcb.csv
13.7119751502599,Dodecane,60.80286588302,True,C12H26,qc,qcb.csv
14.6715665772139,Dodecane,52.5998125051794,True,C12H26,qc,qcb.csv
14.7769260298847,Dodecane,73.7680584075159,True,C12H26,qc,qcb.csv
14.9336345679568,Dodecane,55.6069421793042,True,C12H26,qc,qcb.csv
15.0405114912672,Dodecane,86.9674680344447,True,C12H26,qc,qcb.csv
15.1733172759848,Dodecane,63.1021182181295,True,C12H26,qc,qcb.csv
15.270176756593,Dodecane,58.4310675653023,True,C12H26,qc,qcb.csv
15.4052519884059,Dodecane,74.3588030285875,True,C12H26,qc,qcb.csv
15.5286780247271,Methyl palmitate,53.6607639969929,True,C17H34O2,qc,qcb.csv
15.6384409662543,Dodecane,53.600264033611,True,C12H26,qc,qcb.csv
15.7637099192238,Dodecane,64.7768019653456,True,C12H26,qc,qcb.csv
15.8900863210549,Dodecane,62.2588472557403,True,C12H26,qc,qcb.csv
15.9913576048754,Dodecane,65.1096359831836,True,C12H26,qc,qcb.csv
16.2643932873641,Dodecane,58.6944519055388,True,C12H26,qc,qcb.csv
16.2890746124891,Biphenyl,92.7096635679197,True,C12H10,qc,qcb.csv
16.3616565409627,Dodecane,88.2270003331507,True,C12H26,qc,qcb.csv
16.512206573144,Dodecane,59.2131208153669,True,C12H26,qc,qcb.csv
16.8475546691825,Methyl palmitate,53.2471257795843,True,C17H34O2,qc,qcb.csv
16.9662045230441,Secobarbital,53.9179400417931,True,C12H18N2O3,qc,qcb.csv
17.0334058459893,Dodecane,51.7870409425456,True,C12H26,qc,qcb.csv
17.1493588168215,Dodecane,76.3781714831875,True,C12H26,qc,qcb.csv
17.2456370021143,Dodecane,55.9145161589885,True,C12H26,qc,qcb.csv
17.2937866042201,Dodecane,65.4162303906046,True,C12H26,qc,qcb.csv
17.505966512583,Dodecane,66.7817573070195,True,C12H26,qc,qcb.csv
17.5916214163378,Dodecane,88.8604673591086,True,C12H26,qc,qcb.csv
17.6929186796808,Dodecane,75.1249007072245,True,C12H26,qc,qcb.csv
17.8898136795916,Methyl palmitate,52.0930161239178,True,C17H34O2,qc,qcb.csv
18.0254449196337,Dodecane,74.2851660306312,True,C12H26,qc,qcb.csv
18.0996842696179,Dodecane,65.2932042156525,True,C12H26,qc,qcb.csv
18.1395780705438,Dodecane,72.6101121787398,True,C12H26,qc,qcb.csv
18.2087862527851,Dodecane,67.132718842109,True,C12H26,qc,qcb.csv
18.2752074930234,Dodecane,60.569506470104,True,C12H26,qc,qcb.csv
18.3356811008437,Dodecane,73.4829569686438,True,C12H26,qc,qcb.csv
18.424455829183,Dodecane,72.867704402471,True,C12H26,qc,qcb.csv
18.604762544682,Dodecane,58.620172188629,True,C12H26,qc,qcb.csv
18.6708094830415,Dodecane,63.1663474696949,True,C12H26,qc,qcb.csv
18.7506518514457,Dodecane,88.035998600507,True,C12H26,qc,qcb.csv
18.9308104988492,Dodecane,61.8660794849089,True,C12H26,qc,qcb.csv
19.1540197704732,Dodecane,67.9664986445995,True,C12H26,qc,qcb.csv
19.252818474259,Dodecane,77.5504449285396,True,C12H26,qc,qcb.csv
19.2912594268392,Dodecane,63.6999534845718,True,C12H26,qc,qcb.csv
19.3912538049432,Dodecane,58.6128171762458,True,C12H26,qc,qcb.csv
19.6352290421811,Dodecane,54.6705564394095,True,C12H26,qc,qcb.csv
19.8440549492473,Dodecane,75.4807013284315,True,C12H26,qc,qcb.csv
19.9140469454088,Dodecane,77.0117308871077,True,C12H26,qc,qcb.csv
20.1214375219884,Methyl palmitate,62.9209603401072,True,C17H34O2,qc,qcb.csv
20.2252017087755,Dodecane,57.8137856168903,True,C12H26,qc,qcb.csv
20.3256511543901,Dodecane,69.7205179113337,True,C12H26,qc,qcb.csv
20.3996254132524,Dodecane,61.3350312451032,True,C12H26,qc,qcb.csv
20.441261985601,Dodecane,58.142201843377,True,C12H26,qc,qcb.csv
20.6125691134168,Dodecane,56.8204743348256,True,C12H26,qc,qcb.csv
21.0532867955941,Dodecane,72.8469417181054,True,C12H26,qc,qcb.csv
22.278216313666,Dodecane,72.542110268399,True,C12H26,qc,qcb.csv
22.3509971149175,Dodecane,64.836468096423,True,C12H26,qc,qcb.csv
22.4285787409844,Dodecane,60.4973078680928,True,C12H26,qc,qcb.csv
22.4945640150409,Dodecane,71.4469213842309,True,C12H26,qc,qcb.csv
22.5443709761854,Dodecane,66.8129966966985,True,C12H26,qc,qcb.csv
22.8009319703203,Dodecane,77.9553946056432,True,C12H26,qc,qcb.csv
22.8927355063879,Dodecane,71.4256453078434,True,C12H26,qc,qcb.csv
23.1151588740229,Dodecane,57.4400452057586,True,C12H26,qc,qcb.csv
23.4099661108786,Dodecane,60.938546744089,True,C12H26,qc,qcb.csv
23.4747520063919,Dodecane,55.6086416833735,True,C12H26,qc,qcb.csv
5.04682640350319,Dodecane,57.0758485757035,True,C12H26,qc,qc.csv
5.27195244753352,Dodecane,73.2975746776324,True,C12H26,qc,qc.csv
5.67690054887955,Dodecane,67.5171116841943,True,C12H26,qc,qc.csv
7.94629361274064,Dodecane,62.9559155647687,True,C12H26,qc,qc.csv
9.19363919797349,Dodecane,52.7145296326325,True,C12H26,qc,qc.csv
9.53895933813634,Dodecane,58.236430638496,True,C12H26,qc,qc.csv
10.1405192581242,Dodecane,83.6503852015065,True,C12H26,qc,qc.csv
10.2104582440874,Dodecane,60.7309968054319,True,C12H26,qc,qc.csv
10.41818650712,Dodecane,58.9952303013988,True,C12H26,qc,qc.csv
10.7197429991411,Dodecane,66.9543741755286,True,C12H26,qc,qc.csv
11.8805030576009,Dodecane,58.5067049963327,True,C12H26,qc,qc.csv
12.0038052564935,Dodecane,74.834290091148,True,C12H26,qc,qc.csv
12.0943360870978,Dodecane,57.9982186526979,True,C12H26,qc,qc.csv
12.4221540943916,Methyl palmitate,57.6270201767891,True,C17H34O2,qc,qc.csv
12.5723222152424,Dodecane,62.4704294972962,True,C12H26,qc,qc.csv
13.1698906714768,Dodecane,61.8535396211092,True,C12H26,qc,qc.csv
13.4921500011373,Dodecane,57.5684223903885,True,C12H26,qc,qc.csv
13.6152726386962,Dodecane,99.0257374347722,True,C12H26,qc,qc.csv
13.7235867372798,Dodecane,61.5774599893284,True,C12H26,qc,qc.csv
14.7820877446888,Dodecane,58.3501759893172,True,C12H26,qc,qc.csv
15.0577504304343,Dodecane,84.8232084985155,True,C12H26,qc,qc.csv
15.1851602781734,Dodecane,62.182619166495,True,C12H26,qc,qc.csv
15.6976045207303,Dodecane,67.4595607086896,True,C12H26,qc,qc.csv
16.2820267121654,Dodecane,63.834630286563,True,C12H26,qc,qc.csv
16.2981539185204,Biphenyl,94.2023533896422,True,C12H10,qc,qc.csv
16.3794297475459,Dodecane,88.2307279376531,True,C12H26,qc,qc.csv
16.5249535756445,Dodecane,58.1789235165715,True,C12H26,qc,qc.csv
16.889763169091,Butethal,58.4926312119707,True,C10H16N2O3,qc,qc.csv
17.3050931399595,Dodecane,53.0636949993885,True,C12H26,qc,qc.csv
17.5228120856878,Dodecane,66.0706805140938,True,C12H26,qc,qc.csv
17.6109889185898,Dodecane,85.3613702231982,True,C12H26,qc,qc.csv
17.7094222116114,Dodecane,71.9081648234277,True,C12H26,qc,qc.csv
17.7740448223216,Dodecane,60.7912353932969,True,C12H26,qc,qc.csv
17.903676204248,Methyl palmitate,62.2534956138743,True,C17H34O2,qc,qc.csv
18.2230359331931,Dodecane,52.0484807522966,True,C12H26,qc,qc.csv
18.3512630294491,Dodecane,58.6170586181981,True,C12H26,qc,qc.csv
18.4447907721607,Dodecane,64.8782642242822,True,C12H26,qc,qc.csv
18.6890792867691,Dodecane,67.049307327261,True,C12H26,qc,qc.csv
18.7678608031931,Dodecane,83.2418559515395,True,C12H26,qc,qc.csv
18.9458761076095,Dodecane,59.0429457057774,True,C12H26,qc,qc.csv
19.0507478048498,Methyl palmitate,55.5718878802748,True,C17H34O2,qc,qc.csv
19.4102375715059,Dodecane,54.5780986782035,True,C12H26,qc,qc.csv
19.6519226841512,Dodecane,60.3796121431723,True,C12H26,qc,qc.csv
19.8607665290539,Dodecane,76.3543218994367,True,C12H26,qc,qc.csv
19.9332584939404,Dodecane,63.9120419357814,True,C12H26,qc,qc.csv
20.133514916007,Methyl palmitate,73.1280714300781,True,C17H34O2,qc,qc.csv
20.3326816619496,Dodecane,66.4791467632075,True,C12H26,qc,qc.csv
20.4838493866122,Methyl palmitate,56.6701050084464,True,C17H34O2,qc,qc.csv
20.6105497041838,Dodecane,54.3638814007526,True,C12H26,qc,qc.csv
20.7877459955156,Methyl palmitate,56.653023835301,True,C17H34O2,qc,qc.csv
20.8767070049829,Methyl palmitate,50.2574871030578,True,C17H34O2,qc,qc.csv
20.8973360841401,Dodecane,82.9017106575696,True,C12H26,qc,qc.csv
21.0092821181705,Dodecane,65.9109516315909,True,C12H26,qc,qc.csv
21.1557042314968,Methyl palmitate,58.7147193696625,True,C17H34O2,qc,qc.csv
21.7508267786647,Dodecane,59.1071331982453,True,C12H26,qc,qc.csv
21.878967313977,Dodecane,63.0302273099148,True,C12H26,qc,qc.csv
22.1373647314843,Methyl palmitate,96.204259043092,True,C17H34O2,qc,qc.csv
22.497835248771,Dodecane,67.0675514675714,True,C12H26,qc,qc.csv
22.816770444548,Dodecane,77.5476145456608,True,C12H26,qc,qc.csv
22.9023576328009,Dodecane,57.1719462737654,True,C12H26,qc,qc.csv
3.05018563379318,Dodecane,50.420225640265,True,C12H26,qc,qcb.csv
5.29189672998869,Dodecane,76.9576020008083,True,C12H26,qc,qcb.csv
7.95763519988391,Dodecane,63.9165618614915,True,C12H26,qc,qcb.csv
9.19560947930695,Dodecane,50.9602255575312,True,C12H26,qc,qcb.csv
9.97594040935968,Dodecane,62.0524457569657,True,C12H26,qc,qcb.csv
10.1475942098715,Dodecane,80.0793661251171,True,C12H26,qc,qcb.csv
10.2164806004488,Dodecane,58.4531662309851,True,C12H26,qc,qcb.csv
10.2822859706502,Pentobarbital,54.4889596236625,True,C11H18N2O3,qc,qcb.csv
10.4239283087753,Dodecane,68.4406897455701,True,C12H26,qc,qcb.csv
10.71524411629,Dodecane,66.1314626175335,True,C12H26,qc,qcb.csv
12.0114536672796,Dodecane,52.3096343243684,True,C12H26,qc,qcb.csv
12.0994677471297,Dodecane,58.040242686237,True,C12H26,qc,qcb.csv
12.4256902556431,Methyl palmitate,59.5957383300014,True,C17H34O2,qc,qcb.csv
12.5114158776242,Dodecane,53.0469881143735,True,C12H26,qc,qcb.csv
12.5764123877893,Dodecane,61.4313765483316,True,C12H26,qc,qcb.csv
13.1776385551407,Dodecane,65.6345934200063,True,C12H26,qc,qcb.csv
13.6210265320999,Dodecane,97.1791974493479,True,C12H26,qc,qcb.csv
13.7285544153557,Dodecane,61.0592530584349,True,C12H26,qc,qcb.csv
14.2124089832208,Dodecane,51.2761794713623,True,C12H26,qc,qcb.csv
14.6814460310021,Dodecane,57.1698324670919,True,C12H26,qc,qcb.csv
15.0618779069245,Dodecane,80.7534579616855,True,C12H26,qc,qcb.csv
15.1844988951135,Dodecane,59.6103429990521,True,C12H26,qc,qcb.csv
15.2886845857385,Methyl palmitate,53.7380430662983,True,C17H34O2,qc,qcb.csv
15.5152382266546,Methyl palmitate,57.43774322495,True,C17H34O2,qc,qcb.csv
16.0493370873181,Dodecane,58.816184400224,True,C12H26,qc,qcb.csv
16.285390602935,Dodecane,59.8429151848331,True,C12H26,qc,qcb.csv
16.3026664893484,Biphenyl,96.1606522497323,True,C12H10,qc,qcb.csv
16.3830535079394,Dodecane,86.1508737934904,True,C12H26,qc,qcb.csv
16.5287254297367,Dodecane,55.2082484642589,True,C12H26,qc,qcb.csv
16.6577138664582,Barbital,58.3823631301572,True,C8H12N2O3,qc,qcb.csv
16.8446782154627,Methyl palmitate,60.4156779955496,True,C17H34O2,qc,qcb.csv
16.9983153146301,Dodecane,70.6294558427878,True,C12H26,qc,qcb.csv
17.2623781072328,Dodecane,60.175966244766,True,C12H26,qc,qcb.csv
17.3133684354416,Dodecane,68.3553519518187,True,C12H26,qc,qcb.csv
17.5236803898197,Dodecane,58.795422245523,True,C12H26,qc,qcb.csv
17.615961708386,Dodecane,75.2592780730636,True,C12H26,qc,qcb.csv
17.707912298031,Dodecane,77.4610089690358,True,C12H26,qc,qcb.csv
17.778053439432,Dodecane,62.1673090529221,True,C12H26,qc,qcb.csv
17.908378553686,Methyl palmitate,55.4030524680699,True,C17H34O2,qc,qcb.csv
17.9992929892136,Dodecane,50.8423280659958,True,C12H26,qc,qcb.csv
18.0422463177926,Dodecane,72.6542113141486,True,C12H26,qc,qcb.csv
18.2310825929818,Dodecane,54.663674844924,True,C12H26,qc,qcb.csv
18.310786867347,Methyl palmitate,52.7007696176958,True,C17H34O2,qc,qcb.csv
18.3575420666325,Dodecane,69.5326513246988,True,C12H26,qc,qcb.csv
18.4440458867541,Dodecane,70.5387659569687,True,C12H26,qc,qcb.csv
18.5166955938464,Dodecane,58.9809444606131,True,C12H26,qc,qcb.csv
18.6921982776862,Dodecane,60.6301894462508,True,C12H26,qc,qcb.csv
18.7722843070146,Dodecane,89.2834036257435,True,C12H26,qc,qcb.csv
18.9501317284246,Dodecane,57.8211879144738,True,C12H26,qc,qcb.csv
19.2706165418962,Dodecane,72.0219939693549,True,C12H26,qc,qcb.csv
19.4156657754628,Dodecane,52.6811214391071,True,C12H26,qc,qcb.csv
19.4752847289505,Dodecane,56.3806487196898,True,C12H26,qc,qcb.csv
19.5604921054673,Dodecane,55.7923623771802,True,C12H26,qc,qcb.csv
19.6477877849188,Dodecane,50.3408052216957,True,C12H26,qc,qcb.csv
19.7965690525339,Dodecane,54.7688708381757,True,C12H26,qc,qcb.csv
19.8648375983314,Dodecane,74.9704791289412,True,C12H26,qc,qcb.csv
19.9286147649512,Dodecane,53.5912421718639,True,C12H26,qc,qcb.csv
20.1361107233691,Methyl palmitate,58.7708873187511,True,C17H34O2,qc,qcb.csv
20.2398548055771,Dodecane,58.8567568195461,True,C12H26,qc,qcb.csv
20.3323894052765,Dodecane,54.4953254211858,True,C12H26,qc,qcb.csv
20.6124601371043,Dodecane,58.8510029749022,True,C12H26,qc,qcb.csv
20.7821183264863,Dodecane,53.3716349671593,True,C12H26,qc,qcb.csv
20.8347568383231,Dodecane,52.8425382849257,True,C12H26,qc,qcb.csv
20.8996711116718,Dodecane,78.8668279299398,True,C12H26,qc,qcb.csv
21.0097457333919,Dodecane,69.5351306044103,True,C12H26,qc,qcb.csv
21.0860353653171,Caffeine,56.0930217125074,True,C8H10N4O2,qc,qcb.csv
21.1575113206216,Methyl palmitate,52.3095085737137,True,C17H34O2,qc,qcb.csv
21.5250995260862,Dodecane,64.9814775999872,True,C12H26,qc,qcb.csv
21.878655199977,Dodecane,71.7940191512137,True,C12H26,qc,qcb.csv
22.1367089438835,Methyl palmitate,92.4220574947191,True,C17H34O2,qc,qcb.csv
22.3621131500273,Dodecane,56.0805409280649,True,C12H26,qc,qcb.csv
22.5074834816703,Dodecane,71.7445128407195,True,C12H26,qc,qcb.csv
22.5622322293679,Dodecane,60.3246523384658,True,C12H26,qc,qcb.csv
22.8274069908779,Dodecane,69.23074121726,True,C12H26,qc,qcb.csv
5.29049771573925,Dodecane,73.9321493624008,True,C12H26,qc,qc.csv
7.96176789218374,Dodecane,61.4756256241855,True,C12H26,qc,qc.csv
9.20095242110795,Dodecane,58.1986078063474,True,C12H26,qc,qc.csv
9.98245793565024,Dodecane,59.4492624130856,True,C12H26,qc,qc.csv
10.1518470871465,Dodecane,83.6724367012934,True,C12H26,qc,qc.csv
10.2213172170673,Dodecane,59.2909686233666,True,C12H26,qc,qc.csv
10.4308007016205,Dodecane,57.3790858023975,True,C12H26,qc,qc.csv
10.7227250210112,Dodecane,65.5612341679876,True,C12H26,qc,qc.csv
12.0128873161791,Dodecane,60.2622730628796,True,C12H26,qc,qc.csv
12.1035172961075,Dodecane,58.1202188599442,True,C12H26,qc,qc.csv
12.4311728601279,Methyl palmitate,51.5679828185605,True,C17H34O2,qc,qc.csv
13.1773153266622,Dodecane,50.4299528430948,True,C12H26,qc,qc.csv
13.5300989275989,Dodecane,56.740122726973,True,C12H26,qc,qc.csv
13.6235439847541,Dodecane,99.3948530335741,True,C12H26,qc,qc.csv
13.7327158477641,Dodecane,61.2956863609216,True,C12H26,qc,qc.csv
14.5638784426568,Dodecane,54.6477730836741,True,C12H26,qc,qc.csv
14.7983065934297,Dodecane,59.7021341062,True,C12H26,qc,qc.csv
15.0659246306606,Dodecane,76.8305457121141,True,C12H26,qc,qc.csv
15.1923799159739,Dodecane,64.274733125243,True,C12H26,qc,qc.csv
15.2930748105155,Dodecane,58.5586373920589,True,C12H26,qc,qc.csv
15.7066688870405,Dodecane,54.5827570090339,True,C12H26,qc,qc.csv
16.2854861310421,Dodecane,52.5589605558125,True,C12H26,qc,qc.csv
16.306428273355,Biphenyl,92.1908762160703,True,C12H10,qc,qc.csv
16.3858122253005,Dodecane,87.4866884400481,True,C12H26,qc,qc.csv
16.5301155771066,Dodecane,58.2739563159474,True,C12H26,qc,qc.csv
16.847759268704,Methyl palmitate,52.7053990167596,True,C17H34O2,qc,qc.csv
17.3100522722651,Dodecane,53.1766535986382,True,C12H26,qc,qc.csv
17.5268081486147,Dodecane,54.5927059387771,True,C12H26,qc,qc.csv
17.615951470903,Dodecane,85.4194146185455,True,C12H26,qc,qc.csv
17.7782673701015,Dodecane,60.3788693594098,True,C12H26,qc,qc.csv
17.9115198678122,Methyl palmitate,60.1491107080063,True,C17H34O2,qc,qc.csv
18.1249079722926,Dodecane,62.6381741073896,True,C12H26,qc,qc.csv
18.293946977722,Methyl palmitate,51.6984239312096,True,C17H34O2,qc,qc.csv
18.3515862509611,Dodecane,67.2901872206626,True,C12H26,qc,qc.csv
18.4518034598828,Dodecane,59.6698077360929,True,C12H26,qc,qc.csv
18.6931182002212,Dodecane,58.4834773338688,True,C12H26,qc,qc.csv
18.7725209746487,Dodecane,79.2411005065646,True,C12H26,qc,qc.csv
18.9503910000421,Dodecane,57.3180065952223,True,C12H26,qc,qc.csv
19.0516541211899,Methyl palmitate,50.0946557368096,True,C17H34O2,qc,qc.csv
19.2750092801996,Dodecane,58.3655619454445,True,C12H26,qc,qc.csv
19.4884528485426,Dodecane,55.003424522227,True,C12H26,qc,qc.csv
19.6541564426281,Dodecane,54.024385837077,True,C12H26,qc,qc.csv
19.8642640865532,Dodecane,67.5164356826126,True,C12H26,qc,qc.csv
20.1363248369687,Methyl palmitate,70.233246845973,True,C17H34O2,qc,qc.csv
20.3339720846555,Dodecane,62.1013970238234,True,C12H26,qc,qc.csv
20.4787062676537,Methyl palmitate,55.9826040257802,True,C17H34O2,qc,qc.csv
20.6142152231417,Dodecane,50.5164193429841,True,C12H26,qc,qc.csv
20.8997074229225,Dodecane,78.2889014900708,True,C12H26,qc,qc.csv
21.0101084356731,Dodecane,66.9024391379387,True,C12H26,qc,qc.csv
21.0841506495901,Caffeine,50.4704195804302,True,C8H10N4O2,qc,qc.csv
21.1070767486321,Caffeine,53.2905206785983,True,C8H10N4O2,qc,qc.csv
21.1610385547764,Methyl palmitate,60.0095842728653,True,C17H34O2,qc,qc.csv
21.4789753561316,Methyl palmitate,51.3227520221788,True,C17H34O2,qc,qc.csv
21.605494466713,Caffeine,79.4862558664327,True,C8H10N4O2,qc,qc.csv
21.8249977264688,Dodecane,56.8882788251894,True,C12H26,qc,qc.csv
21.881799322439,Dodecane,72.7064633433265,True,C12H26,qc,qc.csv
22.1400187642889,Methyl palmitate,95.0833624138402,True,C17H34O2,qc,qc.csv
22.2727672785038,Dodecane,60.0363447757179,True,C12H26,qc,qc.csv
22.455294121803,Methyl palmitate,57.1855409830377,True,C17H34O2,qc,qc.csv
22.8189873745534,Dodecane,77.1189679948685,True,C12H26,qc,qc.csv
23.0020877029863,Dodecane,54.691357722077,True,C12H26,qc,qc.csv
23.3463990462214,Dodecane,52.1567479957403,True,C12H26,qc,qc.csv
5.0146382586792,Dodecane,52.6420707784625,True,C12H26,qc,qcb.csv
5.29868892814926,Dodecane,76.1320344513042,True,C12H26,qc,qcb.csv
7.96049599289779,Dodecane,66.6427160804459,True,C12H26,qc,qcb.csv
9.98297986184774,Dodecane,65.2693385124782,True,C12H26,qc,qcb.csv
10.1506405144182,Dodecane,79.2089879921652,True,C12H26,qc,qcb.csv
10.2211271143352,Dodecane,58.3409164966533,True,C12H26,qc,qcb.csv
10.4339088688691,Dodecane,59.4632179584478,True,C12H26,qc,qcb.csv
10.7225845315479,Dodecane,64.8660678662052,True,C12H26,qc,qcb.csv
11.8919154235152,Dodecane,50.4783776815512,True,C12H26,qc,qcb.csv
12.0117846684647,Dodecane,61.1563795013879,True,C12H26,qc,qcb.csv
12.1030562771373,Dodecane,57.7249041873196,True,C12H26,qc,qcb.csv
12.4314110138139,Methyl palmitate,52.0059878686776,True,C17H34O2,qc,qcb.csv
13.1790661423911,Dodecane,58.192108129943,True,C12H26,qc,qcb.csv
13.5296431982706,Dodecane,55.8241968724527,True,C12H26,qc,qcb.csv
13.6229298365576,Dodecane,92.5725084226825,True,C12H26,qc,qcb.csv
13.7319730883936,Dodecane,61.2151310843653,True,C12H26,qc,qcb.csv
13.9891966814424,Methyl palmitate,53.2161892154677,True,C17H34O2,qc,qcb.csv
14.5583581898584,Dodecane,50.3230086106635,True,C12H26,qc,qcb.csv
14.7898449372674,Dodecane,57.762812318535,True,C12H26,qc,qcb.csv
15.0013250602178,Dodecane,60.8294165934183,True,C12H26,qc,qcb.csv
15.0659084381547,Dodecane,79.6171140655658,True,C12H26,qc,qcb.csv
15.1920847234036,Dodecane,61.4968955810488,True,C12H26,qc,qcb.csv
16.2886735844358,Dodecane,53.030408740942,True,C12H26,qc,qcb.csv
16.3076160295711,Biphenyl,84.7237378163286,True,C12H10,qc,qcb.csv
16.3856803032922,Dodecane,72.7356582453028,True,C12H26,qc,qcb.csv
16.5315689702158,Dodecane,60.2172124536402,True,C12H26,qc,qcb.csv
17.1180977249262,Pentobarbital,54.7040397493678,True,C11H18N2O3,qc,qcb.csv
17.5291054616217,Dodecane,67.7703443053499,True,C12H26,qc,qcb.csv
17.615602736199,Dodecane,80.4610898611744,True,C12H26,qc,qcb.csv
17.7792954347548,Dodecane,61.1530696048095,True,C12H26,qc,qcb.csv
17.9094465660584,Methyl palmitate,61.8067844770477,True,C17H34O2,qc,qcb.csv
18.1252233197311,Dodecane,62.2720094393272,True,C12H26,qc,qcb.csv
18.3566993045073,Dodecane,64.0898111118809,True,C12H26,qc,qcb.csv
18.6950542252763,Dodecane,69.8583674868735,True,C12H26,qc,qcb.csv
18.7732736928246,Dodecane,81.0188922721205,True,C12H26,qc,qcb.csv
18.9517021984354,Dodecane,56.6642124692151,True,C12H26,qc,qcb.csv
19.0537753634488,Methyl palmitate,50.2041969594807,True,C17H34O2,qc,qcb.csv
19.490747675825,Dodecane,58.6501930566178,True,C12H26,qc,qcb.csv
19.6532209730394,Dodecane,55.3664989807395,True,C12H26,qc,qcb.csv
19.8651186237297,Dodecane,68.3904507262573,True,C12H26,qc,qcb.csv
19.9316435529719,Dodecane,59.571297855989,True,C12H26,qc,qcb.csv
20.1369482675744,Methyl palmitate,67.4948096770714,True,C17H34O2,qc,qcb.csv
20.3386845568463,Dodecane,67.7399226300639,True,C12H26,qc,qcb.csv
20.4720973419076,Methyl palmitate,52.4254966484857,True,C17H34O2,qc,qcb.csv
20.6136759150413,Dodecane,59.9159061474096,True,C12H26,qc,qcb.csv
20.9003584613846,Dodecane,76.3119354956073,True,C12H26,qc,qcb.csv
21.0108423284858,Dodecane,67.6179926710682,True,C12H26,qc,qcb.csv
21.1615319809194,Methyl palmitate,55.1268153764915,True,C17H34O2,qc,qcb.csv
21.6087338216472,Caffeine,67.2719302510696,True,C8H10N4O2,qc,qcb.csv
21.8278336890515,Dodecane,60.9500159931698,True,C12H26,qc,qcb.csv
21.8841043563666,Dodecane,73.2688869656734,True,C12H26,qc,qcb.csv
22.1411416738784,Methyl palmitate,93.6438439502837,True,C17H34O2,qc,qcb.csv
22.4485058822325,Dodecane,53.5827796729394,True,C12H26,qc,qcb.csv
22.4488828375735,Methyl palmitate,52.3643104140081,True,C17H34O2,qc,qcb.csv
22.5647435216383,Dodecane,53.9055975260096,True,C12H26,qc,qcb.csv
22.8188983895718,Dodecane,76.3295644821482,True,C12H26,qc,qcb.csv
23.1723130400707,Dodecane,50.4957508845452,True,C12H26,qc,qcb.csv
5.28877262343412,Dodecane,74.1278590685554,True,C12H26,qc,qc.csv
7.00854466581039,Dodecane,59.1620566367754,True,C12H26,qc,qc.csv
7.91401043610535,Dodecane,52.2456054638153,True,C12H26,qc,qc.csv
7.96095358575026,Dodecane,67.2086004018616,True,C12H26,qc,qc.csv
9.20137505766899,Dodecane,52.8044840807944,True,C12H26,qc,qc.csv
9.98298478528967,Dodecane,61.4458203113975,True,C12H26,qc,qc.csv
10.1506460091402,Dodecane,83.5431091730713,True,C12H26,qc,qc.csv
10.2208092526844,Dodecane,60.0604204978386,True,C12H26,qc,qc.csv
10.4261888974344,Dodecane,60.9498077779048,True,C12H26,qc,qc.csv
10.7240767215154,Dodecane,65.5948039791848,True,C12H26,qc,qc.csv
11.8828335373279,Dodecane,51.8958186649044,True,C12H26,qc,qc.csv
12.0145943883634,Dodecane,67.4432835443565,True,C12H26,qc,qc.csv
12.1034821924515,Dodecane,58.0060572800033,True,C12H26,qc,qc.csv
12.4299349524271,Methyl palmitate,58.5184098632298,True,C17H34O2,qc,qc.csv
12.8554313042835,Dodecane,52.2198040519782,True,C12H26,qc,qc.csv
13.6227696230771,Dodecane,99.2785315241814,True,C12H26,qc,qc.csv
13.7314822396852,Dodecane,60.2631626486585,True,C12H26,qc,qc.csv
14.323554347009,Barbital,50.7456165046158,True,C8H12N2O3,qc,qc.csv
14.9992880574893,Dodecane,52.008668311034,True,C12H26,qc,qc.csv
15.064253030353,Dodecane,80.7384042169761,True,C12H26,qc,qc.csv
15.1920357968975,Dodecane,62.9067614917887,True,C12H26,qc,qc.csv
15.5186055493217,Methyl palmitate,54.2308191912016,True,C17H34O2,qc,qc.csv
16.2879751063357,Dodecane,52.4678388419198,True,C12H26,qc,qc.csv
16.3051629067552,Biphenyl,93.2984497954064,True,C12H10,qc,qc.csv
16.3846581661331,Dodecane,87.4874172059432,True,C12H26,qc,qc.csv
16.5294296532567,Dodecane,61.4654558516073,True,C12H26,qc,qc.csv
16.6937614675486,Methyl palmitate,58.2425561984455,True,C17H34O2,qc,qc.csv
16.8455785298565,Methyl palmitate,54.7483411560751,True,C17H34O2,qc,qc.csv
16.9016780538756,Pentobarbital,50.1879860293945,True,C11H18N2O3,qc,qc.csv
17.5268274067691,Dodecane,59.6450942664206,True,C12H26,qc,qc.csv
17.6158800223189,Dodecane,88.3528789855325,True,C12H26,qc,qc.csv
17.7776287291558,Dodecane,60.7921785037772,True,C12H26,qc,qc.csv
17.9084271713191,Methyl palmitate,54.9621721052066,True,C17H34O2,qc,qc.csv
18.3557639966713,Dodecane,73.7098034356808,True,C12H26,qc,qc.csv
18.6923328486407,Dodecane,56.3098469647535,True,C12H26,qc,qc.csv
18.7717175088297,Dodecane,81.3310176565364,True,C12H26,qc,qc.csv
18.9488355903822,Dodecane,56.9099245428254,True,C12H26,qc,qc.csv
19.274515423908,Dodecane,61.4011392403797,True,C12H26,qc,qc.csv
19.8629976496993,Dodecane,71.5217338739326,True,C12H26,qc,qc.csv
19.9312664845657,Dodecane,67.2663314904386,True,C12H26,qc,qc.csv
20.1362315098834,Methyl palmitate,64.1521820322738,True,C17H34O2,qc,qc.csv
20.4734627067034,Dodecane,64.7022043858967,True,C12H26,qc,qc.csv
20.4754920851337,Methyl palmitate,55.1157366989464,True,C17H34O2,qc,qc.csv
20.8994290541394,Dodecane,78.5863345341145,True,C12H26,qc,qc.csv
21.0091033655536,Dodecane,67.9390928852658,True,C12H26,qc,qc.csv
21.084317233238,Caffeine,54.1241761292729,True,C8H10N4O2,qc,qc.csv
21.6147331337039,Caffeine,60.7334147297538,True,C8H10N4O2,qc,qc.csv
21.8226762568581,Dodecane,53.6895140715479,True,C12H26,qc,qc.csv
21.8810312832402,Dodecane,79.8814717121616,True,C12H26,qc,qc.csv
22.1392272221958,Methyl palmitate,94.369812618671,True,C17H34O2,qc,qc.csv
22.5623128141423,Dodecane,55.9521765655773,True,C12H26,qc,qc.csv
22.8182478781263,Dodecane,81.8694934935771,True,C12H26,qc,qc.csv
23.2834607844402,Dodecane,56.6121103586299,True,C12H26,qc,qc.csv
23.3457154583896,Dodecane,58.2128573398214,True,C12H26,qc,qc.csv
5.29615336937799,Dodecane,75.2730250604588,True,C12H26,qc,qcb.csv
6.42646954653424,Dodecane,59.0838815350382,True,C12H26,qc,qcb.csv
7.91258685280142,Dodecane,54.7625136761437,True,C12H26,qc,qcb.csv
7.95852841273966,Dodecane,67.1988767340077,True,C12H26,qc,qcb.csv
9.19999272076064,Dodecane,62.5246641136706,True,C12H26,qc,qcb.csv
9.32120069714984,Dodecane,55.9594814599158,True,C12H26,qc,qcb.csv
9.99465617439948,Dodecane,51.5618845388139,True,C12H26,qc,qcb.csv
10.1531273711321,Dodecane,73.0198300604249,True,C12H26,qc,qcb.csv
10.2197953928631,Dodecane,58.748676137755,True,C12H26,qc,qcb.csv
10.4262350356348,Dodecane,62.4740972103536,True,C12H26,qc,qcb.csv
10.7231749135556,Dodecane,65.8381961382638,True,C12H26,qc,qcb.csv
11.6770571342191,Dodecane,51.7968896602016,True,C12H26,qc,qcb.csv
11.880645501182,Dodecane,60.7589371803471,True,C12H26,qc,qcb.csv
12.0122831135378,Dodecane,50.0013493554382,True,C12H26,qc,qcb.csv
12.1024451557465,Dodecane,57.83873122075,True,C12H26,qc,qcb.csv
12.4301341075454,Methyl palmitate,52.4743713918354,True,C17H34O2,qc,qcb.csv
12.7768113541223,Dodecane,51.6960011169023,True,C12H26,qc,qcb.csv
12.852710334846,Dodecane,51.1519524279438,True,C12H26,qc,qcb.csv
13.1768580558553,Dodecane,63.8505955015874,True,C12H26,qc,qcb.csv
13.528692682264,Dodecane,52.2062316871354,True,C12H26,qc,qcb.csv
13.6222694190673,Dodecane,88.0813877270396,True,C12H26,qc,qcb.csv
13.730994641877,Dodecane,61.2593040473484,True,C12H26,qc,qcb.csv
13.9878084107636,Methyl palmitate,50.0080766241962,True,C17H34O2,qc,qcb.csv
14.7906922848672,Dodecane,57.151702535512,True,C12H26,qc,qcb.csv
15.0635522129473,Dodecane,68.9061019723994,True,C12H26,qc,qcb.csv
15.1899099467244,Dodecane,58.4980771802866,True,C12H26,qc,qcb.csv
15.2920393273845,Dodecane,61.3968664582875,True,C12H26,qc,qcb.csv
16.2828398064859,Dodecane,50.8544284143033,True,C12H26,qc,qcb.csv
16.304746411101,Biphenyl,89.5715062245241,True,C12H10,qc,qcb.csv
16.3439047167398,Dodecane,51.6783856825339,True,C12H26,qc,qcb.csv
16.3851533729115,Dodecane,75.9922809728661,True,C12H26,qc,qcb.csv
16.5299577880397,Dodecane,60.5449595477174,True,C12H26,qc,qcb.csv
17.1205541042801,Butethal,51.0967803348577,True,C10H16N2O3,qc,qcb.csv
17.5282809937215,Dodecane,54.1629509323726,True,C12H26,qc,qcb.csv
17.6134828650545,Dodecane,73.2876919486483,True,C12H26,qc,qcb.csv
17.778430734325,Dodecane,59.8374557735898,True,C12H26,qc,qcb.csv
17.9092036296552,Methyl palmitate,54.0197453026771,True,C17H34O2,qc,qcb.csv
18.1220704621365,Dodecane,69.3919568151153,True,C12H26,qc,qcb.csv
18.1621314341413,Dodecane,72.383211060734,True,C12H26,qc,qcb.csv
18.3534347415919,Dodecane,71.16704183105,True,C12H26,qc,qcb.csv
18.7722267160466,Dodecane,81.14066024282,True,C12H26,qc,qcb.csv
18.9483495881032,Dodecane,57.1827576260539,True,C12H26,qc,qcb.csv
19.4052444907202,Dodecane,52.8306533019721,True,C12H26,qc,qcb.csv
19.6527541286493,Dodecane,50.3172264101114,True,C12H26,qc,qcb.csv
19.7988705072428,Dodecane,50.3980402565652,True,C12H26,qc,qcb.csv
19.8631684737463,Dodecane,73.7763584097901,True,C12H26,qc,qcb.csv
19.9341891373449,Dodecane,60.8587434403715,True,C12H26,qc,qcb.csv
20.1358108424597,Methyl palmitate,64.8185196777363,True,C17H34O2,qc,qcb.csv
20.3330725125318,Dodecane,59.4839807657701,True,C12H26,qc,qcb.csv
20.4708105977426,Methyl palmitate,51.8521338391266,True,C17H34O2,qc,qcb.csv
20.8986284470101,Dodecane,75.3479461011366,True,C12H26,qc,qcb.csv
21.0088440789007,Dodecane,70.2384090684051,True,C12H26,qc,qcb.csv
21.5221887213522,Dodecane,57.0363729494628,True,C12H26,qc,qcb.csv
21.6037729327191,Caffeine,56.5895665268405,True,C8H10N4O2,qc,qcb.csv
21.8246586652992,Dodecane,58.661345212297,True,C12H26,qc,qcb.csv
21.8825342448045,Dodecane,81.5129893422962,True,C12H26,qc,qcb.csv
22.1396270425687,Methyl palmitate,91.9865535779003,True,C17H34O2,qc,qcb.csv
22.5636248229741,Dodecane,59.3952649408606,True,C12H26,qc,qcb.csv
22.8178856436392,Dodecane,78.9365144549001,True,C12H26,qc,qcb.csv
5.28877262343412,Dodecane,74.1278590685554,True,C12H26,qc,qc.csv
7.00854466581039,Dodecane,59.1620566367754,True,C12H26,qc,qc.csv
7.91401043610535,Dodecane,52.2456054638153,True,C12H26,qc,qc.csv
7.96095358575026,Dodecane,67.2086004018616,True,C12H26,qc,qc.csv
9.20137505766899,Dodecane,52.8044840807944,True,C12H26,qc,qc.csv
9.98298478528967,Dodecane,61.4458203113975,True,C12H26,qc,qc.csv
10.1506460091402,Dodecane,83.5431091730713,True,C12H26,qc,qc.csv
10.2208092526844,Dodecane,60.0604204978386,True,C12H26,qc,qc.csv
10.4261888974344,Dodecane,60.9498077779048,True,C12H26,qc,qc.csv
10.7240767215154,Dodecane,65.5948039791848,True,C12H26,qc,qc.csv
11.8828335373279,Dodecane,51.8958186649044,True,C12H26,qc,qc.csv
12.0145943883634,Dodecane,67.4432835443565,True,C12H26,qc,qc.csv
12.1034821924515,Dodecane,58.0060572800033,True,C12H26,qc,qc.csv
12.4299349524271,Methyl palmitate,58.5184098632298,True,C17H34O2,qc,qc.csv
12.8554313042835,Dodecane,52.2198040519782,True,C12H26,qc,qc.csv
13.6227696230771,Dodecane,99.2785315241814,True,C12H26,qc,qc.csv
13.7314822396852,Dodecane,60.2631626486585,True,C12H26,qc,qc.csv
14.323554347009,Barbital,50.7456165046158,True,C8H12N2O3,qc,qc.csv
14.9992880574893,Dodecane,52.008668311034,True,C12H26,qc,qc.csv
15.064253030353,Dodecane,80.7384042169761,True,C12H26,qc,qc.csv
15.1920357968975,Dodecane,62.9067614917887,True,C12H26,qc,qc.csv
15.5186055493217,Methyl palmitate,54.2308191912016,True,C17H34O2,qc,qc.csv
16.2879751063357,Dodecane,52.4678388419198,True,C12H26,qc,qc.csv
16.3051629067552,Biphenyl,93.2984497954064,True,C12H10,qc,qc.csv
16.3846581661331,Dodecane,87.4874172059432,True,C12H26,qc,qc.csv
16.5294296532567,Dodecane,61.4654558516073,True,C12H26,qc,qc.csv
16.6937614675486,Methyl palmitate,58.2425561984455,True,C17H34O2,qc,qc.csv
16.8455785298565,Methyl palmitate,54.7483411560751,True,C17H34O2,qc,qc.csv
16.9016780538756,Pentobarbital,50.1879860293945,True,C11H18N2O3,qc,qc.csv
17.5268274067691,Dodecane,59.6450942664206,True,C12H26,qc,qc.csv
17.6158800223189,Dodecane,88.3528789855325,True,C12H26,qc,qc.csv
17.7776287291558,Dodecane,60.7921785037772,True,C12H26,qc,qc.csv
17.9084271713191,Methyl palmitate,54.9621721052066,True,C17H34O2,qc,qc.csv
18.3557639966713,Dodecane,73.7098034356808,True,C12H26,qc,qc.csv
18.6923328486407,Dodecane,56.3098469647535,True,C12H26,qc,qc.csv
18.7717175088297,Dodecane,81.3310176565364,True,C12H26,qc,qc.csv
18.9488355903822,Dodecane,56.9099245428254,True,C12H26,qc,qc.csv
19.274515423908,Dodecane,61.4011392403797,True,C12H26,qc,qc.csv
19.8629976496993,Dodecane,71.5217338739326,True,C12H26,qc,qc.csv
19.9312664845657,Dodecane,67.2663314904386,True,C12H26,qc,qc.csv
20.1362315098834,Methyl palmitate,64.1521820322738,True,C17H34O2,qc,qc.csv
20.4734627067034,Dodecane,64.7022043858967,True,C12H26,qc,qc.csv
20.4754920851337,Methyl palmitate,55.1157366989464,True,C17H34O2,qc,qc.csv
20.8994290541394,Dodecane,78.5863345341145,True,C12H26,qc,qc.csv
21.0091033655536,Dodecane,67.9390928852658,True,C12H26,qc,qc.csv
21.084317233238,Caffeine,54.1241761292729,True,C8H10N4O2,qc,qc.csv
21.6147331337039,Caffeine,60.7334147297538,True,C8H10N4O2,qc,qc.csv
21.8226762568581,Dodecane,53.6895140715479,True,C12H26,qc,qc.csv
21.8810312832402,Dodecane,79.8814717121616,True,C12H26,qc,qc.csv
22.1392272221958,Methyl palmitate,94.369812618671,True,C17H34O2,qc,qc.csv
22.5623128141423,Dodecane,55.9521765655773,True,C12H26,qc,qc.csv
22.8182478781263,Dodecane,81.8694934935771,True,C12H26,qc,qc.csv
23.2834607844402,Dodecane,56.6121103586299,True,C12H26,qc,qc.csv
23.3457154583896,Dodecane,58.2128573398214,True,C12H26,qc,qc.csv
5.28788814720666,Dodecane,71.7375912896258,True,C12H26,qc,qcb.csv
7.96031686311624,Dodecane,51.4477329272712,True,C12H26,qc,qcb.csv
9.19680110311733,Dodecane,55.434357742432,True,C12H26,qc,qcb.csv
10.1441493349655,Dodecane,72.8439691219558,True,C12H26,qc,qcb.csv
10.217026402211,Dodecane,61.793121989307,True,C12H26,qc,qcb.csv
10.4206376257421,Dodecane,55.756294041324,True,C12H26,qc,qcb.csv
10.7152589665679,Dodecane,67.1466908602988,True,C12H26,qc,qcb.csv
12.0931878094162,Dodecane,57.732469290725,True,C12H26,qc,qcb.csv
12.420376513961,Methyl palmitate,61.2797370967733,True,C17H34O2,qc,qcb.csv
12.7708253492505,Dodecane,68.2108499287751,True,C12H26,qc,qcb.csv
12.8468428139409,Dodecane,57.5331281927066,True,C12H26,qc,qcb.csv
13.1175995406008,Dodecane,50.8270922171715,True,C12H26,qc,qcb.csv
13.6114619273563,Dodecane,95.2234189253902,True,C12H26,qc,qcb.csv
13.7232356330731,Dodecane,59.244651080685,True,C12H26,qc,qcb.csv
13.9773720867785,Methyl palmitate,53.2780932221438,True,C17H34O2,qc,qcb.csv
15.0538834323338,Dodecane,77.1779726132482,True,C12H26,qc,qcb.csv
15.1702676997434,Dodecane,56.0824505983791,True,C12H26,qc,qcb.csv
15.2799638845593,Methyl palmitate,52.8292927144396,True,C17H34O2,qc,qcb.csv
15.3880047915478,Methyl palmitate,52.7463748542213,True,C17H34O2,qc,qcb.csv
15.5074114003891,Methyl palmitate,56.515480103463,True,C17H34O2,qc,qcb.csv
15.9949416125668,Dodecane,50.9875384850463,True,C12H26,qc,qcb.csv
16.2767063180477,Dodecane,58.9113050240846,True,C12H26,qc,qcb.csv
16.2979184773373,Biphenyl,92.3049339762424,True,C12H10,qc,qcb.csv
16.3753142811087,Dodecane,83.0301377767626,True,C12H26,qc,qcb.csv
16.5192016669859,Dodecane,60.3461536125419,True,C12H26,qc,qcb.csv
16.6134659566738,Dodecane,58.0475807212686,True,C12H26,qc,qcb.csv
16.6459058557873,Barbital,64.0499835988015,True,C8H12N2O3,qc,qcb.csv
16.7703228657703,Dodecane,54.2361058328778,True,C12H26,qc,qcb.csv
16.8380256776318,Methyl palmitate,59.2253688278684,True,C17H34O2,qc,qcb.csv
17.1052039125816,Pentobarbital,58.8060019075065,True,C11H18N2O3,qc,qcb.csv
17.1054677440859,Butethal,56.3445325059391,True,C10H16N2O3,qc,qcb.csv
17.5154722047296,Dodecane,54.240202088393,True,C12H26,qc,qcb.csv
17.6018673285187,Dodecane,63.4731274783212,True,C12H26,qc,qcb.csv
17.7679486044862,Dodecane,55.9548761402317,True,C12H26,qc,qcb.csv
17.8990054307435,Methyl palmitate,58.2002007187785,True,C17H34O2,qc,qcb.csv
18.2230125122826,Dodecane,57.3899874183839,True,C12H26,qc,qcb.csv
18.3475322216429,Dodecane,64.8690750869307,True,C12H26,qc,qcb.csv
18.4360602383923,Dodecane,68.9748947089489,True,C12H26,qc,qcb.csv
18.6856344880845,Dodecane,59.9838230879373,True,C12H26,qc,qcb.csv
18.7629594985242,Dodecane,81.0929439347822,True,C12H26,qc,qcb.csv
18.9415668144656,Dodecane,57.5130280430547,True,C12H26,qc,qcb.csv
19.1686428775351,Dodecane,57.7016158167021,True,C12H26,qc,qcb.csv
19.2630218938772,Dodecane,63.2145938589205,True,C12H26,qc,qcb.csv
19.4044336661064,Dodecane,52.9694420405149,True,C12H26,qc,qcb.csv
19.6457434203303,Dodecane,58.6420327722306,True,C12H26,qc,qcb.csv
19.8541979803694,Dodecane,67.4049886018497,True,C12H26,qc,qcb.csv
20.1271456351703,Methyl palmitate,67.8051838160901,True,C17H34O2,qc,qcb.csv
20.2306972809288,Dodecane,54.7657519156634,True,C12H26,qc,qcb.csv
20.4586280489552,Dodecane,60.001481459669,True,C12H26,qc,qcb.csv
20.603333292282,Dodecane,59.2367522949778,True,C12H26,qc,qcb.csv
20.8896970124882,Dodecane,75.9331978719826,True,C12H26,qc,qcb.csv
20.9993947648435,Dodecane,74.9112086976999,True,C12H26,qc,qcb.csv
21.0950984604968,Caffeine,54.8313716798747,True,C8H10N4O2,qc,qcb.csv
21.2371188723584,Dodecane,52.769981536935,True,C12H26,qc,qcb.csv
21.5170695133539,Dodecane,58.4461213614102,True,C12H26,qc,qcb.csv
21.8789289058133,Dodecane,69.5982135211848,True,C12H26,qc,qcb.csv
22.1352952425861,Methyl palmitate,88.8669854989711,True,C17H34O2,qc,qcb.csv
25.7428312020861,Dodecane,76.5881611003216,True,C12H26,qc,qcb.csv
5.28877262343412,Dodecane,74.1278590685554,True,C12H26,qc,qc.csv
7.00854466581039,Dodecane,59.1620566367754,True,C12H26,qc,qc.csv
7.91401043610535,Dodecane,52.2456054638153,True,C12H26,qc,qc.csv
7.96095358575026,Dodecane,67.2086004018616,True,C12H26,qc,qc.csv
9.20137505766899,Dodecane,52.8044840807944,True,C12H26,qc,qc.csv
9.98298478528967,Dodecane,61.4458203113975,True,C12H26,qc,qc.csv
10.1506460091402,Dodecane,83.5431091730713,True,C12H26,qc,qc.csv
10.2208092526844,Dodecane,60.0604204978386,True,C12H26,qc,qc.csv
10.4261888974344,Dodecane,60.9498077779048,True,C12H26,qc,qc.csv
10.7240767215154,Dodecane,65.5948039791848,True,C12H26,qc,qc.csv
11.8828335373279,Dodecane,51.8958186649044,True,C12H26,qc,qc.csv
12.0145943883634,Dodecane,67.4432835443565,True,C12H26,qc,qc.csv
12.1034821924515,Dodecane,58.0060572800033,True,C12H26,qc,qc.csv
12.4299349524271,Methyl palmitate,58.5184098632298,True,C17H34O2,qc,qc.csv
12.8554313042835,Dodecane,52.2198040519782,True,C12H26,qc,qc.csv
13.6227696230771,Dodecane,99.2785315241814,True,C12H26,qc,qc.csv
13.7314822396852,Dodecane,60.2631626486585,True,C12H26,qc,qc.csv
14.323554347009,Barbital,50.7456165046158,True,C8H12N2O3,qc,qc.csv
14.9992880574893,Dodecane,52.008668311034,True,C12H26,qc,qc.csv
15.064253030353,Dodecane,80.7384042169761,True,C12H26,qc,qc.csv
15.1920357968975,Dodecane,62.9067614917887,True,C12H26,qc,qc.csv
15.5186055493217,Methyl palmitate,54.2308191912016,True,C17H34O2,qc,qc.csv
16.2879751063357,Dodecane,52.4678388419198,True,C12H26,qc,qc.csv
16.3051629067552,Biphenyl,93.2984497954064,True,C12H10,qc,qc.csv
16.3846581661331,Dodecane,87.4874172059432,True,C12H26,qc,qc.csv
16.5294296532567,Dodecane,61.4654558516073,True,C12H26,qc,qc.csv
16.6937614675486,Methyl palmitate,58.2425561984455,True,C17H34O2,qc,qc.csv
16.8455785298565,Methyl palmitate,54.7483411560751,True,C17H34O2,qc,qc.csv
16.9016780538756,Pentobarbital,50.1879860293945,True,C11H18N2O3,qc,qc.csv
17.5268274067691,Dodecane,59.6450942664206,True,C12H26,qc,qc.csv
17.6158800223189,Dodecane,88.3528789855325,True,C12H26,qc,qc.csv
17.7776287291558,Dodecane,60.7921785037772,True,C12H26,qc,qc.csv
17.9084271713191,Methyl palmitate,54.9621721052066,True,C17H34O2,qc,qc.csv
18.3557639966713,Dodecane,73.7098034356808,True,C12H26,qc,qc.csv
18.6923328486407,Dodecane,56.3098469647535,True,C12H26,qc,qc.csv
18.7717175088297,Dodecane,81.3310176565364,True,C12H26,qc,qc.csv
18.9488355903822,Dodecane,56.9099245428254,True,C12H26,qc,qc.csv
19.274515423908,Dodecane,61.4011392403797,True,C12H26,qc,qc.csv
19.8629976496993,Dodecane,71.5217338739326,True,C12H26,qc,qc.csv
19.9312664845657,Dodecane,67.2663314904386,True,C12H26,qc,qc.csv
20.1362315098834,Methyl palmitate,64.1521820322738,True,C17H34O2,qc,qc.csv
20.4734627067034,Dodecane,64.7022043858967,True,C12H26,qc,qc.csv
20.4754920851337,Methyl palmitate,55.1157366989464,True,C17H34O2,qc,qc.csv
20.8994290541394,Dodecane,78.5863345341145,True,C12H26,qc,qc.csv
21.0091033655536,Dodecane,67.9390928852658,True,C12H26,qc,qc.csv
21.084317233238,Caffeine,54.1241761292729,True,C8H10N4O2,qc,qc.csv
21.6147331337039,Caffeine,60.7334147297538,True,C8H10N4O2,qc,qc.csv
21.8226762568581,Dodecane,53.6895140715479,True,C12H26,qc,qc.csv
21.8810312832402,Dodecane,79.8814717121616,True,C12H26,qc,qc.csv
22.1392272221958,Methyl palmitate,94.369812618671,True,C17H34O2,qc,qc.csv
22.5623128141423,Dodecane,55.9521765655773,True,C12H26,qc,qc.csv
22.8182478781263,Dodecane,81.8694934935771,True,C12H26,qc,qc.csv
23.2834607844402,Dodecane,56.6121103586299,True,C12H26,qc,qc.csv
23.3457154583896,Dodecane,58.2128573398214,True,C12H26,qc,qc.csv
5.27906926552571,Dodecane,77.1864699304241,True,C12H26,qc,qcb.csv
7.96352390220926,Dodecane,56.6180988388023,True,C12H26,qc,qcb.csv
10.1419118588848,Dodecane,83.7947095450869,True,C12H26,qc,qcb.csv
10.2182087474435,Dodecane,53.7011157089382,True,C12H26,qc,qcb.csv
12.0017907625173,Dodecane,82.0034145145017,True,C12H26,qc,qcb.csv
12.0958003508187,Dodecane,58.2485889430126,True,C12H26,qc,qcb.csv
13.1705184489465,Dodecane,63.2838171498157,True,C12H26,qc,qcb.csv
13.4882675531933,Dodecane,53.0555663571672,True,C12H26,qc,qcb.csv
13.6132339951968,Dodecane,96.9723163541792,True,C12H26,qc,qcb.csv
13.7257508052483,Dodecane,60.8417405770087,True,C12H26,qc,qcb.csv
14.5640198674663,Dodecane,55.9902134817953,True,C12H26,qc,qcb.csv
15.0546955408684,Dodecane,86.1221292382335,True,C12H26,qc,qcb.csv
15.1867528586052,Dodecane,61.0623301962224,True,C12H26,qc,qcb.csv
15.7739069093505,Dodecane,53.8690453386489,True,C12H26,qc,qcb.csv
16.2784458785134,Dodecane,59.9342023100712,True,C12H26,qc,qcb.csv
16.3014261619176,Biphenyl,92.6735663606651,True,C12H10,qc,qcb.csv
16.3760061705336,Dodecane,86.4169801776325,True,C12H26,qc,qcb.csv
16.5242188030004,Dodecane,56.4273348057422,True,C12H26,qc,qcb.csv
17.1650098390536,Dodecane,65.339153146334,True,C12H26,qc,qcb.csv
17.3033162760942,Dodecane,53.3871483178329,True,C12H26,qc,qcb.csv
17.5214334542572,Dodecane,64.6630168404445,True,C12H26,qc,qcb.csv
17.6082649348557,Dodecane,82.0003989862604,True,C12H26,qc,qcb.csv
17.7081143057452,Dodecane,74.8098947158315,True,C12H26,qc,qcb.csv
17.7708685451475,Dodecane,54.9057074508894,True,C12H26,qc,qcb.csv
18.1538191066178,Dodecane,65.1510548257993,True,C12H26,qc,qcb.csv
18.2225336280516,Dodecane,51.3085169051158,True,C12H26,qc,qcb.csv
18.3488202877468,Dodecane,51.1723608848643,True,C12H26,qc,qcb.csv
18.4381792683713,Dodecane,62.9520809134745,True,C12H26,qc,qcb.csv
18.6166240418984,Dodecane,59.4106436270101,True,C12H26,qc,qcb.csv
18.6837254256928,Dodecane,65.4773627144677,True,C12H26,qc,qcb.csv
18.7634779916128,Dodecane,82.0292884788521,True,C12H26,qc,qcb.csv
18.9466188822166,Dodecane,58.7819488143279,True,C12H26,qc,qcb.csv
19.4067911766028,Dodecane,66.371650637555,True,C12H26,qc,qcb.csv
19.5014703128294,Dodecane,67.7773638201898,True,C12H26,qc,qcb.csv
19.8584260074915,Dodecane,77.9878909284898,True,C12H26,qc,qcb.csv
19.9279292012265,Dodecane,72.6627732965243,True,C12H26,qc,qcb.csv
20.1305830886254,Methyl palmitate,57.6888280722127,True,C17H34O2,qc,qcb.csv
20.3300955762733,Dodecane,70.3272731562596,True,C12H26,qc,qcb.csv
20.4008122650531,Dodecane,56.0041896385771,True,C12H26,qc,qcb.csv
20.6052962261967,Dodecane,53.8912538921516,True,C12H26,qc,qcb.csv
20.8933853210427,Dodecane,72.7624756312803,True,C12H26,qc,qcb.csv
21.0022826093632,Dodecane,71.6157233620605,True,C12H26,qc,qcb.csv
21.0995016032936,Caffeine,61.8327949182979,True,C8H10N4O2,qc,qcb.csv
21.1520607137714,Methyl palmitate,50.4528322340451,True,C17H34O2,qc,qcb.csv
22.1562128589173,Methyl palmitate,57.4588202205896,True,C17H34O2,qc,qcb.csv
22.8148037398875,Dodecane,64.1891586605558,True,C12H26,qc,qcb.csv
5.28695114057059,Dodecane,75.5673580754397,True,C12H26,qc,qc.csv
6.41208771382982,Dodecane,67.8419691931374,True,C12H26,qc,qc.csv
7.94192200016907,Dodecane,64.3961339608801,True,C12H26,qc,qc.csv
9.97430134668283,Dodecane,58.8744036138527,True,C12H26,qc,qc.csv
10.1439759201131,Dodecane,83.3853852830933,True,C12H26,qc,qc.csv
10.2132057236813,Dodecane,60.4582427771898,True,C12H26,qc,qc.csv
10.4196830663589,Dodecane,59.5781634118902,True,C12H26,qc,qc.csv
10.7311477321322,Dodecane,58.7857053431849,True,C12H26,qc,qc.csv
12.006385011881,Dodecane,63.006578766697,True,C12H26,qc,qc.csv
12.0966327665784,Dodecane,56.3661551745669,True,C12H26,qc,qc.csv
12.4211849926168,Methyl palmitate,59.4974640246699,True,C17H34O2,qc,qc.csv
12.5067816141081,Dodecane,54.9539312908936,True,C12H26,qc,qc.csv
12.8461012926731,Dodecane,50.8602293933995,True,C12H26,qc,qc.csv
13.1683528581452,Dodecane,62.4888526699961,True,C12H26,qc,qc.csv
13.6162596965761,Dodecane,98.4272119827675,True,C12H26,qc,qc.csv
13.7255284563464,Dodecane,60.1741394223842,True,C12H26,qc,qc.csv
13.9799082573086,Methyl palmitate,53.8444117594963,True,C17H34O2,qc,qc.csv
15.0574379951446,Dodecane,79.7911604980251,True,C12H26,qc,qc.csv
15.1842733132086,Dodecane,58.3838720695476,True,C12H26,qc,qc.csv
15.2847401851513,Dodecane,56.082555744881,True,C12H26,qc,qc.csv
15.5116822238884,Methyl palmitate,56.2255668112388,True,C17H34O2,qc,qc.csv
16.0461957785805,Dodecane,52.1781532027983,True,C12H26,qc,qc.csv
16.2814334154153,Dodecane,54.5808188227927,True,C12H26,qc,qc.csv
16.2980150986478,Biphenyl,93.1821529682311,True,C12H10,qc,qc.csv
16.3797837235997,Dodecane,84.5742084165689,True,C12H26,qc,qc.csv
16.5241639329724,Dodecane,60.2821731961455,True,C12H26,qc,qc.csv
16.6168325540378,Dodecane,52.8179395640457,True,C12H26,qc,qc.csv
16.6424877977477,Barbital,57.021780579545,True,C8H12N2O3,qc,qc.csv
16.7761766046398,Dodecane,62.4335478510328,True,C12H26,qc,qc.csv
16.840028916475,Methyl palmitate,58.9315513135855,True,C17H34O2,qc,qc.csv
16.8958422383247,Pentobarbital,56.4407845466404,True,C11H18N2O3,qc,qc.csv
16.9719310720624,Secobarbital,50.1855843736622,True,C12H18N2O3,qc,qc.csv
17.5227799088414,Dodecane,63.6321074006428,True,C12H26,qc,qc.csv
17.6104440864861,Dodecane,83.3320095183911,True,C12H26,qc,qc.csv
17.7073118258125,Dodecane,70.790417987741,True,C12H26,qc,qc.csv
17.7724064557407,Dodecane,58.1299915501128,True,C12H26,qc,qc.csv
17.9036040677474,Methyl palmitate,59.6151565859199,True,C17H34O2,qc,qc.csv
18.2278543843743,Dodecane,56.4933128692923,True,C12H26,qc,qc.csv
18.2971137456471,Methyl palmitate,53.7657410845381,True,C17H34O2,qc,qc.csv
18.297409979842,Dodecane,59.6573209281788,True,C12H26,qc,qc.csv
18.3640961727967,Dodecane,63.948033116812,True,C12H26,qc,qc.csv
18.4390540938034,Dodecane,64.7353127926016,True,C12H26,qc,qc.csv
18.6899411447307,Dodecane,53.7277007316756,True,C12H26,qc,qc.csv
18.7682954366902,Dodecane,81.1264687340838,True,C12H26,qc,qc.csv
18.9454920316199,Dodecane,56.2521516541423,True,C12H26,qc,qc.csv
19.2656853682981,Dodecane,61.7772756086886,True,C12H26,qc,qc.csv
19.6487448733013,Dodecane,59.2871722332856,True,C12H26,qc,qc.csv
19.8576093666065,Dodecane,61.6098484470569,True,C12H26,qc,qc.csv
20.1297565144817,Methyl palmitate,70.6722450719612,True,C17H34O2,qc,qc.csv
20.8939395819097,Dodecane,77.4543707966119,True,C12H26,qc,qc.csv
21.0027513231996,Dodecane,67.82519443886,True,C12H26,qc,qc.csv
21.0886457721012,Caffeine,50.9821406124137,True,C8H10N4O2,qc,qc.csv
21.1509327222695,Methyl palmitate,55.3913263502763,True,C17H34O2,qc,qc.csv
21.5237054797572,Dodecane,51.8327223288383,True,C12H26,qc,qc.csv
22.1460911176637,Methyl palmitate,86.8290760154421,True,C17H34O2,qc,qc.csv
22.4336765978634,Biphenyl,54.0969428310633,True,C12H10,qc,qc.csv
22.4484125396451,Methyl palmitate,56.1995316930263,True,C17H34O2,qc,qc.csv
5.27906926552571,Dodecane,77.1864699304241,True,C12H26,qc,qcb.csv
7.96352390220926,Dodecane,56.6180988388023,True,C12H26,qc,qcb.csv
10.1419118588848,Dodecane,83.7947095450869,True,C12H26,qc,qcb.csv
10.2182087474435,Dodecane,53.7011157089382,True,C12H26,qc,qcb.csv
12.0017907625173,Dodecane,82.0034145145017,True,C12H26,qc,qcb.csv
12.0958003508187,Dodecane,58.2485889430126,True,C12H26,qc,qcb.csv
13.1705184489465,Dodecane,63.2838171498157,True,C12H26,qc,qcb.csv
13.4882675531933,Dodecane,53.0555663571672,True,C12H26,qc,qcb.csv
13.6132339951968,Dodecane,96.9723163541792,True,C12H26,qc,qcb.csv
13.7257508052483,Dodecane,60.8417405770087,True,C12H26,qc,qcb.csv
14.5640198674663,Dodecane,55.9902134817953,True,C12H26,qc,qcb.csv
15.0546955408684,Dodecane,86.1221292382335,True,C12H26,qc,qcb.csv
15.1867528586052,Dodecane,61.0623301962224,True,C12H26,qc,qcb.csv
15.7739069093505,Dodecane,53.8690453386489,True,C12H26,qc,qcb.csv
16.2784458785134,Dodecane,59.9342023100712,True,C12H26,qc,qcb.csv
16.3014261619176,Biphenyl,92.6735663606651,True,C12H10,qc,qcb.csv
16.3760061705336,Dodecane,86.4169801776325,True,C12H26,qc,qcb.csv
16.5242188030004,Dodecane,56.4273348057422,True,C12H26,qc,qcb.csv
17.1650098390536,Dodecane,65.339153146334,True,C12H26,qc,qcb.csv
17.3033162760942,Dodecane,53.3871483178329,True,C12H26,qc,qcb.csv
17.5214334542572,Dodecane,64.6630168404445,True,C12H26,qc,qcb.csv
17.6082649348557,Dodecane,82.0003989862604,True,C12H26,qc,qcb.csv
17.7081143057452,Dodecane,74.8098947158315,True,C12H26,qc,qcb.csv
17.7708685451475,Dodecane,54.9057074508894,True,C12H26,qc,qcb.csv
18.1538191066178,Dodecane,65.1510548257993,True,C12H26,qc,qcb.csv
18.2225336280516,Dodecane,51.3085169051158,True,C12H26,qc,qcb.csv
18.3488202877468,Dodecane,51.1723608848643,True,C12H26,qc,qcb.csv
18.4381792683713,Dodecane,62.9520809134745,True,C12H26,qc,qcb.csv
18.6166240418984,Dodecane,59.4106436270101,True,C12H26,qc,qcb.csv
18.6837254256928,Dodecane,65.4773627144677,True,C12H26,qc,qcb.csv
18.7634779916128,Dodecane,82.0292884788521,True,C12H26,qc,qcb.csv
18.9466188822166,Dodecane,58.7819488143279,True,C12H26,qc,qcb.csv
19.4067911766028,Dodecane,66.371650637555,True,C12H26,qc,qcb.csv
19.5014703128294,Dodecane,67.7773638201898,True,C12H26,qc,qcb.csv
19.8584260074915,Dodecane,77.9878909284898,True,C12H26,qc,qcb.csv
19.9279292012265,Dodecane,72.6627732965243,True,C12H26,qc,qcb.csv
20.1305830886254,Methyl palmitate,57.6888280722127,True,C17H34O2,qc,qcb.csv
20.3300955762733,Dodecane,70.3272731562596,True,C12H26,qc,qcb.csv
20.4008122650531,Dodecane,56.0041896385771,True,C12H26,qc,qcb.csv
20.6052962261967,Dodecane,53.8912538921516,True,C12H26,qc,qcb.csv
20.8933853210427,Dodecane,72.7624756312803,True,C12H26,qc,qcb.csv
21.0022826093632,Dodecane,71.6157233620605,True,C12H26,qc,qcb.csv
21.0995016032936,Caffeine,61.8327949182979,True,C8H10N4O2,qc,qcb.csv
21.1520607137714,Methyl palmitate,50.4528322340451,True,C17H34O2,qc,qcb.csv
22.1562128589173,Methyl palmitate,57.4588202205896,True,C17H34O2,qc,qcb.csv
22.8148037398875,Dodecane,64.1891586605558,True,C12H26,qc,qcb.csv
2.01543333333333,Propene,96.3679250009916,True,C3H6,env,env.csv
5.28545,Hexanal,91.1182896194607,True,C6H12O,env,env.csv
5.88671666666667,"Cyclotrisiloxane, hexamethyl-",97.6969479079877,True,C6H18O3Si3,env,env.csv
7.6809,Styrene,91.5305912535547,True,C8H8,env,env.csv
7.93398681982947,Heptanal,93.8357792914793,True,C7H14O,env,env.csv
8.71945,"(1R)-2,6,6-Trimethylbicyclo[3.1.1]hept-2-ene",91.7831917068271,True,C10H16,env,env.csv
9.31838073138855,Benzaldehyde,97.3918574053926,True,C7H6O,env,env.csv
9.74193333333333,Phenol,91.120925104244,True,C6H6O,env,env.csv
10.0924166666667,"Cyclotetrasiloxane, octamethyl-",96.0429706357552,True,C8H24O4Si4,env,env.csv
10.1920833333333,Octanal,97.4778824772466,True,C8H16O,env,env.csv
10.6969,"1-Hexanol, 2-ethyl-",97.6345637666963,True,C8H18O,env,env.csv
12.0762833333333,Nonanal,99.0803500003081,True,C9H18O,env,env.csv
13.59715,Dodecane,93.6609392419653,True,C12H26,env,env.csv
13.7064666666667,Decanal,98.5139972882434,True,C10H20O,env,env.csv
15.0408333333333,Tridecane,91.6860700617348,True,C13H28,env,env.csv
16.36235,Tetradecane,97.2033241243131,True,C14H30,env,env.csv
16.5842166666667,"2,4,7,9-Tetramethyl-5-decyn-4,7-diol",91.9218696750217,True,C14H26O2,env,env.csv
16.82215,"Nonanoic acid, 9-oxo-, methyl ester",91.6440359110328,True,C10H18O3,env,env.csv
18.6709666666667,1-Nonadecene,92.0251857904439,True,C19H38,env,env.csv
18.7513666666667,Hexadecane,98.0152182949934,True,C16H34,env,env.csv
19.3108333333333,Benzophenone,95.6591822623572,True,C13H10O,env,env.csv
22.7994833333333,Eicosane,93.2962770350016,True,C20H42,env,env.csv
5.29680054652328,Dodecane,73.6834824822327,True,C12H26,env,env.csv
6.41639084137901,Dodecane,63.1186209583901,True,C12H26,env,env.csv
7.00522878891246,Dodecane,70.917623051636,True,C12H26,env,env.csv
7.95746165294153,Dodecane,59.1452060202699,True,C12H26,env,env.csv
9.19613839112762,Dodecane,58.6219378435114,True,C12H26,env,env.csv
10.2167715523822,Dodecane,60.0277981598586,True,C12H26,env,env.csv
10.425651029367,Dodecane,65.3929391857471,True,C12H26,env,env.csv
10.7227890687339,Dodecane,66.4905076048161,True,C12H26,env,env.csv
11.2700492634768,Dodecane,57.10079611234,True,C12H26,env,env.csv
11.368955819776,Dodecane,51.1067343642084,True,C12H26,env,env.csv
11.6654912189461,Dodecane,56.3159049735086,True,C12H26,env,env.csv
11.9473320092003,Dodecane,58.8798788530639,True,C12H26,env,env.csv
12.0971859739909,Dodecane,57.1402056130516,True,C12H26,env,env.csv
12.4233067112617,Methyl palmitate,59.9153539995831,True,C17H34O2,env,env.csv
12.8474998073272,Dodecane,57.177432196505,True,C12H26,env,env.csv
13.2904348664986,Dodecane,51.7331115838384,True,C12H26,env,env.csv
13.5192040760107,Dodecane,53.9991117821481,True,C12H26,env,env.csv
13.6146296954213,Dodecane,94.4025854725378,True,C12H26,env,env.csv
13.7255105734281,Dodecane,60.6869285415403,True,C12H26,env,env.csv
14.7991478543039,Dodecane,66.4456861264371,True,C12H26,env,env.csv
15.0566580156207,Dodecane,73.9209083983806,True,C12H26,env,env.csv
15.1828696905822,Dodecane,57.2153791667574,True,C12H26,env,env.csv
15.2871956450642,Dodecane,64.5011970161995,True,C12H26,env,env.csv
15.5119347068668,Methyl palmitate,56.7331183382191,True,C17H34O2,env,env.csv
15.5543927113488,Dodecane,52.2405095906617,True,C12H26,env,env.csv
16.2790407139633,Dodecane,57.1094421552032,True,C12H26,env,env.csv
16.2983628318959,Biphenyl,92.3386776705893,True,C12H10,env,env.csv
16.3769015340265,Dodecane,79.5790776473383,True,C12H26,env,env.csv
16.5224927485486,Dodecane,54.3052712058471,True,C12H26,env,env.csv
16.6454386303426,Barbital,54.1140459689207,True,C8H12N2O3,env,env.csv
16.8389985326,Methyl palmitate,55.8731692110209,True,C17H34O2,env,env.csv
16.8930715088882,Dodecane,50.0160173518015,True,C12H26,env,env.csv
17.1103815548654,Pentobarbital,64.3071391644164,True,C11H18N2O3,env,env.csv
17.3030210421212,Dodecane,57.894153572416,True,C12H26,env,env.csv
17.5200595684657,Dodecane,56.1457368955143,True,C12H26,env,env.csv
17.6071442859527,Dodecane,77.8121791258457,True,C12H26,env,env.csv
17.7035779265382,Dodecane,66.0455283436622,True,C12H26,env,env.csv
17.7711217110314,Dodecane,54.4314793439021,True,C12H26,env,env.csv
17.9029003665086,Methyl palmitate,50.2964708406545,True,C17H34O2,env,env.csv
18.1173556338778,Dodecane,75.6222020593258,True,C12H26,env,env.csv
18.2281793011334,Dodecane,54.955962003836,True,C12H26,env,env.csv
18.2964872043221,Methyl palmitate,53.4436018582701,True,C17H34O2,env,env.csv
18.3415937520227,Dodecane,61.1776302391462,True,C12H26,env,env.csv
18.6847733672691,Dodecane,51.0226802761768,True,C12H26,env,env.csv
18.7644500566332,Dodecane,77.7522216074024,True,C12H26,env,env.csv
18.9420673632997,Dodecane,54.6343464899618,True,C12H26,env,env.csv
19.2643610207781,Dodecane,62.0525997795115,True,C12H26,env,env.csv
19.484255874587,Dodecane,55.7474933844042,True,C12H26,env,env.csv
19.8562918948998,Dodecane,72.2339222229289,True,C12H26,env,env.csv
19.9257561969029,Dodecane,55.7199896241981,True,C12H26,env,env.csv
20.1287528656288,Methyl palmitate,61.8295263323727,True,C17H34O2,env,env.csv
20.3281935899084,Dodecane,68.8501437368286,True,C12H26,env,env.csv
20.8911913339876,Dodecane,67.247811354252,True,C12H26,env,env.csv
21.0012524123615,Dodecane,64.7772568385961,True,C12H26,env,env.csv
21.2395110468876,Dodecane,54.0309189150863,True,C12H26,env,env.csv
21.5215460368342,Dodecane,52.83728507863,True,C12H26,env,env.csv
21.8833599720783,Dodecane,58.681183962511,True,C12H26,env,env.csv
22.1405287217605,Methyl palmitate,90.504750473826,True,C17H34O2,env,env.csv
3.32073336539141,Dodecane,50.0452684501627,True,C12H26,env,env.csv
5.04569203483717,Dodecane,61.2823018113954,True,C12H26,env,env.csv
5.27895771921411,Dodecane,75.3490571595335,True,C12H26,env,env.csv
6.39883460349276,Dodecane,62.070113411151,True,C12H26,env,env.csv
6.98093538609321,Dodecane,65.7898607396831,True,C12H26,env,env.csv
7.93405510961687,Dodecane,63.7397508685022,True,C12H26,env,env.csv
10.1228883159258,Dodecane,78.9028379926966,True,C12H26,env,env.csv
10.1968753129434,Dodecane,60.4511728158226,True,C12H26,env,env.csv
10.4030575523269,Dodecane,70.6502809167972,True,C12H26,env,env.csv
10.7026979642751,Dodecane,65.9476980977168,True,C12H26,env,env.csv
11.2105860811939,Dodecane,56.2136999633169,True,C12H26,env,env.csv
11.2549320638558,Dodecane,56.781627573675,True,C12H26,env,env.csv
11.7170695836125,Dodecane,53.3782931115438,True,C12H26,env,env.csv
11.9422409620153,Dodecane,67.7401596080943,True,C12H26,env,env.csv
12.0857639547386,Dodecane,58.5719482549768,True,C12H26,env,env.csv
12.4033765770103,Methyl palmitate,56.1680222606222,True,C17H34O2,env,env.csv
12.4860099507623,Dodecane,54.6928358237811,True,C12H26,env,env.csv
12.5540974473145,Dodecane,70.04802827458,True,C12H26,env,env.csv
13.1559985342431,Dodecane,63.8425206963372,True,C12H26,env,env.csv
13.5973156969508,Dodecane,87.6620367012245,True,C12H26,env,env.csv
13.7095583409666,Dodecane,58.6769802486042,True,C12H26,env,env.csv
13.8191983098024,Dodecane,67.480427536665,True,C12H26,env,env.csv
13.8833957890014,Dodecane,53.356526063511,True,C12H26,env,env.csv
14.5463918310025,Dodecane,61.7849299867977,True,C12H26,env,env.csv
15.0376218096029,Dodecane,78.3240743034185,True,C12H26,env,env.csv
15.1685657898042,Dodecane,64.805398517856,True,C12H26,env,env.csv
15.2692462827205,Dodecane,59.9401569746109,True,C12H26,env,env.csv
15.4110811332862,Dodecane,52.5246543538373,True,C12H26,env,env.csv
15.4502705590302,Dodecane,51.394771731384,True,C12H26,env,env.csv
15.5005413600366,Methyl palmitate,54.7940139350458,True,C17H34O2,env,env.csv
15.6301692207761,Dodecane,51.225168348305,True,C12H26,env,env.csv
16.0317589742771,Dodecane,57.8853197745571,True,C12H26,env,env.csv
16.2640741314125,Dodecane,60.8418646658358,True,C12H26,env,env.csv
16.28282804942,Biphenyl,95.0085535143775,True,C12H10,env,env.csv
16.352173483719,Methyl palmitate,51.0061878304486,True,C17H34O2,env,env.csv
16.3629367466928,Dodecane,85.6928415944783,True,C12H26,env,env.csv
16.7177429462308,Dodecane,55.4657012535664,True,C12H26,env,env.csv
16.8304511841758,Methyl palmitate,59.3752595995283,True,C17H34O2,env,env.csv
16.9314719572157,Dodecane,65.77416442685,True,C12H26,env,env.csv
16.9839307111795,Dodecane,67.7150377781528,True,C12H26,env,env.csv
17.0951851607469,Pentobarbital,52.4195954433326,True,C11H18N2O3,env,env.csv
17.1698627718222,Dodecane,52.1960348159486,True,C12H26,env,env.csv
17.2504790288876,Dodecane,71.8877573679581,True,C12H26,env,env.csv
17.3043042589685,Dodecane,70.0589256312965,True,C12H26,env,env.csv
17.4679908825326,Dodecane,61.1450859597117,True,C12H26,env,env.csv
17.5938879515699,Dodecane,74.1545641750125,True,C12H26,env,env.csv
17.6863839345265,Dodecane,71.316879783673,True,C12H26,env,env.csv
17.7707812430139,Dodecane,55.3794612171537,True,C12H26,env,env.csv
17.8905359044097,Methyl palmitate,50.987688790019,True,C17H34O2,env,env.csv
17.9841227105702,Dodecane,54.825895973583,True,C12H26,env,env.csv
18.0246681478232,Dodecane,74.2968794281482,True,C12H26,env,env.csv
18.1072269923497,Dodecane,59.7950656011049,True,C12H26,env,env.csv
18.2131042744178,Dodecane,64.8470094607142,True,C12H26,env,env.csv
18.2774446523179,Dodecane,71.8235171919111,True,C12H26,env,env.csv
18.3359811744187,Dodecane,69.7710362365961,True,C12H26,env,env.csv
18.4258613517933,Dodecane,64.9494487634233,True,C12H26,env,env.csv
18.495433911351,Dodecane,58.3924740122972,True,C12H26,env,env.csv
18.6746823540983,Dodecane,62.2937249725713,True,C12H26,env,env.csv
18.7576121464847,Dodecane,83.3164298421541,True,C12H26,env,env.csv
18.9279377115249,Dodecane,53.6389127018324,True,C12H26,env,env.csv
19.0515463946727,Dodecane,50.37842642741,True,C12H26,env,env.csv
19.1569795482123,Dodecane,61.2407054260264,True,C12H26,env,env.csv
19.2521604882605,Dodecane,59.6297416929654,True,C12H26,env,env.csv
19.288305095305,Dodecane,65.0280262208031,True,C12H26,env,env.csv
19.3950061789391,Dodecane,50.2705719579273,True,C12H26,env,env.csv
19.4532707556584,Dodecane,58.6043540810383,True,C12H26,env,env.csv
19.5396597702175,Dodecane,59.169233225396,True,C12H26,env,env.csv
19.6338231806927,Dodecane,66.2279145045138,True,C12H26,env,env.csv
19.717547412099,Dodecane,73.6168983932957,True,C12H26,env,env.csv
19.7778770387137,Dodecane,53.2907259561438,True,C12H26,env,env.csv
19.8456476258363,Dodecane,84.3572650498146,True,C12H26,env,env.csv
19.9164038116232,Dodecane,75.807592876387,True,C12H26,env,env.csv
20.1180234616081,Methyl palmitate,71.3334710284795,True,C17H34O2,env,env.csv
20.4012896850023,Dodecane,56.0436581662195,True,C12H26,env,env.csv
20.449264900249,Dodecane,62.1009525628528,True,C12H26,env,env.csv
20.606477979674,Dodecane,63.6376726762993,True,C12H26,env,env.csv
20.6930561126537,Dodecane,54.6737931121481,True,C12H26,env,env.csv
21.018673621426,Dodecane,67.8968087305946,True,C12H26,env,env.csv
22.2488491066744,Dodecane,75.2165220029917,True,C12H26,env,env.csv
22.3458290858908,Dodecane,63.5490209168607,True,C12H26,env,env.csv
22.3460040978597,Dodecane,64.5176968291244,True,C12H26,env,env.csv
22.4197636654798,Dodecane,55.6931937014731,True,C12H26,env,env.csv
22.4986342369332,Dodecane,66.1542536970542,True,C12H26,env,env.csv
22.5422319570308,Dodecane,67.6593272636781,True,C12H26,env,env.csv
22.6991211313891,Dodecane,53.0815603089971,True,C12H26,env,env.csv
22.7977587114321,Dodecane,77.929284692214,True,C12H26,env,env.csv
22.8906121536841,Dodecane,74.0917335024871,True,C12H26,env,env.csv
23.1566622265041,Dodecane,60.3507442534808,True,C12H26,env,env.csv
23.4126234157103,Dodecane,55.5423992546265,True,C12H26,env,env.csv
23.4735896268453,Dodecane,53.6679539665963,True,C12H26,env,env.csv
3.80326690591149,Dodecane,60.5889319952456,True,C12H26,env,env.csv
5.00924272091774,Dodecane,54.4801779682451,True,C12H26,env,env.csv
5.29432436036853,Dodecane,68.8624051606393,True,C12H26,env,env.csv
5.69181499336036,Dodecane,53.4321552333109,True,C12H26,env,env.csv
5.87490210796359,Dodecane,56.8052412560401,True,C12H26,env,env.csv
6.40230034038475,Dodecane,58.2053265195655,True,C12H26,env,env.csv
6.98428167638025,Dodecane,76.7199017171531,True,C12H26,env,env.csv
7.93884707076095,Dodecane,62.9411841591456,True,C12H26,env,env.csv
9.176943325185,Dodecane,61.0491636217323,True,C12H26,env,env.csv
10.126266675595,Dodecane,71.6001471847779,True,C12H26,env,env.csv
10.198082329167,Dodecane,61.0782734964139,True,C12H26,env,env.csv
10.4034127507458,Dodecane,73.1331225329495,True,C12H26,env,env.csv
10.705179220107,Dodecane,66.014912019969,True,C12H26,env,env.csv
11.2201773142626,Dodecane,66.1871023095745,True,C12H26,env,env.csv
11.2591049061114,Dodecane,54.9968499720928,True,C12H26,env,env.csv
11.3460928100518,Dodecane,69.116659105553,True,C12H26,env,env.csv
11.4761898075078,Dodecane,54.86196898442,True,C12H26,env,env.csv
11.6610974459292,Dodecane,59.6525851657698,True,C12H26,env,env.csv
12.0324311134553,Dodecane,68.600452423009,True,C12H26,env,env.csv
12.0804380397507,Dodecane,57.952563058157,True,C12H26,env,env.csv
12.4043624584319,Methyl palmitate,58.1170923723235,True,C17H34O2,env,env.csv
12.4909119358089,Dodecane,53.7925423163084,True,C12H26,env,env.csv
12.5565110465581,Dodecane,68.5646273020209,True,C12H26,env,env.csv
13.0642344875006,Dodecane,54.3009553154822,True,C12H26,env,env.csv
13.1598457782674,Dodecane,55.30912683405,True,C12H26,env,env.csv
13.5968575926218,Dodecane,91.5244634780623,True,C12H26,env,env.csv
13.708631144043,Dodecane,56.2726119129334,True,C12H26,env,env.csv
13.8139117897086,Dodecane,69.5749015496792,True,C12H26,env,env.csv
13.8787291717621,Dodecane,52.7287005797088,True,C12H26,env,env.csv
15.0373310496278,Dodecane,75.4236545396228,True,C12H26,env,env.csv
15.1725726141314,Dodecane,51.2340152148271,True,C12H26,env,env.csv
15.2677442817744,Methyl palmitate,59.1156225760709,True,C17H34O2,env,env.csv
15.4096080939145,Dodecane,57.8465150093762,True,C12H26,env,env.csv
15.5001718662342,Methyl palmitate,56.1256344853176,True,C17H34O2,env,env.csv
16.0291582886402,Dodecane,50.1310811772307,True,C12H26,env,env.csv
16.2828140503258,Biphenyl,93.9266308952346,True,C12H10,env,env.csv
16.3467743592467,Methyl palmitate,50.6142668729608,True,C17H34O2,env,env.csv
16.3630173880005,Dodecane,85.0062862394474,True,C12H26,env,env.csv
16.6409109315066,Pentobarbital,54.1925259857982,True,C11H18N2O3,env,env.csv
16.718240045939,Dodecane,60.7855019912075,True,C12H26,env,env.csv
16.8335584616008,Methyl palmitate,56.1629248940849,True,C17H34O2,env,env.csv
16.8769720655209,Pentobarbital,53.4133242363158,True,C11H18N2O3,env,env.csv
16.927790176838,Dodecane,72.8710447475625,True,C12H26,env,env.csv
16.9815936969489,Dodecane,65.4175296738028,True,C12H26,env,env.csv
17.0974027146907,Barbital,58.8144720503871,True,C8H12N2O3,env,env.csv
17.1287373634129,Dodecane,68.1017674477855,True,C12H26,env,env.csv
17.2399226897298,Dodecane,71.9282293318227,True,C12H26,env,env.csv
17.299421087159,Dodecane,71.4747962565599,True,C12H26,env,env.csv
17.3599128385477,Dodecane,55.470201661084,True,C12H26,env,env.csv
17.4649546717913,Dodecane,58.3259826382991,True,C12H26,env,env.csv
17.5106200071151,Dodecane,54.5993192054355,True,C12H26,env,env.csv
17.5940292436568,Dodecane,68.5933089137191,True,C12H26,env,env.csv
17.634249490087,Dodecane,57.6351217270611,True,C12H26,env,env.csv
17.683124120133,Dodecane,74.0510670367285,True,C12H26,env,env.csv
17.76280524283,Dodecane,69.4161360647492,True,C12H26,env,env.csv
17.9201637150131,Dodecane,50.5461810315895,True,C12H26,env,env.csv
17.9563567979758,Dodecane,60.1036011138154,True,C12H26,env,env.csv
17.9966646196838,Dodecane,53.6172640620438,True,C12H26,env,env.csv
18.0192098397405,Dodecane,73.3842726500536,True,C12H26,env,env.csv
18.104955575437,Dodecane,54.7459415869206,True,C12H26,env,env.csv
18.2104759911542,Dodecane,57.0631125196944,True,C12H26,env,env.csv
18.2773336610592,Dodecane,56.5254093034276,True,C12H26,env,env.csv
18.3343101050277,Dodecane,64.7268946818751,True,C12H26,env,env.csv
18.4248088879632,Dodecane,68.705727365147,True,C12H26,env,env.csv
18.4944778852866,Dodecane,59.5269455320457,True,C12H26,env,env.csv
18.6748383399971,Dodecane,62.0315777594084,True,C12H26,env,env.csv
18.7565479614275,Dodecane,83.5026075331117,True,C12H26,env,env.csv
18.9302180662305,Dodecane,63.2592697749899,True,C12H26,env,env.csv
18.9930928196873,Dodecane,54.4976375023855,True,C12H26,env,env.csv
19.1570996532829,Dodecane,59.8854680442373,True,C12H26,env,env.csv
19.2516506504062,Dodecane,61.2164894239973,True,C12H26,env,env.csv
19.2913841668107,Dodecane,55.8585314944248,True,C12H26,env,env.csv
19.3943518797597,Dodecane,50.9045128261775,True,C12H26,env,env.csv
19.4532385344356,Dodecane,61.0483793048861,True,C12H26,env,env.csv
19.5392952564792,Dodecane,57.3273163777312,True,C12H26,env,env.csv
19.6362333785417,Dodecane,70.5628902387992,True,C12H26,env,env.csv
19.7780330314203,Dodecane,60.242458762228,True,C12H26,env,env.csv
19.8474631794004,Dodecane,80.6906037752893,True,C12H26,env,env.csv
19.9152544951911,Dodecane,56.0587206801546,True,C12H26,env,env.csv
19.9960429758956,Dodecane,55.6625201111596,True,C12H26,env,env.csv
20.1211590679805,Methyl palmitate,71.1664734374852,True,C17H34O2,env,env.csv
20.3236297920596,Dodecane,75.8653760619188,True,C12H26,env,env.csv
20.4530090580815,Dodecane,56.2221905289692,True,C12H26,env,env.csv
20.6104273463214,Dodecane,51.3178827365064,True,C12H26,env,env.csv
20.6969730642254,Dodecane,54.1350771659148,True,C12H26,env,env.csv
22.7993508124035,Dodecane,78.4423994153553,True,C12H26,env,env.csv
3.19910679106667,Dodecane,57.893259525042,True,C12H26,env,env.csv
5.29397824958877,Dodecane,68.4565820119107,True,C12H26,env,env.csv
6.41060166927895,Dodecane,57.991356363302,True,C12H26,env,env.csv
6.99255854439995,Dodecane,62.1391223626679,True,C12H26,env,env.csv
7.94976213593643,Dodecane,55.4633770228759,True,C12H26,env,env.csv
10.1467253305362,Dodecane,71.6264017640203,True,C12H26,env,env.csv
10.2167998456004,Dodecane,60.3088491341182,True,C12H26,env,env.csv
10.424026013225,Dodecane,71.3563794390256,True,C12H26,env,env.csv
10.7308338762287,Dodecane,66.0452326650964,True,C12H26,env,env.csv
11.6748760766136,Dodecane,65.837675534692,True,C12H26,env,env.csv
11.8605651718014,Dodecane,50.7690678886804,True,C12H26,env,env.csv
11.9470006644092,Dodecane,65.4131832942962,True,C12H26,env,env.csv
12.054465054393,Dodecane,61.6368975644438,True,C12H26,env,env.csv
12.108536627058,Dodecane,57.5141481367272,True,C12H26,env,env.csv
12.391679597657,Dodecane,54.1311116128377,True,C12H26,env,env.csv
12.4263124124639,Methyl palmitate,61.5283780702763,True,C17H34O2,env,env.csv
12.5081868375664,Dodecane,53.9063398106978,True,C12H26,env,env.csv
12.5750711567821,Dodecane,68.0317149316199,True,C12H26,env,env.csv
12.8516669750609,Dodecane,50.3419051025921,True,C12H26,env,env.csv
13.0851150836617,Dodecane,60.3274010669972,True,C12H26,env,env.csv
13.1789748912566,Dodecane,58.2841765498826,True,C12H26,env,env.csv
13.6228880886744,Dodecane,95.8332754934905,True,C12H26,env,env.csv
13.7332625463786,Dodecane,57.1450305151523,True,C12H26,env,env.csv
13.8394420129889,Dodecane,69.4233865900194,True,C12H26,env,env.csv
14.688394570057,Dodecane,56.0075934870907,True,C12H26,env,env.csv
15.0637494907326,Dodecane,80.7241658703136,True,C12H26,env,env.csv
15.1953886054002,Dodecane,55.2321726514016,True,C12H26,env,env.csv
15.2915487396657,Dodecane,54.5762578278281,True,C12H26,env,env.csv
15.527874683711,Methyl palmitate,56.8402572367627,True,C17H34O2,env,env.csv
16.0565627983526,Dodecane,51.5616576656228,True,C12H26,env,env.csv
16.2896695403938,Dodecane,60.3532065217563,True,C12H26,env,env.csv
16.3082459765377,Biphenyl,93.5134032549667,True,C12H10,env,env.csv
16.3894989627186,Dodecane,72.9393932673285,True,C12H26,env,env.csv
16.7474011296656,Dodecane,53.9150755611566,True,C12H26,env,env.csv
16.8704271845358,Methyl palmitate,57.974555445146,True,C17H34O2,env,env.csv
16.9584952281391,Dodecane,67.5691603996005,True,C12H26,env,env.csv
17.0116536833649,Dodecane,67.4339185584614,True,C12H26,env,env.csv
17.1209236541988,Barbital,55.093318586267,True,C8H12N2O3,env,env.csv
17.121720268028,Dodecane,54.181064412935,True,C12H26,env,env.csv
17.1240879125652,Butethal,51.699267898199,True,C10H16N2O3,env,env.csv
17.1598092757357,Dodecane,56.9198539259205,True,C12H26,env,env.csv
17.3328220517068,Dodecane,69.8655552955798,True,C12H26,env,env.csv
17.6197016185965,Dodecane,65.244562570721,True,C12H26,env,env.csv
17.6661501913419,Dodecane,59.2892406496561,True,C12H26,env,env.csv
17.7149205085088,Dodecane,73.7936799269394,True,C12H26,env,env.csv
17.7915113715665,Dodecane,67.1057298144549,True,C12H26,env,env.csv
17.9147309371842,Methyl palmitate,53.9442400723209,True,C17H34O2,env,env.csv
18.0528451207231,Dodecane,74.4957209894504,True,C12H26,env,env.csv
18.134083674732,Dodecane,55.3478633532837,True,C12H26,env,env.csv
18.2356823575572,Dodecane,53.548215931551,True,C12H26,env,env.csv
18.3589047206634,Dodecane,65.2756260070289,True,C12H26,env,env.csv
18.4485298543946,Dodecane,68.997758378194,True,C12H26,env,env.csv
18.5269620195143,Dodecane,60.5839068764102,True,C12H26,env,env.csv
18.6987549718346,Dodecane,59.4202290445296,True,C12H26,env,env.csv
18.7873914405253,Dodecane,81.6491961206108,True,C12H26,env,env.csv
18.9574849522884,Dodecane,74.4681285690879,True,C12H26,env,env.csv
19.0174806373147,Dodecane,55.1043297130717,True,C12H26,env,env.csv
19.3100391815786,Dodecane,56.792119007959,True,C12H26,env,env.csv
19.4180073606087,Dodecane,56.2121289887538,True,C12H26,env,env.csv
19.480931828325,Dodecane,54.9833224650878,True,C12H26,env,env.csv
19.5638799539669,Dodecane,55.5600805234684,True,C12H26,env,env.csv
19.6461751786909,Dodecane,63.3094758993121,True,C12H26,env,env.csv
19.741075977902,Dodecane,72.2182408621675,True,C12H26,env,env.csv
19.8006977530282,Dodecane,50.3944609558328,True,C12H26,env,env.csv
19.8691983110152,Dodecane,80.4103573317594,True,C12H26,env,env.csv
19.9376186634258,Dodecane,54.8051557839287,True,C12H26,env,env.csv
20.1395954581076,Methyl palmitate,70.987483517192,True,C17H34O2,env,env.csv
20.2459830270996,Dodecane,63.7553371283528,True,C12H26,env,env.csv
20.4707324340986,Dodecane,65.5969089147405,True,C12H26,env,env.csv
20.5292595276182,Dodecane,50.4436137415534,True,C12H26,env,env.csv
20.6161232059639,Dodecane,65.4848696192057,True,C12H26,env,env.csv
20.8388537532544,Dodecane,60.0886954255922,True,C12H26,env,env.csv
20.90623856675,Dodecane,74.5793087156692,True,C12H26,env,env.csv
21.0135869641717,Dodecane,67.2203140903944,True,C12H26,env,env.csv
21.4083152598405,Dodecane,51.9412969612793,True,C12H26,env,env.csv
21.4806060928339,Dodecane,62.3115127235611,True,C12H26,env,env.csv
21.5311175413349,Dodecane,66.9811889275105,True,C12H26,env,env.csv
21.8316795397795,Dodecane,68.2802806244838,True,C12H26,env,env.csv
21.889196075228,Dodecane,85.3195656120771,True,C12H26,env,env.csv
22.1702386844253,Dodecane,62.0370819097774,True,C12H26,env,env.csv
22.4745552780304,Methyl palmitate,59.6521685556328,True,C17H34O2,env,env.csv
3.19991580731919,Dodecane,51.5275412994595,True,C12H26,env,env.csv
5.02715833439893,Dodecane,53.5695604751615,True,C12H26,env,env.csv
5.30480128363418,Dodecane,72.8705894027504,True,C12H26,env,env.csv
5.89200279491585,Dodecane,61.4009040335191,True,C12H26,env,env.csv
6.41143144056734,Dodecane,55.6896903594187,True,C12H26,env,env.csv
7.01515756063949,Dodecane,69.8807167379005,True,C12H26,env,env.csv
7.96058708530961,Dodecane,52.7448212617346,True,C12H26,env,env.csv
9.2025712266383,Dodecane,55.9688191147319,True,C12H26,env,env.csv
9.9894713172647,Dodecane,59.569346871541,True,C12H26,env,env.csv
10.1511724511051,Dodecane,71.7119695203552,True,C12H26,env,env.csv
10.2211846605291,Dodecane,59.1721929792528,True,C12H26,env,env.csv
10.4332787515683,Dodecane,60.6032982929378,True,C12H26,env,env.csv
10.7233548252944,Dodecane,65.1293954879483,True,C12H26,env,env.csv
11.2778562290138,Dodecane,80.622563235969,True,C12H26,env,env.csv
11.3694339727093,Dodecane,74.5057104498155,True,C12H26,env,env.csv
11.6805231805384,Dodecane,50.1725687554307,True,C12H26,env,env.csv
11.9553683172497,Dodecane,59.4873439446003,True,C12H26,env,env.csv
12.1026893024147,Dodecane,57.9995912924272,True,C12H26,env,env.csv
12.4319235113251,Methyl palmitate,60.0592186906805,True,C17H34O2,env,env.csv
13.1783884918117,Dodecane,57.3820278438115,True,C12H26,env,env.csv
13.5297875003481,Dodecane,53.0261971967062,True,C12H26,env,env.csv
13.6225840372777,Dodecane,92.4345774211618,True,C12H26,env,env.csv
13.7312239179532,Dodecane,61.4632568972173,True,C12H26,env,env.csv
14.2304470061075,Dodecane,57.8527384389274,True,C12H26,env,env.csv
14.8065089759226,Dodecane,73.5740709052837,True,C12H26,env,env.csv
15.0615845345175,Dodecane,74.3647235364019,True,C12H26,env,env.csv
15.1904870593961,Dodecane,62.5883833170429,True,C12H26,env,env.csv
15.2972541868991,Dodecane,53.3479047544158,True,C12H26,env,env.csv
15.5188624571187,Methyl palmitate,55.4144757202907,True,C17H34O2,env,env.csv
16.2868280519136,Dodecane,61.0605350884974,True,C12H26,env,env.csv
16.3051378094714,Biphenyl,91.0935521079257,True,C12H10,env,env.csv
16.3858149879928,Dodecane,81.4712134587508,True,C12H26,env,env.csv
16.5302098206934,Dodecane,57.0959139144106,True,C12H26,env,env.csv
16.8454475849052,Methyl palmitate,59.412830305919,True,C17H34O2,env,env.csv
17.1160573669399,Pentobarbital,58.812431855389,True,C11H18N2O3,env,env.csv
17.3097354874906,Dodecane,54.9150777451022,True,C12H26,env,env.csv
17.527702669966,Dodecane,59.2642593087174,True,C12H26,env,env.csv
17.61231922984,Dodecane,78.3024935213119,True,C12H26,env,env.csv
17.7124771760001,Dodecane,50.30888810315,True,C12H26,env,env.csv
17.777664119343,Dodecane,61.1494081022853,True,C12H26,env,env.csv
18.1259886967907,Dodecane,64.5734923487229,True,C12H26,env,env.csv
18.2334783370554,Dodecane,51.0538798155942,True,C12H26,env,env.csv
18.3509971168058,Dodecane,64.1689203565057,True,C12H26,env,env.csv
18.4525313582552,Dodecane,53.6896163808538,True,C12H26,env,env.csv
18.6911063371735,Dodecane,57.4205015585286,True,C12H26,env,env.csv
18.7717433686932,Dodecane,78.2197925784034,True,C12H26,env,env.csv
18.9494263554849,Dodecane,59.4924814473047,True,C12H26,env,env.csv
19.0506762027353,Methyl palmitate,53.2846436053111,True,C17H34O2,env,env.csv
19.480670415862,Pentobarbital,51.3259480697635,True,C11H18N2O3,env,env.csv
19.6548253276801,Dodecane,50.4847466523621,True,C12H26,env,env.csv
19.7985173658972,Dodecane,53.4483281171655,True,C12H26,env,env.csv
19.8642560525367,Dodecane,72.6743683199562,True,C12H26,env,env.csv
20.0569002594279,Dodecane,51.3488266895425,True,C12H26,env,env.csv
20.1353579988073,Methyl palmitate,58.87516564276,True,C17H34O2,env,env.csv
20.3374824909359,Dodecane,50.6615809187269,True,C12H26,env,env.csv
20.469317270711,Methyl palmitate,52.4432693465681,True,C17H34O2,env,env.csv
20.8317135270037,Dodecane,53.4693725432991,True,C12H26,env,env.csv
20.8987241210477,Dodecane,78.9373760452758,True,C12H26,env,env.csv
21.0092945509928,Dodecane,68.1316105104295,True,C12H26,env,env.csv
21.0866862663157,Caffeine,57.6117690742644,True,C8H10N4O2,env,env.csv
21.1051739379386,Dodecane,52.9880544854162,True,C12H26,env,env.csv
21.1054349835075,Caffeine,61.7385433705567,True,C8H10N4O2,env,env.csv
21.3815881252164,Dodecane,50.4756568671233,True,C12H26,env,env.csv
21.6112148376705,Caffeine,52.3287686279272,True,C8H10N4O2,env,env.csv
21.8847764407754,Dodecane,73.9779657870248,True,C12H26,env,env.csv
22.0985600602039,Dodecane,54.468682097069,True,C12H26,env,env.csv
22.1401175790602,Methyl palmitate,89.5696709533074,True,C17H34O2,env,env.csv
22.2695712596124,Dodecane,52.257022931088,True,C12H26,env,env.csv
22.4510752553531,Methyl palmitate,55.4994874752482,True,C17H34O2,env,env.csv
22.5652633715909,Dodecane,56.259786968957,True,C12H26,env,env.csv
22.8178919449644,Dodecane,76.9496280364723,True,C12H26,env,env.csv
3.80981274108068,Dodecane,63.7484132535645,True,C12H26,env,env.csv
5.0150975080513,Dodecane,51.3963824808182,True,C12H26,env,env.csv
5.30001988057217,Dodecane,70.6262669639345,True,C12H26,env,env.csv
5.69720705327236,Dodecane,65.4966115264335,True,C12H26,env,env.csv
6.42008456695639,Dodecane,52.3599847943479,True,C12H26,env,env.csv
6.86394144344529,Dodecane,50.6830755568053,True,C12H26,env,env.csv
7.00491512876433,Dodecane,75.9289869633437,True,C12H26,env,env.csv
7.95719161541614,Dodecane,61.3305157278278,True,C12H26,env,env.csv
9.19856431812281,Dodecane,60.7165397935402,True,C12H26,env,env.csv
10.1553122942319,Dodecane,66.8843907939149,True,C12H26,env,env.csv
10.2195092177831,Dodecane,60.6719255877168,True,C12H26,env,env.csv
10.4269001553179,Dodecane,72.8991733003575,True,C12H26,env,env.csv
10.7245938613272,Dodecane,65.7444805044247,True,C12H26,env,env.csv
11.229996756531,Dodecane,57.8569990061951,True,C12H26,env,env.csv
11.274967170571,Dodecane,63.8807274618846,True,C12H26,env,env.csv
11.3781086769973,Dodecane,62.5958526105791,True,C12H26,env,env.csv
11.6769453367898,Dodecane,65.3864383742436,True,C12H26,env,env.csv
11.9478648115002,Dodecane,55.9241029951116,True,C12H26,env,env.csv
12.1040328318006,Dodecane,58.3530010895502,True,C12H26,env,env.csv
12.4301293203374,Methyl palmitate,52.8383204533681,True,C17H34O2,env,env.csv
12.8530479926437,Dodecane,54.0664593163227,True,C12H26,env,env.csv
13.1765809679484,Dodecane,61.5399208016908,True,C12H26,env,env.csv
13.524104918095,Dodecane,57.0852886897909,True,C12H26,env,env.csv
13.6220569793637,Dodecane,95.5767311770024,True,C12H26,env,env.csv
13.7314301709831,Dodecane,61.2967708592763,True,C12H26,env,env.csv
14.2535830996662,Dodecane,50.3337347492457,True,C12H26,env,env.csv
14.5605525774695,Dodecane,52.9173636236752,True,C12H26,env,env.csv
14.7826598300924,Dodecane,57.7882981671047,True,C12H26,env,env.csv
15.0637697344784,Dodecane,76.9222574119528,True,C12H26,env,env.csv
15.188299386324,Dodecane,60.3039898999742,True,C12H26,env,env.csv
15.2940902919966,Dodecane,70.3177422684826,True,C12H26,env,env.csv
15.4325246486183,Dodecane,69.335614158767,True,C12H26,env,env.csv
15.5171613887338,Methyl palmitate,63.3002482074406,True,C17H34O2,env,env.csv
15.5629546509678,Dodecane,56.4989619892203,True,C12H26,env,env.csv
15.9625143723454,Dodecane,53.4830784441063,True,C12H26,env,env.csv
16.0042042592772,Dodecane,53.9268248926524,True,C12H26,env,env.csv
16.0559936344269,Dodecane,57.3252848079573,True,C12H26,env,env.csv
16.2866094646125,Dodecane,61.8852092692065,True,C12H26,env,env.csv
16.3032709044983,Biphenyl,93.4620950482654,True,C12H10,env,env.csv
16.3843655102685,Dodecane,82.4845473245685,True,C12H26,env,env.csv
16.5295647567202,Dodecane,61.1979962949205,True,C12H26,env,env.csv
16.8446718986661,Methyl palmitate,58.5116238643299,True,C17H34O2,env,env.csv
17.1000980967481,Pentobarbital,52.2657426582138,True,C11H18N2O3,env,env.csv
17.1159394747919,Barbital,59.5206545819325,True,C8H12N2O3,env,env.csv
17.3097533526501,Dodecane,64.8518784664149,True,C12H26,env,env.csv
17.5281978554846,Dodecane,55.5716005173478,True,C12H26,env,env.csv
17.6139839592444,Dodecane,82.0796350618089,True,C12H26,env,env.csv
17.7137103707143,Dodecane,70.9757571736341,True,C12H26,env,env.csv
17.7777414439472,Dodecane,62.542059868455,True,C12H26,env,env.csv
18.1246704488544,Dodecane,72.6750899074377,True,C12H26,env,env.csv
18.3473427129023,Dodecane,74.9682685780846,True,C12H26,env,env.csv
18.6907514605907,Dodecane,53.5045918217237,True,C12H26,env,env.csv
18.7723784716257,Dodecane,80.9991284792753,True,C12H26,env,env.csv
18.9499387645344,Dodecane,56.1989776159296,True,C12H26,env,env.csv
19.2699716406378,Dodecane,68.4089046604139,True,C12H26,env,env.csv
19.4073886793408,Dodecane,53.3532323000684,True,C12H26,env,env.csv
19.4889519507257,Dodecane,56.7609249995895,True,C12H26,env,env.csv
19.6529320156927,Dodecane,59.3009195965792,True,C12H26,env,env.csv
19.8652197700871,Dodecane,65.0827956891582,True,C12H26,env,env.csv
19.9338693177364,Dodecane,65.3886726303437,True,C12H26,env,env.csv
20.1364811978623,Methyl palmitate,60.4029917268415,True,C17H34O2,env,env.csv
20.3315608909555,Dodecane,50.7993099535273,True,C12H26,env,env.csv
20.4717213256267,Methyl palmitate,54.1029026857174,True,C17H34O2,env,env.csv
20.6126721426739,Dodecane,56.0064965618839,True,C12H26,env,env.csv
20.898478539141,Dodecane,76.8176569078805,True,C12H26,env,env.csv
21.0082651709725,Dodecane,68.2361983633565,True,C12H26,env,env.csv
21.52392192397,Dodecane,56.2820762097297,True,C12H26,env,env.csv
21.6126252491609,Caffeine,58.6284251221497,True,C8H10N4O2,env,env.csv
21.8822264589597,Dodecane,73.721502776634,True,C12H26,env,env.csv
21.9278310208443,Dodecane,53.0838052195888,True,C12H26,env,env.csv
22.1386043276194,Methyl palmitate,91.4441081178878,True,C17H34O2,env,env.csv
22.5637257879374,Dodecane,53.2138802925466,True,C12H26,env,env.csv
22.8183997707176,Dodecane,76.9806177362078,True,C12H26,env,env.csv
5.28529421323334,Dodecane,66.798241563111,True,C12H26,env,env.csv
7.91176422696454,Dodecane,68.025977432025,True,C12H26,env,env.csv
9.19810344353244,Dodecane,58.7969971295628,True,C12H26,env,env.csv
10.2244505930771,Dodecane,53.6435011494775,True,C12H26,env,env.csv
10.7293121859435,Dodecane,66.2829033415472,True,C12H26,env,env.csv
12.1023262028949,Dodecane,57.7166580670356,True,C12H26,env,env.csv
13.6160222600542,Dodecane,81.1437315754925,True,C12H26,env,env.csv
13.7286622090723,Dodecane,60.1397725283107,True,C12H26,env,env.csv
14.9990287317195,Dodecane,50.9374406736585,True,C12H26,env,env.csv
15.0566188799891,Dodecane,76.5066655216999,True,C12H26,env,env.csv
15.1869574498532,Dodecane,59.7465028461881,True,C12H26,env,env.csv
16.2813825940484,Dodecane,62.1603459489104,True,C12H26,env,env.csv
16.3052392857561,Biphenyl,88.2439029360428,True,C12H10,env,env.csv
16.376577487333,Dodecane,77.5649967664235,True,C12H26,env,env.csv
16.5241901555203,Dodecane,58.2748863467913,True,C12H26,env,env.csv
17.608657016052,Dodecane,82.1301840694623,True,C12H26,env,env.csv
17.7725517026047,Dodecane,57.2066849217728,True,C12H26,env,env.csv
17.9034380693548,Methyl palmitate,53.8345525502662,True,C17H34O2,env,env.csv
18.6848362537927,Dodecane,56.2657423016292,True,C12H26,env,env.csv
18.7650139542936,Dodecane,79.4152824927419,True,C12H26,env,env.csv
18.9452396439869,Dodecane,50.4222985870503,True,C12H26,env,env.csv
19.4831959495959,Dodecane,58.6621018176111,True,C12H26,env,env.csv
19.8573598514215,Dodecane,71.4300819320331,True,C12H26,env,env.csv
20.1312259933137,Methyl palmitate,57.7941977360088,True,C17H34O2,env,env.csv
20.3304626326279,Dodecane,75.5507497386773,True,C12H26,env,env.csv
20.8918640251145,Dodecane,72.6818800165604,True,C12H26,env,env.csv
21.0038110186889,Dodecane,65.0737145965668,True,C12H26,env,env.csv
21.1002603220488,Caffeine,57.2494270886809,True,C8H10N4O2,env,env.csv
21.8790992757357,Dodecane,67.2424709246816,True,C12H26,env,env.csv
22.1406565458654,Methyl palmitate,84.4105122247122,True,C17H34O2,env,env.csv
23.7065383587278,Dodecane,56.3152523394704,True,C12H26,env,env.csv
24.3871025952411,Dodecane,55.0316637903764,True,C12H26,env,env.csv
24.6550570416821,Dodecane,51.9123301710747,True,C12H26,env,env.csv
25.7457569240147,Dodecane,52.9814727827459,True,C12H26,env,env.csv
3.19719479433634,Dodecane,54.7748558643807,True,C12H26,env,env.csv
5.05700456363964,Dodecane,51.1120802124772,True,C12H26,env,env.csv
5.29537108921919,Dodecane,69.919410580547,True,C12H26,env,env.csv
5.68802083055466,Dodecane,64.8890855414173,True,C12H26,env,env.csv
5.88165429092788,Dodecane,60.9846814876058,True,C12H26,env,env.csv
6.41145875554137,Dodecane,56.7240227484762,True,C12H26,env,env.csv
6.99838518475544,Dodecane,69.3179898922765,True,C12H26,env,env.csv
7.95264308428426,Dodecane,61.7129741462088,True,C12H26,env,env.csv
9.19362157340545,Dodecane,54.2227512463064,True,C12H26,env,env.csv
9.64779335490857,Dodecane,55.2422007755139,True,C12H26,env,env.csv
10.1441944090447,Dodecane,75.517345366736,True,C12H26,env,env.csv
10.2115077933687,Dodecane,58.0604517382173,True,C12H26,env,env.csv
10.4174972715508,Dodecane,84.1990471858587,True,C12H26,env,env.csv
10.7469974704695,Dodecane,61.9269158475408,True,C12H26,env,env.csv
11.262306847595,Dodecane,90.0669621824926,True,C12H26,env,env.csv
11.3657556873484,Dodecane,70.9905095505769,True,C12H26,env,env.csv
11.6625793653752,Dodecane,57.7569956014404,True,C12H26,env,env.csv
11.9498693937195,Dodecane,56.8561098453896,True,C12H26,env,env.csv
12.0507536539997,Dodecane,63.7206620966699,True,C12H26,env,env.csv
12.091843949564,Dodecane,57.2416759131062,True,C12H26,env,env.csv
13.1679277228069,Dodecane,63.9085386593281,True,C12H26,env,env.csv
13.4880916879579,Dodecane,60.4101621995766,True,C12H26,env,env.csv
13.6107216370826,Dodecane,96.1388722471883,True,C12H26,env,env.csv
13.7214586258554,Dodecane,60.6588275933582,True,C12H26,env,env.csv
14.7945183183034,Dodecane,80.2681651327148,True,C12H26,env,env.csv
14.9148447481778,Dodecane,63.4165942707019,True,C12H26,env,env.csv
14.9957971980582,Dodecane,61.445795386652,True,C12H26,env,env.csv
15.0531474419015,Dodecane,85.4298331505342,True,C12H26,env,env.csv
15.1794059435702,Dodecane,59.7189602672873,True,C12H26,env,env.csv
15.2821517377767,Dodecane,62.9709701751071,True,C12H26,env,env.csv
15.4214146914908,Dodecane,77.5166138151168,True,C12H26,env,env.csv
15.5513051703429,Dodecane,71.313478497572,True,C12H26,env,env.csv
15.6460804058036,Dodecane,67.7332238345954,True,C12H26,env,env.csv
15.681547594301,Dodecane,55.0041667798324,True,C12H26,env,env.csv
16.2779546264604,Dodecane,60.1119185493481,True,C12H26,env,env.csv
16.2964451095477,Biphenyl,92.5375960644594,True,C12H10,env,env.csv
16.3740927914335,Dodecane,85.755425187655,True,C12H26,env,env.csv
16.5200604236275,Dodecane,59.9997641977956,True,C12H26,env,env.csv
17.1076001659926,Pentobarbital,65.8585356500661,True,C11H18N2O3,env,env.csv
17.2994682465808,Dodecane,55.845749403164,True,C12H26,env,env.csv
17.5220886629241,Dodecane,55.8070054529562,True,C12H26,env,env.csv
17.5975977181239,Dodecane,81.8848552387926,True,C12H26,env,env.csv
17.7026790936038,Dodecane,79.0370423557147,True,C12H26,env,env.csv
17.768997348408,Dodecane,53.614188102283,True,C12H26,env,env.csv
18.1135035249271,Dodecane,69.7374499443109,True,C12H26,env,env.csv
18.2238467691261,Dodecane,50.598653831632,True,C12H26,env,env.csv
18.3380025848328,Dodecane,71.9953016671474,True,C12H26,env,env.csv
18.4375603797761,Dodecane,58.1586180993782,True,C12H26,env,env.csv
18.5933550142782,Dodecane,57.168864875236,True,C12H26,env,env.csv
18.682037899778,Dodecane,63.5322271601799,True,C12H26,env,env.csv
18.7616873614395,Dodecane,81.4464059156873,True,C12H26,env,env.csv
19.4816596278167,Dodecane,57.5078718057533,True,C12H26,env,env.csv
19.5465167674874,Dodecane,55.6264588602908,True,C12H26,env,env.csv
19.6442708586422,Dodecane,52.5849700737506,True,C12H26,env,env.csv
19.8539958613238,Dodecane,72.3123718234055,True,C12H26,env,env.csv
19.8585420819802,Barbital,55.7419128146611,True,C8H12N2O3,env,env.csv
19.9222287274109,Dodecane,67.8534704355001,True,C12H26,env,env.csv
20.0103580721502,Dodecane,56.4101341394957,True,C12H26,env,env.csv
20.3244289678313,Dodecane,63.489241365351,True,C12H26,env,env.csv
20.4555998219644,Dodecane,52.0197204940752,True,C12H26,env,env.csv
20.6029807933959,Dodecane,58.5589684821125,True,C12H26,env,env.csv
20.8936618928837,Dodecane,76.0200934518076,True,C12H26,env,env.csv
20.999944000504,Dodecane,67.4834077948954,True,C12H26,env,env.csv
21.0957388812224,Caffeine,55.5641852738783,True,C8H10N4O2,env,env.csv
22.4335368133991,Methyl palmitate,54.0070310696685,True,C17H34O2,env,env.csv
22.8074134561259,Dodecane,80.2673508060057,True,C12H26,env,env.csv
3.19719479433634,Dodecane,54.7748558643807,True,C12H26,env,env.csv
5.05700456363964,Dodecane,51.1120802124772,True,C12H26,env,env.csv
5.29537108921919,Dodecane,69.919410580547,True,C12H26,env,env.csv
5.68802083055466,Dodecane,64.8890855414173,True,C12H26,env,env.csv
5.88165429092788,Dodecane,60.9846814876058,True,C12H26,env,env.csv
6.41145875554137,Dodecane,56.7240227484762,True,C12H26,env,env.csv
6.99838518475544,Dodecane,69.3179898922765,True,C12H26,env,env.csv
7.95264308428426,Dodecane,61.7129741462088,True,C12H26,env,env.csv
9.19362157340545,Dodecane,54.2227512463064,True,C12H26,env,env.csv
9.64779335490857,Dodecane,55.2422007755139,True,C12H26,env,env.csv
10.1441944090447,Dodecane,75.517345366736,True,C12H26,env,env.csv
10.2115077933687,Dodecane,58.0604517382173,True,C12H26,env,env.csv
10.4174972715508,Dodecane,84.1990471858587,True,C12H26,env,env.csv
10.7469974704695,Dodecane,61.9269158475408,True,C12H26,env,env.csv
11.262306847595,Dodecane,90.0669621824926,True,C12H26,env,env.csv
11.3657556873484,Dodecane,70.9905095505769,True,C12H26,env,env.csv
11.6625793653752,Dodecane,57.7569956014404,True,C12H26,env,env.csv
11.9498693937195,Dodecane,56.8561098453896,True,C12H26,env,env.csv
12.0507536539997,Dodecane,63.7206620966699,True,C12H26,env,env.csv
12.091843949564,Dodecane,57.2416759131062,True,C12H26,env,env.csv
13.1679277228069,Dodecane,63.9085386593281,True,C12H26,env,env.csv
13.4880916879579,Dodecane,60.4101621995766,True,C12H26,env,env.csv
13.6107216370826,Dodecane,96.1388722471883,True,C12H26,env,env.csv
13.7214586258554,Dodecane,60.6588275933582,True,C12H26,env,env.csv
14.7945183183034,Dodecane,80.2681651327148,True,C12H26,env,env.csv
14.9148447481778,Dodecane,63.4165942707019,True,C12H26,env,env.csv
14.9957971980582,Dodecane,61.445795386652,True,C12H26,env,env.csv
15.0531474419015,Dodecane,85.4298331505342,True,C12H26,env,env.csv
15.1794059435702,Dodecane,59.7189602672873,True,C12H26,env,env.csv
15.2821517377767,Dodecane,62.9709701751071,True,C12H26,env,env.csv
15.4214146914908,Dodecane,77.5166138151168,True,C12H26,env,env.csv
15.5513051703429,Dodecane,71.313478497572,True,C12H26,env,env.csv
15.6460804058036,Dodecane,67.7332238345954,True,C12H26,env,env.csv
15.681547594301,Dodecane,55.0041667798324,True,C12H26,env,env.csv
16.2779546264604,Dodecane,60.1119185493481,True,C12H26,env,env.csv
16.2964451095477,Biphenyl,92.5375960644594,True,C12H10,env,env.csv
16.3740927914335,Dodecane,85.755425187655,True,C12H26,env,env.csv
16.5200604236275,Dodecane,59.9997641977956,True,C12H26,env,env.csv
17.1076001659926,Pentobarbital,65.8585356500661,True,C11H18N2O3,env,env.csv
17.2994682465808,Dodecane,55.845749403164,True,C12H26,env,env.csv
17.5220886629241,Dodecane,55.8070054529562,True,C12H26,env,env.csv
17.5975977181239,Dodecane,81.8848552387926,True,C12H26,env,env.csv
17.7026790936038,Dodecane,79.0370423557147,True,C12H26,env,env.csv
17.768997348408,Dodecane,53.614188102283,True,C12H26,env,env.csv
18.1135035249271,Dodecane,69.7374499443109,True,C12H26,env,env.csv
18.2238467691261,Dodecane,50.598653831632,True,C12H26,env,env.csv
18.3380025848328,Dodecane,71.9953016671474,True,C12H26,env,env.csv
18.4375603797761,Dodecane,58.1586180993782,True,C12H26,env,env.csv
18.5933550142782,Dodecane,57.168864875236,True,C12H26,env,env.csv
18.682037899778,Dodecane,63.5322271601799,True,C12H26,env,env.csv
18.7616873614395,Dodecane,81.4464059156873,True,C12H26,env,env.csv
19.4816596278167,Dodecane,57.5078718057533,True,C12H26,env,env.csv
19.5465167674874,Dodecane,55.6264588602908,True,C12H26,env,env.csv
19.6442708586422,Dodecane,52.5849700737506,True,C12H26,env,env.csv
19.8539958613238,Dodecane,72.3123718234055,True,C12H26,env,env.csv
19.8585420819802,Barbital,55.7419128146611,True,C8H12N2O3,env,env.csv
19.9222287274109,Dodecane,67.8534704355001,True,C12H26,env,env.csv
20.0103580721502,Dodecane,56.4101341394957,True,C12H26,env,env.csv
20.3244289678313,Dodecane,63.489241365351,True,C12H26,env,env.csv
20.4555998219644,Dodecane,52.0197204940752,True,C12H26,env,env.csv
20.6029807933959,Dodecane,58.5589684821125,True,C12H26,env,env.csv
20.8936618928837,Dodecane,76.0200934518076,True,C12H26,env,env.csv
20.999944000504,Dodecane,67.4834077948954,True,C12H26,env,env.csv
21.0957388812224,Caffeine,55.5641852738783,True,C8H10N4O2,env,env.csv
22.4335368133991,Methyl palmitate,54.0070310696685,True,C17H34O2,env,env.csv
22.8074134561259,Dodecane,80.2673508060057,True,C12H26,env,env.csv
5.88365,"Cyclotrisiloxane, hexamethyl-",97.93603084,True,C6H18O3Si3,blank,blank.csv
7.681033333,Styrene,94.21110173,True,C8H8,blank,blank.csv
7.931833333,Heptanal,91.20658788,True,C7H14O,blank,blank.csv
8.7196,"(1R)-2,6,6-Trimethylbicyclo[3.1.1]hept-2-ene",91.99257594,True,C10H16,blank,blank.csv
9.321717992,Benzaldehyde,95.81774801,True,C7H6O,blank,blank.csv
9.7485,Phenol,90.03470725,True,C6H6O,blank,blank.csv
9.8739,"5-Hepten-2-one, 6-methyl-",90.52436651,True,C8H14O,blank,blank.csv
10.08933333,"Cyclotetrasiloxane, octamethyl-",96.06957203,True,C8H24O4Si4,blank,blank.csv
10.19223333,Octanal,97.24944119,True,C8H16O,blank,blank.csv
10.69381667,"1-Hexanol, 2-ethyl-",97.23382279,True,C8H18O,blank,blank.csv
12.07641667,Nonanal,98.77953941,True,C9H18O,blank,blank.csv
13.70661667,Decanal,98.55937598,True,C10H20O,blank,blank.csv
18.8158,Diethyl Phthalate,94.39865359,True,C12H14O4,blank,blank.csv
19.31418333,Benzophenone,97.34008813,True,C13H10O,blank,blank.csv
3.33564748386079,Dodecane,63.8168192880391,True,C12H26,blank,blank.csv
5.27883706875497,Dodecane,53.7328184641919,True,C12H26,blank,blank.csv
8.97324537687733,Dodecane,50.5098780959093,True,C12H26,blank,blank.csv
9.18890395334621,Dodecane,60.3547651344612,True,C12H26,blank,blank.csv
9.97598633753895,Dodecane,50.9908927135468,True,C12H26,blank,blank.csv
10.214532915601,Dodecane,57.0249936777896,True,C12H26,blank,blank.csv
10.2809995583936,Pentobarbital,53.1555752839512,True,C11H18N2O3,blank,blank.csv
10.4236399612814,Dodecane,50.1180930180525,True,C12H26,blank,blank.csv
10.7162122231571,Dodecane,65.9840924415701,True,C12H26,blank,blank.csv
11.6740028380318,Dodecane,53.4915239531933,True,C12H26,blank,blank.csv
11.8851590889132,Dodecane,52.4129485112721,True,C12H26,blank,blank.csv
12.0026740564284,Dodecane,78.0988724844782,True,C12H26,blank,blank.csv
12.0949935103801,Dodecane,56.5780054965438,True,C12H26,blank,blank.csv
12.4227789134059,Methyl palmitate,55.1722349332767,True,C17H34O2,blank,blank.csv
12.6845870231423,Dodecane,53.9815659048761,True,C12H26,blank,blank.csv
12.844676038448,Dodecane,54.3555793155587,True,C12H26,blank,blank.csv
13.1685598656623,Dodecane,52.7722096252423,True,C12H26,blank,blank.csv
13.6128944388556,Dodecane,81.0689463794189,True,C12H26,blank,blank.csv
13.723655781553,Dodecane,58.9845457876194,True,C12H26,blank,blank.csv
13.980181821366,Methyl palmitate,57.1620925524493,True,C17H34O2,blank,blank.csv
15.055675307764,Dodecane,69.4352102200999,True,C12H26,blank,blank.csv
15.1840597664279,Dodecane,56.324132879483,True,C12H26,blank,blank.csv
15.2834455973504,Dodecane,50.0321222332454,True,C12H26,blank,blank.csv
16.2802248112799,Dodecane,53.0641917424637,True,C12H26,blank,blank.csv
16.2962632450517,Biphenyl,94.7143073284201,True,C12H10,blank,blank.csv
16.3772593680917,Dodecane,72.5166049027944,True,C12H26,blank,blank.csv
16.5233430543562,Dodecane,59.0436715481015,True,C12H26,blank,blank.csv
16.8964353387767,Dodecane,52.1136836437349,True,C12H26,blank,blank.csv
17.5206409180484,Dodecane,59.5285933264332,True,C12H26,blank,blank.csv
17.6064570191891,Dodecane,73.6747858589092,True,C12H26,blank,blank.csv
17.7710211452896,Dodecane,54.7423986660258,True,C12H26,blank,blank.csv
17.9022125919671,Methyl palmitate,59.6535640177045,True,C17H34O2,blank,blank.csv
18.3517190951702,Dodecane,69.5503793471111,True,C12H26,blank,blank.csv
18.6871223351851,Dodecane,63.3235031754905,True,C12H26,blank,blank.csv
18.7648653055476,Dodecane,77.0263706039654,True,C12H26,blank,blank.csv
18.9437417460046,Dodecane,55.2102075716882,True,C12H26,blank,blank.csv
19.4720507121607,Dodecane,50.254922087634,True,C12H26,blank,blank.csv
19.8573105632899,Dodecane,68.3083387522653,True,C12H26,blank,blank.csv
20.1285692366197,Methyl palmitate,62.826841930294,True,C17H34O2,blank,blank.csv
20.8954164515569,Dodecane,62.7569537373413,True,C12H26,blank,blank.csv
21.0029556753728,Dodecane,65.2822933773259,True,C12H26,blank,blank.csv
3.33024164831171,Dodecane,62.1817324872664,True,C12H26,blank,blank.csv
5.2737737193464,Dodecane,75.7976040824482,True,C12H26,blank,blank.csv
6.62674048263502,Dodecane,50.4827109139855,True,C12H26,blank,blank.csv
7.56508423907538,Dodecane,50.8273896104813,True,C12H26,blank,blank.csv
7.92751133191261,Dodecane,54.4458071301142,True,C12H26,blank,blank.csv
9.15637305292405,Dodecane,63.6893442026324,True,C12H26,blank,blank.csv
9.52003899655685,Dodecane,56.4438815266499,True,C12H26,blank,blank.csv
9.94992897378831,Dodecane,71.475963410959,True,C12H26,blank,blank.csv
10.119102223841,Dodecane,69.3716544893083,True,C12H26,blank,blank.csv
10.2567538012727,Pentobarbital,51.0602837871875,True,C11H18N2O3,blank,blank.csv
10.2567589797415,Butethal,50.0434267114231,True,C10H16N2O3,blank,blank.csv
10.3976986065396,Dodecane,57.4149879141149,True,C12H26,blank,blank.csv
10.7008529881027,Dodecane,66.0940598082203,True,C12H26,blank,blank.csv
11.2065462687383,Dodecane,50.750009619964,True,C12H26,blank,blank.csv
11.9835991180047,Dodecane,74.1720596956505,True,C12H26,blank,blank.csv
12.0750981882677,Dodecane,56.8397154613997,True,C12H26,blank,blank.csv
13.5919176592267,Dodecane,72.8470347175015,True,C12H26,blank,blank.csv
13.7051921755364,Dodecane,59.3067240888724,True,C12H26,blank,blank.csv
13.8176902758852,Dodecane,55.2799939575906,True,C12H26,blank,blank.csv
14.0504297315623,Dodecane,58.5128174073581,True,C12H26,blank,blank.csv
14.5415584054802,Dodecane,58.304524833422,True,C12H26,blank,blank.csv
15.0395321918514,Dodecane,66.9893156007217,True,C12H26,blank,blank.csv
15.1628262198705,Dodecane,62.7620007116584,True,C12H26,blank,blank.csv
15.2657630050584,Dodecane,60.4319800207819,True,C12H26,blank,blank.csv
15.4086803253345,Dodecane,59.2802135014386,True,C12H26,blank,blank.csv
15.9390521391587,Methyl palmitate,53.0653980023505,True,C17H34O2,blank,blank.csv
15.9885993351096,Dodecane,53.5929506001143,True,C12H26,blank,blank.csv
16.2631085614974,Dodecane,61.1550586046347,True,C12H26,blank,blank.csv
16.2805470636723,Biphenyl,97.0444319148949,True,C12H10,blank,blank.csv
16.3613212995766,Dodecane,87.4895178099129,True,C12H26,blank,blank.csv
16.6361015113371,Barbital,62.9514532017521,True,C8H12N2O3,blank,blank.csv
16.7303372835239,Dodecane,50.1154340441977,True,C12H26,blank,blank.csv
16.8221114165506,Dodecane,63.2693765724255,True,C12H26,blank,blank.csv
16.9828216507813,Dodecane,60.1311172321497,True,C12H26,blank,blank.csv
17.1397587905835,Dodecane,60.4477018594202,True,C12H26,blank,blank.csv
17.1674603358607,Dodecane,61.0684717726934,True,C12H26,blank,blank.csv
17.2461851434243,Dodecane,63.9944781995934,True,C12H26,blank,blank.csv
17.3062232042384,Dodecane,71.1654603555887,True,C12H26,blank,blank.csv
17.5054179530873,Dodecane,76.1532608466571,True,C12H26,blank,blank.csv
17.5925935354262,Dodecane,82.4095909750144,True,C12H26,blank,blank.csv
17.6932543569767,Dodecane,80.5672239711158,True,C12H26,blank,blank.csv
17.888695336763,Methyl palmitate,55.1269181509006,True,C17H34O2,blank,blank.csv
17.980961694538,Dodecane,60.6603047565445,True,C12H26,blank,blank.csv
18.0292777753609,Dodecane,70.2023545534378,True,C12H26,blank,blank.csv
18.1037139590586,Dodecane,61.0987544053701,True,C12H26,blank,blank.csv
18.2109113111382,Dodecane,66.8925425304779,True,C12H26,blank,blank.csv
18.2779397809265,Dodecane,70.0403304493633,True,C12H26,blank,blank.csv
18.3345741016562,Dodecane,73.9430751969603,True,C12H26,blank,blank.csv
18.4254344655337,Dodecane,67.6346526229154,True,C12H26,blank,blank.csv
18.6732873315508,Dodecane,64.3131411588979,True,C12H26,blank,blank.csv
18.7533123182794,Dodecane,84.4942689505685,True,C12H26,blank,blank.csv
18.9252829454425,Dodecane,63.7535993184093,True,C12H26,blank,blank.csv
19.0510415235542,Dodecane,51.9798893252609,True,C12H26,blank,blank.csv
19.1558747968735,Dodecane,68.4029113283769,True,C12H26,blank,blank.csv
19.2986391723349,Dodecane,52.9682636796627,True,C12H26,blank,blank.csv
19.5444760064821,Dodecane,53.0991936442798,True,C12H26,blank,blank.csv
19.6550819997904,Dodecane,50.9775584315437,True,C12H26,blank,blank.csv
19.8866754697711,Dodecane,53.9492369518085,True,C12H26,blank,blank.csv
20.0074544725439,Dodecane,51.7987240792664,True,C12H26,blank,blank.csv
20.4554501846877,Methyl palmitate,58.5766889430649,True,C17H34O2,blank,blank.csv
22.4795205795024,Dodecane,67.283079265738,True,C12H26,blank,blank.csv
22.5401968739423,Dodecane,57.2933675061171,True,C12H26,blank,blank.csv
22.7966107366248,Dodecane,73.6229581780054,True,C12H26,blank,blank.csv
22.88739282864,Dodecane,66.7745290838596,True,C12H26,blank,blank.csv
22.9796574243655,Dodecane,61.3561346144169,True,C12H26,blank,blank.csv
23.4731593243253,Dodecane,52.3557381815899,True,C12H26,blank,blank.csv
2.00243333333333,L-Cysteine sulfinic acid,83.4924490604486,True,C3H7NO4S,blank,blank.csv
2.1857,Acetone,91.1644381509589,True,C3H6O,blank,blank.csv
2.46221666666667,n-Butyl nitrite,75.4679925651149,True,C4H9NO2,blank,blank.csv
2.52331666666667,n-Hexane,95.7291727592778,True,C6H14,blank,blank.csv
2.98955,Benzene,89.6521025060916,True,C6H6,blank,blank.csv
3.08278333333333,"2-Propanol, 1-methoxy-",57.7524693987234,True,C4H10O2,blank,blank.csv
3.32715,Pentanal,65.9366894377051,True,C5H10O,blank,blank.csv
3.50721666666667,"4,6-Dimethyl-5-nitromethylheptan-3-one",62.1421519801087,True,C10H19NO3,blank,blank.csv
3.95736666666667,"2-Pentanol, 3-chloro-4-methyl-, (R*,S*)-(.+/-.)-",75.6944165871199,True,C6H13ClO,blank,blank.csv
4.24996666666667,3-Chlorobenzaldehyde semicarbazone,54.6303191819459,True,C8H8ClN3O,blank,blank.csv
4.5104,"Benzaldehyde, 3-benzyloxy-2-fluoro-4-methoxy-",74.3541633062465,True,C15H13FO3,blank,blank.csv
5.08916666666667,4-Ethylbenzamide,63.5910672483872,True,C9H11NO,blank,blank.csv
5.29211639324982,Hexanal,86.9609404616087,True,C6H12O,blank,blank.csv
5.88658333333333,"Cyclotrisiloxane, hexamethyl-",98.076098481072,True,C6H18O3Si3,blank,blank.csv
6.2274,Pilocarpine,68.1175216296595,True,C11H16N2O2,blank,blank.csv
6.90585,"1-Hexyn-3-ol, 3,5-dimethyl-",69.4889216019321,True,C8H14O,blank,blank.csv
7.15021666666667,"Benzeneethanol, .alpha.,.beta.-dimethyl-",75.8818956147566,True,C10H14O,blank,blank.csv
7.46531666666667,d-Mannose,62.5381788627035,True,C6H12O6,blank,blank.csv
7.57785,"2-Octyn-1-ol, 7-[(tetrahydro-2H-pyran-2-yl)oxy]-",64.4721882968244,True,C13H22O3,blank,blank.csv
7.68815010609139,Styrene,92.931509990633,True,C8H8,blank,blank.csv
7.74183333333333,Cyclohexanone,63.9248790281591,True,C6H10O,blank,blank.csv
7.94118333333333,Heptanal,87.1699861437356,True,C7H14O,blank,blank.csv
8.05373333333333,"Ethanol, 2-butoxy-",68.567261783138,True,C6H14O2,blank,blank.csv
8.27558333333333,"Glycine, N-(N-DL-leucylglycyl)-",56.6957340300495,True,C10H19N3O4,blank,blank.csv
8.72251666666667,"(1R)-2,6,6-Trimethylbicyclo[3.1.1]hept-2-ene",82.9174725349694,True,C10H16,blank,blank.csv
8.8865,"2-Propanol, 1-butoxy-",78.0654621699575,True,C7H16O2,blank,blank.csv
9.19518333333333,"Vanillin, TBDMS derivative",76.5267188416925,True,C14H22O3Si,blank,blank.csv
9.32058333333333,Benzaldehyde,97.0703661697244,True,C7H6O,blank,blank.csv
9.50706666666667,"Heptane, 2-chloro-",62.6772363957465,True,C7H15Cl,blank,blank.csv
9.60353333333333,"3-Heptene, 4-propyl-",62.9731348570478,True,C10H20,blank,blank.csv
9.77715,Phenol,85.2264381137943,True,C6H6O,blank,blank.csv
9.87361666666667,"5-Hepten-2-one, 6-methyl-",88.5207580592488,True,C8H14O,blank,blank.csv
9.9733,"Furan, 2-pentyl-",87.4398827583147,True,C9H14O,blank,blank.csv
10.02795,"Benzenamine, N,N-dimethyl-",82.489653553666,True,C8H11N,blank,blank.csv
10.0954833333333,"Cyclotetrasiloxane, octamethyl-",95.6965780606993,True,C8H24O4Si4,blank,blank.csv
10.2273,"Ethanol, 2-(2-ethoxyethoxy)-",88.8420823164273,True,C6H14O3,blank,blank.csv
10.3687833333333,"2,4-Heptadienal, (E,E)-",78.9672612111971,True,C7H10O,blank,blank.csv
10.4491666666667,"2-Propanol, 1-(2-methoxypropoxy)-",72.4065805979374,True,C7H16O3,blank,blank.csv
10.61315,"1,3,4-Trimethoxy-butan-2-ol",65.7443146409116,True,C7H16O4,blank,blank.csv
10.6517333333333,"Benzene, 1-methyl-3-(1-methylethyl)-",67.7486953523514,True,C10H14,blank,blank.csv
10.705047220991,"1-Hexanol, 2-ethyl-",97.6674752370108,True,C8H18O,blank,blank.csv
10.84465,"dl-Erythro-1-phenyl-1,2-propanediol",80.0964297760708,True,C9H12O2,blank,blank.csv
10.9121833333333,"Cyclohexanecarboxylic acid, 3,5-difluorophenyl ester",65.09726089205,True,C13H14F2O2,blank,blank.csv
11.03115,"Benzaldehyde, 2-hydroxy-",77.7821037643883,True,C7H6O2,blank,blank.csv
11.1404666666667,"2,6-Heptanedione, 3-acetyl-",74.5998773710852,True,C9H14O3,blank,blank.csv
11.22085,"2(3H)-Furanone, 5-ethyldihydro-",84.1011581563024,True,C6H10O2,blank,blank.csv
11.2594333333333,Azeleonitrile,63.9654935302341,True,C9H14N2,blank,blank.csv
11.462,Acetophenone,88.5213148886105,True,C8H8O,blank,blank.csv
11.66135,"2-Fluoro-3-(trifluoromethyl)phenol, isopropyl ether",68.1345198323952,True,C10H10F4O,blank,blank.csv
11.7353,"Benzene, 1-ethenyl-3,5-dimethyl-",84.3736428829744,True,C10H12,blank,blank.csv
11.7996166666667,1-(2-Methylenecyclopentyl)-1-phenylethanol,70.9549517339682,True,C14H18O,blank,blank.csv
11.8671333333333,1-Phenyl-1-butene,74.7231182683206,True,C10H12,blank,blank.csv
11.95395,"2H-Pyran-2-one, tetrahydro-6-pentyl-",67.1155466162666,True,C10H18O2,blank,blank.csv
12.0343333333333,"2,6,9-Undecatrione",60.7727430252248,True,C11H18O3,blank,blank.csv
12.0825666666667,Nonanal,98.8273719159745,True,C9H18O,blank,blank.csv
12.1726,"2,5-Dihydroxybenzaldehyde, 2TMS derivative",70.8575912055644,True,C13H22O3Si2,blank,blank.csv
12.2562,"4-Octenoic acid, methyl ester, (Z)-",77.4986668954051,True,C9H16O2,blank,blank.csv
12.4041,"Octanoic acid, methyl ester",82.1406987711978,True,C9H18O2,blank,blank.csv
12.4877,"Acetic acid, trifluoro-, nonyl ester",74.3439799434325,True,C11H19F3O2,blank,blank.csv
12.5584333333333,1-Undecanol,83.0527241671128,True,C11H24O,blank,blank.csv
12.6098833333333,"Pentanedioic acid, dimethyl ester",61.1359345495538,True,C7H12O4,blank,blank.csv
12.6709833333333,"1-Benzoxirene-2,5-dione, 4-(3-oxobutyl)hexahydro-3,3,4-trimethyl",53.2104276950191,True,C13H18O4,blank,blank.csv
12.72885,"Octadecanal, 2-bromo-",66.562767656039,True,C18H35BrO,blank,blank.csv
12.8574666666667,2-[(Trimethylsilyl)oxy]-2-{4-[(trimethylsilyl)oxy]phenyl}ethanamine,76.8627590737448,True,C14H27NO2Si2,blank,blank.csv
12.96035,1-(2-Trifluoromethylphenyl)imidazoline-2-thione,61.4871933652661,True,C10H7F3N2S,blank,blank.csv
13.0053666666667,"2-Nonenal, (E)-",76.4564574222996,True,C9H16O,blank,blank.csv
13.10505,Methyl N-(N-benzyloxycarbonyl-beta-l-aspartyl)-beta-d-glucosaminide,67.7375048020932,True,C19H26N2O10,blank,blank.csv
13.1597166666667,Z-10-Tetradecen-1-ol acetate,82.2241108356625,True,C16H30O2,blank,blank.csv
13.27225,trans-Verbenyl laureate,65.8842731148317,True,C22H38O2,blank,blank.csv
13.3847833333333,"Ethanol, 2-(2-ethoxyethoxy)-, acetate",76.0104464277643,True,C8H16O4,blank,blank.csv
13.4169333333333,"Cyclopentane, 1-ethyl-3-methyl-",70.2879691942506,True,C8H16,blank,blank.csv
13.4780333333333,"Ethanol, 1-(2-butoxyethoxy)-",96.1382667220439,True,C8H18O3,blank,blank.csv
13.5294833333333,"Cycloocta-1,3,6-triene, 2,3,5,5,8,8-hexamethyl-",83.9787924792177,True,C14H22,blank,blank.csv
13.597,Dodecane,90.7000734441827,True,C12H26,blank,blank.csv
13.7095333333333,Decanal,97.1143929728712,True,C10H20O,blank,blank.csv
13.7513333333333,3-(4-Isopropylphenyl)-2-methylpropionaldehyde,84.5748248400046,True,C13H18O,blank,blank.csv
13.8124333333333,"Decane, 2,3,7-trimethyl-",72.6631463149292,True,C13H28,blank,blank.csv
13.8863833333333,"Bicyclo[3.1.1]hept-3-en-2-one, 4,6,6-trimethyl-",77.8363408624351,True,C10H14O,blank,blank.csv
13.9892666666667,"Ethanol, 2-phenoxy-",93.8801583794064,True,C8H10O2,blank,blank.csv
14.04715,"Cyclopentanol, 3-(carbmethoxy)methyl-",68.6715467266989,True,C8H14O3,blank,blank.csv
14.1339666666667,Benzothiazole,78.2068837343087,True,C7H5NS,blank,blank.csv
14.2625833333333,"2-Propanol, 1-(2-butoxy-1-methylethoxy)-",91.0965598525087,True,C10H22O3,blank,blank.csv
14.3333166666667,"2-Propanol, 1-(2-butoxy-1-methylethoxy)-",91.7106225901134,True,C10H22O3,blank,blank.csv
14.4265666666667,"Butanoic acid, 2-ethyl-2,3,3-trimethyl-",69.0851173089405,True,C9H18O2,blank,blank.csv
14.5455333333333,.gamma.-Dodecalactone,83.7412273560026,True,C12H22O2,blank,blank.csv
14.5841166666667,1-((1-Butoxypropan-2-yl)oxy)propan-2-yl isobutyl carbonate,72.0890747870966,True,C15H30O5,blank,blank.csv
14.63555,Neodecanoic acid,57.0847194119149,True,C10H20O2,blank,blank.csv
14.6934333333333,Nonanoic acid,79.0442417681548,True,C9H18O2,blank,blank.csv
14.7673833333333,"Butanoic acid, 2-ethyl-2,3,3-trimethyl-",69.986141638933,True,C9H18O2,blank,blank.csv
14.8059666666667,"Hexanoic acid, 2-ethyl-, methyl ester",67.7230417325288,True,C9H18O2,blank,blank.csv
14.9313666666667,"3,5-Dodecadiyne, 2-methyl-",68.939831362494,True,C13H20,blank,blank.csv
15.0053166666667,"12-Tridecynoic acid, methyl ester",78.8353024734045,True,C14H24O2,blank,blank.csv
15.03105,Tridecane,58.2147153381531,True,C13H28,blank,blank.csv
15.1693,1-Dodecen-3-ol,76.5776313450204,True,C12H24O,blank,blank.csv
15.2689833333333,"Cyclopropaneoctanoic acid, 2-hexyl-, methyl ester",74.8591835879733,True,C18H34O2,blank,blank.csv
15.32685,"2,4-Decadienal, (E,E)-",81.7625686958937,True,C10H16O,blank,blank.csv
15.3911666666667,"3-Chloropropionic acid, heptadecyl ester",71.5315234271989,True,C20H39ClO2,blank,blank.csv
15.5004833333333,Methyl 8-oxooctanoate,95.3120585026157,True,C9H16O3,blank,blank.csv
15.6741166666667,Triacetin,94.4657131901509,True,C9H14O6,blank,blank.csv
15.7191333333333,"Tricyclo[6.3.0.0(2,7)]undecane-1,3,7-triol",68.4762642288914,True,C13H22O3,blank,blank.csv
15.7609333333333,"2,4,4-Trimethyl-3-(3-methylbutyl)cyclohex-2-enone",68.0956452335398,True,C14H24O,blank,blank.csv
15.9152666666667,"Ethanol, 2-(2-butoxyethoxy)-, acetate",88.2188437420125,True,C10H20O4,blank,blank.csv
15.9892166666667,"2(3H)-Furanone, dihydro-5-pentyl-",86.9328194003353,True,C9H16O2,blank,blank.csv
16.0278,1-Dodecanol,80.9031164264478,True,C12H26O,blank,blank.csv
16.07925,"Ethanone, 1-(2,3-dihydro-1H-inden-5-yl)-",78.5615424105581,True,C11H12O,blank,blank.csv
16.1435666666667,"Propanoic acid, 2-methyl-, 3-hydroxy-2,2,4-trimethylpentyl ester",89.4099827078661,True,C12H24O3,blank,blank.csv
16.2078666666667,"Cyclohexane, 1,2-diethyl-3-methyl-",62.9283461124923,True,C11H22,blank,blank.csv
16.2625333333333,E-15-Heptadecenal,84.1275815290224,True,C17H32O,blank,blank.csv
16.3622,Tetradecane,88.2720178483403,True,C14H30,blank,blank.csv
16.5101166666667,"6,7,8,9-Tetrahydro-5H-[1,2,4]triazolo[1,5-a]azepin-2-ylamine",83.4971177092034,True,C7H12N4,blank,blank.csv
16.6162166666667,"2,4,7,9-Tetramethyl-5-decyn-4,7-diol",96.526920537236,True,C14H26O2,blank,blank.csv
16.7190348794808,"4-Chlorobutyric acid, pentadecyl ester",83.2473896406679,True,C19H37ClO2,blank,blank.csv
16.7576833333333,"1-Hexadecanol, 2-methyl-",68.1197123009776,True,C17H36O,blank,blank.csv
16.8348666666667,"Nonanoic acid, 9-oxo-, methyl ester",96.5190503539119,True,C10H18O3,blank,blank.csv
16.9281,"1-Octanol, 2-butyl-",83.6804940692446,True,C12H26O,blank,blank.csv
16.97955,"1-Dodecanol, 3,7,11-trimethyl-",84.7453370993795,True,C15H32O,blank,blank.csv
17.08565,"5,9-Undecadien-2-one, 6,10-dimethyl-, (E)-",76.6770559043531,True,C13H22O,blank,blank.csv
17.1306666666667,"1-Dodecanol, 3,7,11-trimethyl-",87.4671563083754,True,C15H32O,blank,blank.csv
17.16925,Dimethyl phthalate,71.2443368916406,True,C10H10O4,blank,blank.csv
17.2432166666667,Eicosyl octyl ether,74.9841941012995,True,C28H58O,blank,blank.csv
17.2978666666667,n-Tridecan-1-ol,92.6463093560417,True,C13H28O,blank,blank.csv
17.3654,"Nonane, 2-bromo-5-ethyl-",71.4123423048455,True,C11H23Br,blank,blank.csv
17.4039833333333,"2-Propenoic acid, (1-methyl-1,2-ethanediyl)bis[oxy(methyl-2,1-ethanediyl)] ester",78.9876697631324,True,C15H24O6,blank,blank.csv
17.4522,"2-Propenoic acid, (1-methyl-1,2-ethanediyl)bis[oxy(methyl-2,1-ethanediyl)] ester",82.46621719792,True,C15H24O6,blank,blank.csv
17.5100833333333,"Phosphonofluoridic acid, ethyl-, nonyl ester",72.5887404692826,True,C11H24FO2P,blank,blank.csv
17.5518833333333,"2,6-Dihydroxyacetophenone, 2TMS derivative",78.3139087703688,True,C14H24O3Si2,blank,blank.csv
17.5936833333333,Pentadecane,70.5109345684839,True,C15H32,blank,blank.csv
17.6322666666667,"Cyclohexane, 1,2-diethyl-3-methyl-",83.5853596156327,True,C11H22,blank,blank.csv
17.6837166666667,"1-Decanol, 2-hexyl-",90.2666252487651,True,C16H34O,blank,blank.csv
17.7641,"1-Decanol, 2-hexyl-",88.1890024782099,True,C16H34O,blank,blank.csv
17.79625,"2,4-Di-tert-butylphenol",84.1461330634551,True,C14H22O,blank,blank.csv
17.86055,"Acetic acid, 2-(2,2,6-trimethyl-7-oxa-bicyclo[4.1.0]hept-1-yl)-propenyl ester",58.015821146194,True,C14H22O3,blank,blank.csv
17.8862833333333,"Dodecanoic acid, methyl ester",63.86645957781,True,C13H26O2,blank,blank.csv
17.92165,n-Tridecan-1-ol,82.5092847901244,True,C13H28O,blank,blank.csv
17.9570166666667,11-Methyldodecanol,83.8840154857388,True,C13H28O,blank,blank.csv
17.9795333333333,"Propanol, [(butoxymethylethoxy)methylethoxy]-",53.2662767581168,True,C13H28O4,blank,blank.csv
18.0181166666667,"1-Decanol, 2-hexyl-",89.195838406906,True,C16H34O,blank,blank.csv
18.1081333333333,"Hexadecane, 2,6,10,14-tetramethyl-",68.3478105846986,True,C20H42,blank,blank.csv
18.1660166666667,"Cyclohexane, [6-cyclopentyl-3-(3-cyclopentylpropyl)hexyl]-",59.9646631242112,True,C25H46,blank,blank.csv
18.21425,"Dodecane, 5,8-diethyl-",65.1120936485037,True,C16H34,blank,blank.csv
18.27855,"Heptadecane, 9-hexyl-",68.3810887710378,True,C23H48,blank,blank.csv
18.3332166666667,"Pentadecane, 2,6,10,14-tetramethyl-",87.0078985924279,True,C19H40,blank,blank.csv
18.42325,"Pentadecane, 8-hexyl-",83.3482625546992,True,C21H44,blank,blank.csv
18.4939833333333,n-Tridecan-1-ol,91.0150586029652,True,C13H28O,blank,blank.csv
18.57115,"2-Benzoyloxy-1,1,10-trimethyl-6,9-epidioxydecalin",61.8637807652013,True,C20H26O4,blank,blank.csv
18.61295,E-2-Hexenyl benzoate,62.6959064151034,True,C13H16O2,blank,blank.csv
18.67405,1-Nonadecene,92.4957398152839,True,C19H38,blank,blank.csv
18.7576333333333,Hexadecane,97.3291676470709,True,C16H34,blank,blank.csv
18.8348166666667,"2,2,4-Trimethyl-1,3-pentanediol diisobutyrate",76.8001003141966,True,C16H30O4,blank,blank.csv
18.9312666666667,Tetradecanal,80.2328454418693,True,C14H28O,blank,blank.csv
18.9923666666667,"Dodecane, 5,8-diethyl-",63.5413088117913,True,C16H34,blank,blank.csv
19.0502333333333,"Dodecanoic acid, 1-methylethyl ester",93.8239616915435,True,C15H30O2,blank,blank.csv
19.1242,"1-Hexadecanol, 2-methyl-",68.1077566429517,True,C17H36O,blank,blank.csv
19.15635,"Heptadecane, 9-hexyl-",58.0264160369335,True,C23H48,blank,blank.csv
19.1852833333333,"Benzene, (1-pentylhexyl)-",69.3650568387717,True,C17H28,blank,blank.csv
19.2238666666667,4-Amino-7-diethylamino-chromen-2-one,77.9793378946231,True,C13H16N2O2,blank,blank.csv
19.32355,Benzophenone,97.6728772501556,True,C13H10O,blank,blank.csv
19.3942833333333,"Dodecane, 5,8-diethyl-",72.2256461381489,True,C16H34,blank,blank.csv
19.45215,"Cyclopentaneacetic acid, 3-oxo-2-pentyl-, methyl ester",72.5517413005129,True,C13H22O3,blank,blank.csv
19.5389666666667,"Heptadecane, 9-hexyl-",70.0535945329444,True,C23H48,blank,blank.csv
19.5807666666667,"Benzene, (1-ethylnonyl)-",76.6830142195684,True,C17H28,blank,blank.csv
19.63865,E-14-Hexadecenal,76.6327410659125,True,C16H30O,blank,blank.csv
19.72225,"1-Penten-3-one, 1-(2,6,6-trimethyl-1-cyclohexen-1-yl)-",69.4225644257291,True,C14H22O,blank,blank.csv
19.7769166666667,1-Tetradecanol,85.5746261517604,True,C14H30O,blank,blank.csv
19.84765,Heptadecane,86.4558073651369,True,C17H36,blank,blank.csv
19.9151666666667,"Pentadecane, 2,6,10,14-tetramethyl-",78.2913538142294,True,C19H40,blank,blank.csv
19.9987666666667,"Methanone, (1-hydroxycyclohexyl)phenyl-",83.1648768501397,True,C13H16O2,blank,blank.csv
20.0759333333333,"Benzoic acid, 2-ethylhexyl ester",68.4015522855241,True,C15H22O2,blank,blank.csv
20.12095,Methyl tetradecanoate,85.287926435833,True,C15H30O2,blank,blank.csv
20.2334833333333,"Benzene, (1-pentylheptyl)-",63.6795730135034,True,C18H30,blank,blank.csv
20.2720666666667,"2,6-Diisopropylnaphthalene",82.8588297720346,True,C16H20,blank,blank.csv
20.31065,Heneicosane,68.9741459659678,True,C21H44,blank,blank.csv
20.35245,"2,6-Diisopropylnaphthalene",84.4266162138808,True,C16H20,blank,blank.csv
20.4039,"Octadecane, 1-chloro-",67.7169217450547,True,C18H37Cl,blank,blank.csv
20.4521333333333,Pentacosane,72.8281110170797,True,C25H52,blank,blank.csv
20.51965,"Octanal, 2-(phenylmethylene)-",68.7269686759916,True,C15H20O,blank,blank.csv
20.6129,1-Hexadecanesulfonyl chloride,67.8083635030048,True,C16H33ClO2S,blank,blank.csv
20.7029333333333,"2-Ethylbutyric acid, eicosyl ester",63.354121263011,True,C26H52O2,blank,blank.csv
20.9440833333333,17-Pentatriacontene,54.3907987134555,True,C35H70,blank,blank.csv
21.0534,"2,4-Diphenyl-4-methyl-1-pentene",67.1066074208577,True,C18H20,blank,blank.csv
21.16595,"3,6-Dioxa-2,4,5,7-tetrasilaoctane, 2,2,4,4,5,5,7,7-octamethyl-",64.4133223955317,True,C10H30O2Si4,blank,blank.csv
21.48105,"2,4-Diphenyl-4-methyl-2(E)-pentene",63.2364783249475,True,C18H20,blank,blank.csv
21.8411666666667,"Heptadecane, 9-hexyl-",50.642163393812,True,C23H48,blank,blank.csv
22.2600773871051,"Hexadecane, 2,6,10,14-tetramethyl-",78.3445125511984,True,C20H42,blank,blank.csv
22.3459833333333,"Octadecane, 2-methyl-",71.9341533419057,True,C19H40,blank,blank.csv
22.4135,"Heptadecane, 9-hexyl-",79.1714659373709,True,C23H48,blank,blank.csv
22.4585166666667,"Heptadecane, 9-octyl-",76.8875470181052,True,C25H52,blank,blank.csv
22.4971,"Octadecane, 1,1'-oxybis-",62.2208975283507,True,C36H74O,blank,blank.csv
22.5421166666667,"Nonadecane, 2,3-dimethyl-",86.7705208246309,True,C21H44,blank,blank.csv
22.59035,Heptylcyclohexane,53.1740323426583,True,C13H26,blank,blank.csv
22.69645,"1H-1,2,4-Triazole, 1-octadecanoyl-",64.2378491223943,True,C20H37N3O,blank,blank.csv
22.7479,"Ethanol, 2-(octadecyloxy)-",67.500069606904,True,C20H42O2,blank,blank.csv
22.79935,Eicosane,96.8370006821756,True,C20H42,blank,blank.csv
22.8925833333333,"5,5-Diethylheptadecane",72.1397943351846,True,C21H44,blank,blank.csv
22.9794,"12-Hydroxyoctadecanethioic acid, S-t-butyl ester",54.5190103652234,True,C22H44O2S,blank,blank.csv
23.0276333333333,Isopropyl palmitate,59.6665036651932,True,C19H38O2,blank,blank.csv
23.11445,"Heptadecane, 9-hexyl-",59.5308929694871,True,C23H48,blank,blank.csv
23.15625,"Eicosane, 2-methyl-",67.38069575022,True,C21H44,blank,blank.csv
23.3684666666667,"Heptadecane, 9-hexyl-",54.3239593892312,True,C23H48,blank,blank.csv
23.40705,2-Hydroxy-2-octylsebacic acid,51.7194732261532,True,C18H34O5,blank,blank.csv
23.4842166666667,"10,18-Bisnorabieta-8,11,13-triene",76.0124595968252,True,C18H26,blank,blank.csv
2.64293424333439,Barbital,58.4947213150529,True,C8H12N2O3,blank,blank.csv
5.29152134786345,Dodecane,76.8868225247553,True,C12H26,blank,blank.csv
7.94806574783178,Dodecane,60.8857473633638,True,C12H26,blank,blank.csv
10.2292573997844,Dodecane,62.074480020012,True,C12H26,blank,blank.csv
10.7547336286866,Dodecane,62.9472556731601,True,C12H26,blank,blank.csv
12.1058194117151,Dodecane,58.2502307049988,True,C12H26,blank,blank.csv
13.6193754582061,Dodecane,87.9065225435541,True,C12H26,blank,blank.csv
13.7332914417534,Dodecane,61.9873136938339,True,C12H26,blank,blank.csv
14.7940067500655,Dodecane,54.7989058440016,True,C12H26,blank,blank.csv
15.0596832703071,Dodecane,75.4783163580277,True,C12H26,blank,blank.csv
15.1939288222398,Dodecane,63.1323414184765,True,C12H26,blank,blank.csv
16.3078160957887,Biphenyl,92.1430725091062,True,C12H10,blank,blank.csv
16.3821795941878,Dodecane,86.0355871796874,True,C12H26,blank,blank.csv
16.5324004819466,Dodecane,60.1061991685276,True,C12H26,blank,blank.csv
16.5693542397333,Secobarbital,52.0320568000843,True,C12H18N2O3,blank,blank.csv
17.3089155539927,Dodecane,53.3161498321088,True,C12H26,blank,blank.csv
17.528011298783,Dodecane,54.7000974108855,True,C12H26,blank,blank.csv
17.6069664834886,Dodecane,78.9500786404791,True,C12H26,blank,blank.csv
17.6125956423112,Dodecane,73.2246107769483,True,C12H26,blank,blank.csv
17.7797074423182,Dodecane,59.1998821774613,True,C12H26,blank,blank.csv
18.1231707750452,Dodecane,65.7939900391168,True,C12H26,blank,blank.csv
18.3400364810174,Dodecane,55.5230153388105,True,C12H26,blank,blank.csv
18.689885197009,Dodecane,55.408308933442,True,C12H26,blank,blank.csv
18.7704447471878,Dodecane,82.9177442421124,True,C12H26,blank,blank.csv
18.9513086977046,Dodecane,58.6074272440081,True,C12H26,blank,blank.csv
19.4834101075274,Dodecane,64.4606330253928,True,C12H26,blank,blank.csv
19.8638046741655,Dodecane,69.6554999976304,True,C12H26,blank,blank.csv
19.9252540910551,Dodecane,58.7612419749558,True,C12H26,blank,blank.csv
20.0567081068185,Dodecane,56.3489684661848,True,C12H26,blank,blank.csv
20.473618930521,Dodecane,59.3052039640609,True,C12H26,blank,blank.csv
20.8935997630023,Dodecane,60.0178167777075,True,C12H26,blank,blank.csv
21.006619766267,Dodecane,50.7814356431104,True,C12H26,blank,blank.csv
21.104219651417,Caffeine,60.6446239709791,True,C8H10N4O2,blank,blank.csv
21.8800012042513,Dodecane,73.7134123354763,True,C12H26,blank,blank.csv
22.1402686696689,Methyl palmitate,81.8226578929998,True,C17H34O2,blank,blank.csv
5.28433492264693,Dodecane,64.3629776031897,True,C12H26,blank,blank.csv
9.19838224064126,Dodecane,61.2187499720901,True,C12H26,blank,blank.csv
9.98310585494104,Dodecane,52.3098263602306,True,C12H26,blank,blank.csv
10.1510854091253,Dodecane,68.6242182705887,True,C12H26,blank,blank.csv
10.2234805565136,Dodecane,61.6839808506134,True,C12H26,blank,blank.csv
10.2910958860927,Butethal,57.2203183973001,True,C10H16N2O3,blank,blank.csv
10.4304692698679,Dodecane,56.6549016515364,True,C12H26,blank,blank.csv
10.7208024494385,Dodecane,66.5521498855333,True,C12H26,blank,blank.csv
11.8893153379895,Dodecane,51.0060332301648,True,C12H26,blank,blank.csv
12.0089172529113,Dodecane,59.781281898206,True,C12H26,blank,blank.csv
12.103264895332,Dodecane,58.1805280067225,True,C12H26,blank,blank.csv
12.4306058120209,Methyl palmitate,51.8695719910231,True,C17H34O2,blank,blank.csv
12.5747644780161,Dodecane,50.045701482644,True,C12H26,blank,blank.csv
12.8524408118218,Dodecane,54.70119329627,True,C12H26,blank,blank.csv
13.1755368157673,Dodecane,51.4659804633553,True,C12H26,blank,blank.csv
13.6214615136855,Dodecane,91.1431429495824,True,C12H26,blank,blank.csv
13.7314221471602,Dodecane,60.1134242118838,True,C12H26,blank,blank.csv
15.0635826447526,Dodecane,69.2342024083205,True,C12H26,blank,blank.csv
15.1900972223451,Dodecane,63.4719615862397,True,C12H26,blank,blank.csv
15.2923028048977,Dodecane,53.1759934854534,True,C12H26,blank,blank.csv
16.2860124235161,Dodecane,59.7230524431819,True,C12H26,blank,blank.csv
16.304670795302,Biphenyl,92.5276242046079,True,C12H10,blank,blank.csv
16.3442332557991,Dodecane,52.1595539513374,True,C12H26,blank,blank.csv
16.3846889854448,Dodecane,69.8027690594989,True,C12H26,blank,blank.csv
16.5299166254342,Dodecane,60.1771772878363,True,C12H26,blank,blank.csv
16.6207142006908,Dodecane,58.488694811662,True,C12H26,blank,blank.csv
17.1114605257275,Pentobarbital,56.1612013967186,True,C11H18N2O3,blank,blank.csv
17.5281338260402,Dodecane,60.212465878005,True,C12H26,blank,blank.csv
17.613647484742,Dodecane,78.1919620092772,True,C12H26,blank,blank.csv
17.7777882770731,Dodecane,60.9378176601974,True,C12H26,blank,blank.csv
17.9092698840061,Methyl palmitate,59.2172076389507,True,C17H34O2,blank,blank.csv
18.3630182434756,Dodecane,57.1180127460645,True,C12H26,blank,blank.csv
18.6956668277911,Dodecane,63.977151025325,True,C12H26,blank,blank.csv
18.7719567143531,Dodecane,77.1050871729564,True,C12H26,blank,blank.csv
18.9505563225834,Dodecane,54.2660484919854,True,C12H26,blank,blank.csv
19.8644330210135,Dodecane,76.4760861955053,True,C12H26,blank,blank.csv
20.0565088806087,Dodecane,51.0936785207594,True,C12H26,blank,blank.csv
20.8980639465726,Dodecane,62.5860301937829,True,C12H26,blank,blank.csv
21.1026526650942,Caffeine,55.1678897108025,True,C8H10N4O2,blank,blank.csv
21.8803835365888,Dodecane,59.9806065590421,True,C12H26,blank,blank.csv
22.140106328297,Methyl palmitate,88.521237731955,True,C17H34O2,blank,blank.csv
22.5618648052534,Dodecane,50.2187142137013,True,C12H26,blank,blank.csv
22.8203145143254,Dodecane,65.7089119721676,True,C12H26,blank,blank.csv
23.0479864110782,Dodecane,50.6304764956204,True,C12H26,blank,blank.csv
2.64880991596363,Barbital,58.9049617394052,True,C8H12N2O3,blank,blank.csv
3.19722400006796,Dodecane,51.3147881270434,True,C12H26,blank,blank.csv
5.2946365612651,Dodecane,80.6692711537694,True,C12H26,blank,blank.csv
7.96171595646574,Dodecane,63.2964534936478,True,C12H26,blank,blank.csv
9.20382663330625,Dodecane,57.4690291461561,True,C12H26,blank,blank.csv
9.98235077826995,Dodecane,50.8342734056873,True,C12H26,blank,blank.csv
10.2233275431802,Dodecane,63.2769224821053,True,C12H26,blank,blank.csv
10.4290419823091,Dodecane,54.7378372155471,True,C12H26,blank,blank.csv
10.8510614864355,Dodecane,67.769217857427,True,C12H26,blank,blank.csv
12.1028245970071,Dodecane,58.6757603809824,True,C12H26,blank,blank.csv
12.4275314218553,Methyl palmitate,56.2565062561076,True,C17H34O2,blank,blank.csv
13.1760148248842,Dodecane,52.0415415255171,True,C12H26,blank,blank.csv
13.6215639643479,Dodecane,86.9535837091236,True,C12H26,blank,blank.csv
13.7314805923521,Dodecane,62.1693936534992,True,C12H26,blank,blank.csv
15.0604971152665,Dodecane,75.3704172920889,True,C12H26,blank,blank.csv
15.1908995825192,Dodecane,63.667914521675,True,C12H26,blank,blank.csv
16.3031242104481,Biphenyl,94.934004775374,True,C12H10,blank,blank.csv
16.3843005354235,Dodecane,84.0616525614332,True,C12H26,blank,blank.csv
16.5297000370254,Dodecane,60.9600442031946,True,C12H26,blank,blank.csv
16.8737448669633,Barbital,51.8408543645719,True,C8H12N2O3,blank,blank.csv
17.5274035042227,Dodecane,60.9990515369078,True,C12H26,blank,blank.csv
17.612079221403,Dodecane,74.8620985383375,True,C12H26,blank,blank.csv
17.7769732997028,Dodecane,60.6098826014964,True,C12H26,blank,blank.csv
18.6918081142234,Dodecane,58.9234840817665,True,C12H26,blank,blank.csv
18.7709434242199,Dodecane,81.3844215280178,True,C12H26,blank,blank.csv
18.9485050066458,Dodecane,58.3701085231384,True,C12H26,blank,blank.csv
19.651094330308,Dodecane,51.2190018544849,True,C12H26,blank,blank.csv
19.8630103139841,Dodecane,76.8966749578044,True,C12H26,blank,blank.csv
20.1361009994209,Methyl palmitate,54.0314141273728,True,C17H34O2,blank,blank.csv
20.3352342534562,Dodecane,50.6896025805492,True,C12H26,blank,blank.csv
20.4697951876936,Dodecane,51.9041442330595,True,C12H26,blank,blank.csv
20.4710527594869,Methyl palmitate,51.7209416225759,True,C17H34O2,blank,blank.csv
20.8972862537768,Dodecane,59.7530971105467,True,C12H26,blank,blank.csv
21.0085819675569,Dodecane,68.1428386470895,True,C12H26,blank,blank.csv
21.6220424313764,Caffeine,68.1193527294904,True,C8H10N4O2,blank,blank.csv
21.8821279410902,Dodecane,70.8696859183473,True,C12H26,blank,blank.csv
22.1387626573872,Methyl palmitate,89.2907227451864,True,C17H34O2,blank,blank.csv
22.8227346473807,Dodecane,66.9845538229253,True,C12H26,blank,blank.csv
5.28292001066787,Dodecane,63.0424130549054,True,C12H26,blank,blank.csv
7.70333821085708,Dodecane,50.5142224339624,True,C12H26,blank,blank.csv
9.19849133515214,Dodecane,51.066805437943,True,C12H26,blank,blank.csv
9.98016306673516,Dodecane,56.7849551123382,True,C12H26,blank,blank.csv
10.2206510926824,Dodecane,64.0183239653536,True,C12H26,blank,blank.csv
10.4240295087115,Dodecane,66.0845584005846,True,C12H26,blank,blank.csv
10.7189733708055,Dodecane,65.6116569434794,True,C12H26,blank,blank.csv
12.0031152872816,Dodecane,73.4559006513067,True,C12H26,blank,blank.csv
12.0961998400837,Dodecane,56.7447801432063,True,C12H26,blank,blank.csv
12.42237126005,Methyl palmitate,61.2057067749759,True,C17H34O2,blank,blank.csv
13.1194352017708,Dodecane,55.6856673203754,True,C12H26,blank,blank.csv
13.166560566351,Dodecane,55.4543715527595,True,C12H26,blank,blank.csv
13.6115672733577,Dodecane,92.281168320244,True,C12H26,blank,blank.csv
13.7240892498807,Dodecane,59.1696341764195,True,C12H26,blank,blank.csv
15.0551353242455,Dodecane,75.5148182428536,True,C12H26,blank,blank.csv
15.1822794598815,Dodecane,59.4347358484742,True,C12H26,blank,blank.csv
15.5125381722765,Methyl palmitate,52.3973241945295,True,C17H34O2,blank,blank.csv
16.2764078155299,Dodecane,63.688870466646,True,C12H26,blank,blank.csv
16.2990983808042,Biphenyl,92.0944432363991,True,C12H10,blank,blank.csv
16.3754378319106,Dodecane,81.4804560287946,True,C12H26,blank,blank.csv
16.5204623745942,Dodecane,61.1418593751624,True,C12H26,blank,blank.csv
16.6157239198945,Dodecane,62.12989631082,True,C12H26,blank,blank.csv
16.7710523209671,Dodecane,59.3795294045652,True,C12H26,blank,blank.csv
16.8379470684211,Methyl palmitate,58.849604133625,True,C17H34O2,blank,blank.csv
16.8935006337922,Dodecane,51.434301027327,True,C12H26,blank,blank.csv
17.105774597903,Pentobarbital,68.5319348968322,True,C11H18N2O3,blank,blank.csv
17.5191366552764,Dodecane,63.9097497318894,True,C12H26,blank,blank.csv
17.6058069261741,Dodecane,73.3006231013084,True,C12H26,blank,blank.csv
17.7684048074017,Dodecane,52.8466142070644,True,C12H26,blank,blank.csv
17.8123221382107,Biphenyl,51.8708279308912,True,C12H10,blank,blank.csv
17.9004074538522,Methyl palmitate,57.3444669591967,True,C17H34O2,blank,blank.csv
18.3595364672188,Dodecane,64.5550904122906,True,C12H26,blank,blank.csv
18.4347716187785,Dodecane,64.3354852993489,True,C12H26,blank,blank.csv
18.6839798816568,Dodecane,53.9173844186756,True,C12H26,blank,blank.csv
18.7633526447628,Dodecane,79.6574807140771,True,C12H26,blank,blank.csv
18.942686948619,Dodecane,55.037055633575,True,C12H26,blank,blank.csv
19.1734603789886,Dodecane,61.9821042681614,True,C12H26,blank,blank.csv
19.8560911784545,Dodecane,54.7725916425868,True,C12H26,blank,blank.csv
20.1302550774719,Methyl palmitate,55.932970574674,True,C17H34O2,blank,blank.csv
20.325928463906,Dodecane,61.3788640159845,True,C12H26,blank,blank.csv
20.6030763035222,Dodecane,55.0028957565586,True,C12H26,blank,blank.csv
20.8897899135372,Dodecane,69.6877541056662,True,C12H26,blank,blank.csv
21.000210488668,Dodecane,60.3208800477609,True,C12H26,blank,blank.csv
21.5163895807093,Dodecane,52.5764980003207,True,C12H26,blank,blank.csv
21.8843250916636,Dodecane,72.9638539235915,True,C12H26,blank,blank.csv
22.139373607265,Methyl palmitate,69.2936634688889,True,C17H34O2,blank,blank.csv
23.7096908823745,Dodecane,69.2569165360226,True,C12H26,blank,blank.csv
24.388582757719,Dodecane,64.3723338822059,True,C12H26,blank,blank.csv
24.6589661266614,Dodecane,72.3037775203778,True,C12H26,blank,blank.csv
25.7452301040487,Dodecane,76.2591453261,True,C12H26,blank,blank.csv
27.1260069906733,Dodecane,55.040926128692,True,C12H26,blank,blank.csv
5.2788751891972,Dodecane,72.7248452349464,True,C12H26,blank,blank.csv
9.19164776186133,Dodecane,57.78477005566,True,C12H26,blank,blank.csv
10.1406874749276,Dodecane,64.3884854597555,True,C12H26,blank,blank.csv
10.2185225626962,Dodecane,51.3924094215967,True,C12H26,blank,blank.csv
10.4209423559,Dodecane,60.5549665154851,True,C12H26,blank,blank.csv
11.2309253424635,Dodecane,51.2718990027354,True,C12H26,blank,blank.csv
12.0949040199389,Dodecane,58.1027894038386,True,C12H26,blank,blank.csv
12.4203399746185,Methyl palmitate,59.7204950941559,True,C17H34O2,blank,blank.csv
13.6082418602402,Dodecane,91.5095082676565,True,C12H26,blank,blank.csv
13.7222468847691,Dodecane,59.6331636709899,True,C12H26,blank,blank.csv
15.0527647095642,Dodecane,80.0232672815252,True,C12H26,blank,blank.csv
15.1813111290958,Dodecane,57.4785178717237,True,C12H26,blank,blank.csv
15.2816866600667,Dodecane,53.0267421534797,True,C12H26,blank,blank.csv
15.5098807447845,Methyl palmitate,53.2279644253281,True,C17H34O2,blank,blank.csv
15.9959444892893,Dodecane,51.0845293024351,True,C12H26,blank,blank.csv
16.2967678649704,Biphenyl,93.34151428522,True,C12H10,blank,blank.csv
16.3751938105671,Dodecane,81.9238072255274,True,C12H26,blank,blank.csv
16.5200616057359,Dodecane,59.7840451711654,True,C12H26,blank,blank.csv
16.613555928251,Dodecane,62.1199058933901,True,C12H26,blank,blank.csv
16.7694275674902,Dodecane,59.0113710494144,True,C12H26,blank,blank.csv
16.8356138544255,Methyl palmitate,59.4181897367455,True,C17H34O2,blank,blank.csv
16.8899574845519,Dodecane,55.5389770205351,True,C12H26,blank,blank.csv
17.1056855281688,Barbital,51.2304877309724,True,C8H12N2O3,blank,blank.csv
17.2565601268693,Dodecane,51.1521688359747,True,C12H26,blank,blank.csv
17.5195638681933,Dodecane,61.9581708993065,True,C12H26,blank,blank.csv
17.6063567539309,Dodecane,83.7904263656564,True,C12H26,blank,blank.csv
17.706110120777,Dodecane,63.1456402942823,True,C12H26,blank,blank.csv
17.7676673231161,Dodecane,52.596825016309,True,C12H26,blank,blank.csv
17.8977257020982,Methyl palmitate,54.4938086574474,True,C17H34O2,blank,blank.csv
18.360795692677,Dodecane,62.4773077607052,True,C12H26,blank,blank.csv
18.4334297401926,Dodecane,68.6836857317578,True,C12H26,blank,blank.csv
18.6830555363752,Dodecane,55.031685591942,True,C12H26,blank,blank.csv
18.7619970934981,Dodecane,81.0784762785826,True,C12H26,blank,blank.csv
18.9409152826723,Dodecane,56.2115938945017,True,C12H26,blank,blank.csv
19.8542735711347,Dodecane,52.8136158246843,True,C12H26,blank,blank.csv
20.1277095917793,Methyl palmitate,62.5617031530244,True,C17H34O2,blank,blank.csv
20.891817228893,Dodecane,69.4516422979668,True,C12H26,blank,blank.csv
20.9987003675388,Dodecane,53.4107165395181,True,C12H26,blank,blank.csv
22.439956817017,Methyl palmitate,51.4994252884046,True,C17H34O2,blank,blank.csv
22.6794300581722,Dodecane,66.2240028898433,True,C12H26,blank,blank.csv
22.8054934685941,Dodecane,72.3179104153757,True,C12H26,blank,blank.csv
23.1664441111419,Dodecane,66.1094348447201,True,C12H26,blank,blank.csv
23.3329199115262,Dodecane,50.5296010504166,True,C12H26,blank,blank.csv
23.3760356573225,Dodecane,52.7331957675739,True,C12H26,blank,blank.csv
23.4597738600081,Dodecane,62.6622174703631,True,C12H26,blank,blank.csv
2.82311145539349,Secobarbital,52.1522143319473,True,C12H18N2O3,blank,blank.csv
5.27879847081724,Dodecane,68.7756284383619,True,C12H26,blank,blank.csv
9.18998916064314,Dodecane,54.7224609904184,True,C12H26,blank,blank.csv
9.97120586541472,Dodecane,62.295729462263,True,C12H26,blank,blank.csv
10.1426333561542,Dodecane,73.9857636751381,True,C12H26,blank,blank.csv
10.2166345538451,Dodecane,61.5288909933526,True,C12H26,blank,blank.csv
10.2782478449701,Pentobarbital,51.0444644499701,True,C11H18N2O3,blank,blank.csv
10.2782481257285,Butethal,50.8356577870076,True,C10H16N2O3,blank,blank.csv
10.4210597374859,Dodecane,62.5703506607393,True,C12H26,blank,blank.csv
10.7345487338223,Dodecane,60.5781881834697,True,C12H26,blank,blank.csv
12.0075141892878,Dodecane,67.8077895311217,True,C12H26,blank,blank.csv
12.0970556502962,Dodecane,54.6149354315091,True,C12H26,blank,blank.csv
12.4228273560325,Methyl palmitate,58.5217365683596,True,C17H34O2,blank,blank.csv
12.5096662229999,Dodecane,54.5148553893231,True,C12H26,blank,blank.csv
12.6903243514249,Dodecane,67.3084788871918,True,C12H26,blank,blank.csv
13.1714968041648,Dodecane,59.705215937106,True,C12H26,blank,blank.csv
13.4982737149372,Dodecane,50.475626054356,True,C12H26,blank,blank.csv
13.6169054945363,Dodecane,90.4623400768195,True,C12H26,blank,blank.csv
13.7263215904051,Dodecane,59.1976189308718,True,C12H26,blank,blank.csv
15.0581798508078,Dodecane,76.3886683559826,True,C12H26,blank,blank.csv
15.2858541301508,Dodecane,54.1286963145884,True,C12H26,blank,blank.csv
15.5115484716336,Methyl palmitate,53.6907229098213,True,C17H34O2,blank,blank.csv
16.2984323164211,Biphenyl,95.9590850944925,True,C12H10,blank,blank.csv
16.3399657870841,Dodecane,53.9704672640994,True,C12H26,blank,blank.csv
16.3801399838346,Dodecane,73.5563657929156,True,C12H26,blank,blank.csv
16.5243242601219,Dodecane,58.6785044717528,True,C12H26,blank,blank.csv
16.6193232009505,Dodecane,64.0118265531156,True,C12H26,blank,blank.csv
16.8405864073508,Methyl palmitate,58.7110872524798,True,C17H34O2,blank,blank.csv
16.8980497540671,Dodecane,60.6386368613747,True,C12H26,blank,blank.csv
17.1123676613331,Pentobarbital,63.3016355696385,True,C11H18N2O3,blank,blank.csv
17.2620292168639,Dodecane,50.5653998343935,True,C12H26,blank,blank.csv
17.5246272487624,Dodecane,62.5013464178083,True,C12H26,blank,blank.csv
17.6077229774041,Dodecane,67.3293182894758,True,C12H26,blank,blank.csv
17.7164301057388,Dodecane,61.6644945176589,True,C12H26,blank,blank.csv
17.7720987370239,Dodecane,56.3815899983737,True,C12H26,blank,blank.csv
17.808647417523,Dodecane,59.3349356306131,True,C12H26,blank,blank.csv
17.809138622098,Biphenyl,50.7738977571146,True,C12H10,blank,blank.csv
18.3522923716162,Dodecane,60.9312931242769,True,C12H26,blank,blank.csv
18.4397781254816,Dodecane,72.4873952518481,True,C12H26,blank,blank.csv
18.6929718962607,Dodecane,52.6268950700681,True,C12H26,blank,blank.csv
18.7711276041666,Dodecane,80.5564008381857,True,C12H26,blank,blank.csv
18.9498599457977,Dodecane,54.3557045923805,True,C12H26,blank,blank.csv
19.0675508638186,Dodecane,59.7006792899999,True,C12H26,blank,blank.csv
19.1890473567328,Dodecane,57.2124032579249,True,C12H26,blank,blank.csv
19.8591090225854,Dodecane,61.322824758984,True,C12H26,blank,blank.csv
20.1308993944601,Methyl palmitate,65.1242598593028,True,C17H34O2,blank,blank.csv
20.8935121459728,Dodecane,57.5157631447834,True,C12H26,blank,blank.csv
21.883333580493,Dodecane,56.3833978028089,True,C12H26,blank,blank.csv
22.1335476043809,Methyl palmitate,72.8516462013896,True,C17H34O2,blank,blank.csv
22.4586087911614,Methyl palmitate,55.9789614307969,True,C17H34O2,blank,blank.csv
22.9443958705793,Methyl palmitate,53.6846742260571,True,C17H34O2,blank,blank.csv
23.3615461965307,Methyl palmitate,55.9337900841565,True,C17H34O2,blank,blank.csv
