Compound Name,FileName,Variety,Component RT,Peak,tR_best,m/z,Intensity
"2-Propanone, 1-methoxy-",ALVERSTONE R..csv,ALVERSTONE R.,2.18566666666667,10,2.183,45,14180620.637137009
"Butanal, 3-methyl-",ALVERSTONE R..csv,ALVERSTONE R.,2.89948333333333,32,2.895,44,3328492.025154342
Pentanal,ALVERSTONE R..csv,ALVERSTONE R.,3.31748333333333,46,3.315,44,971484.938541287
"Disulfide, dimethyl",ALVERSTONE R..csv,ALVERSTONE R.,4.06986666666667,61,4.08,79,665141.1914945066
Hexanal,ALVERSTONE R..csv,ALVERSTONE R.,5.28206666666667,89,5.289,56,1164235.9306128907
"Cyclotrisiloxane, hexamethyl-",ALVERSTONE R..csv,ALVERSTONE R.,5.88333333333333,96,5.893,207,5084176.245975236
Styrene,ALVERSTONE R..csv,ALVERSTONE R.,7.68393333333333,125,7.703,77,166346.07035984358
Heptanal,ALVERSTONE R..csv,ALVERSTONE R.,7.93473333333333,131,7.933,56,14160.294539263545
Benzaldehyde,ALVERSTONE R..csv,ALVERSTONE R.,9.31411666666667,165,9.322,85,3787.672880024853
Dimethyl trisulfide,ALVERSTONE R..csv,ALVERSTONE R.,9.5199,171,9.503,81,30218.01102654684
Phenol,ALVERSTONE R..csv,ALVERSTONE R.,9.74916974420989,179,9.751,43,20900.656419028845
"5-Hepten-2-one, 6-methyl-",ALVERSTONE R..csv,ALVERSTONE R.,9.87036666666667,184,9.883,94,845267.9084282669
"Furan, 2-pentyl-",ALVERSTONE R..csv,ALVERSTONE R.,9.96683333333333,187,9.948,53,214300.9366502569
"Cyclotetrasiloxane, octamethyl-",ALVERSTONE R..csv,ALVERSTONE R.,10.0890166666667,192,10.089,281,2885379.967816006
Octanal,ALVERSTONE R..csv,ALVERSTONE R.,10.1919,195,10.179,59,16548.896377018653
"1-Hexanol, 2-ethyl-",ALVERSTONE R..csv,ALVERSTONE R.,10.6935,209,10.699,92,11391.435074834368
Linalool,ALVERSTONE R..csv,ALVERSTONE R.,12.00215,250,11.999,105,307833.88527203776
Nonanal,ALVERSTONE R..csv,ALVERSTONE R.,12.0761,253,12.102,57,13980302.7268454
Dodecane,ALVERSTONE R..csv,ALVERSTONE R.,13.59375,297,13.587,59,54136.70236287989
Decanal,ALVERSTONE R..csv,ALVERSTONE R.,13.7030666666667,300,13.703,120,13709.824809675258
Tridecane,ALVERSTONE R..csv,ALVERSTONE R.,15.0342333333333,343,15.031,55,81071.73344718128
Tetradecane,ALVERSTONE R..csv,ALVERSTONE R.,16.35895,386,16.349,58,113431.86602794398
"2,4,7,9-Tetramethyl-5-decyn-4,7-diol",ALVERSTONE R..csv,ALVERSTONE R.,16.5840333333333,393,16.591,84,37987.91869260881
Hexadecane,ALVERSTONE R..csv,ALVERSTONE R.,18.7511833333333,465,18.726,169,26037.26264113962
Benzophenone,ALVERSTONE R..csv,ALVERSTONE R.,19.31065,484,19.314,57,56003.23202946092
"2-Propanone, 1-methoxy-",ANTI.csv,ANTI,2.18263333333333,10,2.183,45,14196534.869698564
"Butanal, 3-methyl-",ANTI.csv,ANTI,2.89965,32,2.895,44,3022752.2619191497
"Disulfide, dimethyl",ANTI.csv,ANTI,4.07003333333333,61,4.08,79,1387968.8085697049
Hexanal,ANTI.csv,ANTI,5.28223333333333,89,5.289,56,1607664.093157448
"Cyclotrisiloxane, hexamethyl-",ANTI.csv,ANTI,5.88671666666667,96,5.893,207,8096423.881405956
Styrene,ANTI.csv,ANTI,7.6841,125,7.703,77,209608.28133619856
Heptanal,ANTI.csv,ANTI,7.9349,131,7.933,56,17391.497279979725
"(1R)-2,6,6-Trimethylbicyclo[3.1.1]hept-2-ene",ANTI.csv,ANTI,8.72266666666667,148,8.741,93,116216.49494023096
Benzaldehyde,ANTI.csv,ANTI,9.31428333333333,165,9.322,85,6019.772278869019
Dimethyl trisulfide,ANTI.csv,ANTI,9.52328333333333,172,9.542,79,124269.5370813128
"Furan, 2-pentyl-",ANTI.csv,ANTI,9.97343333333333,188,9.986,43,163363.77324706683
"Cyclotetrasiloxane, octamethyl-",ANTI.csv,ANTI,10.0924,192,10.089,281,4796499.425204064
Octanal,ANTI.csv,ANTI,10.1952833333333,195,10.179,59,28251.007326022445
"1-Hexanol, 2-ethyl-",ANTI.csv,ANTI,10.6968833333333,209,10.699,92,12030.175833951233
Acetophenone,ANTI.csv,ANTI,11.4525,233,11.452,69,63764.57754406779
Nonanal,ANTI.csv,ANTI,12.0794833333333,253,12.102,57,14946077.469777834
Dodecane,ANTI.csv,ANTI,13.5971333333333,297,13.587,59,81303.61945356755
Decanal,ANTI.csv,ANTI,13.7064666666667,300,13.703,120,15459.458414372482
Tridecane,ANTI.csv,ANTI,15.0376166666667,343,15.031,55,102796.60136710078
Tetradecane,ANTI.csv,ANTI,16.3623333333333,386,16.349,58,168725.0946930951
"2,4,7,9-Tetramethyl-5-decyn-4,7-diol",ANTI.csv,ANTI,16.5874166666667,393,16.591,84,61065.25311823725
"Nonanoic acid, 9-oxo-, methyl ester",ANTI.csv,ANTI,16.82535,401,16.825,105,21577.696696837455
"Carbonic acid, 2-ethylhexyl octyl ester",ANTI.csv,ANTI,17.6935,433,17.713,57,1765599.111381493
1-Nonadecene,ANTI.csv,ANTI,18.6709666666667,463,18.668,135,9904.58745765706
Hexadecane,ANTI.csv,ANTI,18.75135,465,18.726,169,61730.925185349886
Benzophenone,ANTI.csv,ANTI,19.3108166666667,484,19.314,57,110485.35567913976
"2-Propanone, 1-methoxy-",AVARNA.csv,AVARNA,2.18576666666667,10,2.183,45,15137864.46726396
"Butanal, 3-methyl-",AVARNA.csv,AVARNA,2.90278333333333,32,2.895,44,1843336.4537973232
"Disulfide, dimethyl",AVARNA.csv,AVARNA,4.06675,61,4.08,79,692243.1314318338
Hexanal,AVARNA.csv,AVARNA,5.28215,89,5.289,56,1264123.0824766853
"Cyclotrisiloxane, hexamethyl-",AVARNA.csv,AVARNA,5.88341666666667,96,5.893,207,4123653.803943305
Heptanal,AVARNA.csv,AVARNA,7.93803333333333,131,7.933,56,10423.223595326392
Benzaldehyde,AVARNA.csv,AVARNA,9.31935031267744,165,9.322,85,2784.445186055279
"Cyclotetrasiloxane, octamethyl-",AVARNA.csv,AVARNA,10.0891,192,10.089,281,2754299.0350315915
Octanal,AVARNA.csv,AVARNA,10.1952166666667,195,10.179,59,20684.0840357171
"1-Hexanol, 2-ethyl-",AVARNA.csv,AVARNA,10.6968166666667,209,10.699,92,10738.92116899958
Acetophenone,AVARNA.csv,AVARNA,11.4524166666667,233,11.452,69,27058.693558270763
Nonanal,AVARNA.csv,AVARNA,12.0762,253,12.102,57,8591704.331739502
Dodecane,AVARNA.csv,AVARNA,13.59385,297,13.587,59,41922.672769380864
Decanal,AVARNA.csv,AVARNA,13.7063833333333,300,13.703,120,15791.460939795215
Tridecane,AVARNA.csv,AVARNA,15.0375333333333,343,15.031,55,73757.80910146779
Tetradecane,AVARNA.csv,AVARNA,16.3622666666667,386,16.349,58,126812.92317488397
"2,4,7,9-Tetramethyl-5-decyn-4,7-diol",AVARNA.csv,AVARNA,16.5873333333333,393,16.591,84,43471.52090921415
"Carbonic acid, 2-ethylhexyl octyl ester",AVARNA.csv,AVARNA,17.6934166666667,433,17.713,57,1314623.665528196
E-15-Heptadecenal,AVARNA.csv,AVARNA,18.6708833333333,463,18.668,135,8131.314354140104
Hexadecane,AVARNA.csv,AVARNA,18.7512666666667,465,18.726,169,45181.66431594598
Benzophenone,AVARNA.csv,AVARNA,19.3126992338825,484,19.314,57,87810.48690599849
"2-Propanone, 1-methoxy-",CAMEL.csv,CAMEL,2.18964424861626,10,2.183,45,14246086.94444507
"Propanal, 2-methyl-",CAMEL.csv,CAMEL,2.35948333333333,17,2.36,72,2289840.02246586
"Butanal, 3-methyl-",CAMEL.csv,CAMEL,2.89965,32,2.895,44,8011344.422117991
"Disulfide, dimethyl",CAMEL.csv,CAMEL,4.07005,61,4.08,79,1238678.4879415834
Hexanal,CAMEL.csv,CAMEL,5.28545,89,5.289,56,2097939.6666144137
"Cyclotrisiloxane, hexamethyl-",CAMEL.csv,CAMEL,5.88671666666667,96,5.893,207,8511508.227123924
Heptanal,CAMEL.csv,CAMEL,7.93811666666667,131,7.933,56,21838.122537291936
Benzaldehyde,CAMEL.csv,CAMEL,9.3175,165,9.322,85,14181.934283515937
Dimethyl trisulfide,CAMEL.csv,CAMEL,9.52615132960155,172,9.542,79,364277.0911333961
Phenol,CAMEL.csv,CAMEL,9.76193233643763,180,9.767,60,48547.66095893358
"Cyclotetrasiloxane, octamethyl-",CAMEL.csv,CAMEL,10.0924,192,10.089,281,5502149.33693149
Octanal,CAMEL.csv,CAMEL,10.1953,195,10.179,59,54688.43902520447
"1-Hexanol, 2-ethyl-",CAMEL.csv,CAMEL,10.6969,209,10.699,92,16406.109382355204
Nonanal,CAMEL.csv,CAMEL,12.0795,253,12.102,57,14531603.968673317
Dodecane,CAMEL.csv,CAMEL,13.59715,297,13.587,59,82587.11975156252
Decanal,CAMEL.csv,CAMEL,13.7064666666667,300,13.703,120,30974.317442355503
Tridecane,CAMEL.csv,CAMEL,15.0408333333333,343,15.031,55,138537.20234090323
Tetradecane,CAMEL.csv,CAMEL,16.36235,386,16.349,58,230108.79586090497
"2,4,7,9-Tetramethyl-5-decyn-4,7-diol",CAMEL.csv,CAMEL,16.5874166666667,393,16.591,84,62770.16390057491
Pentadecane,CAMEL.csv,CAMEL,17.5906166666667,429,17.574,281,2383127.6462119306
E-15-Heptadecenal,CAMEL.csv,CAMEL,18.6709666666667,463,18.668,135,11124.040616104288
Hexadecane,CAMEL.csv,CAMEL,18.75135,465,18.726,169,75169.73182050849
Benzophenone,CAMEL.csv,CAMEL,19.31405,484,19.314,57,142543.3554293557
"2-Propanone, 1-methoxy-",CHOPIN.csv,CHOPIN,2.19512636665457,10,2.183,45,14569228.070960952
"Butanal, 3-methyl-",CHOPIN.csv,CHOPIN,2.89645,32,2.895,44,5004080.434853157
"Disulfide, dimethyl",CHOPIN.csv,CHOPIN,4.06685,61,4.08,79,932469.5549359756
Hexanal,CHOPIN.csv,CHOPIN,5.27903333333333,89,5.289,56,1427352.6238282688
"Cyclotrisiloxane, hexamethyl-",CHOPIN.csv,CHOPIN,5.88351666666667,96,5.893,207,8645972.366726423
Styrene,CHOPIN.csv,CHOPIN,7.6809,125,7.703,77,240038.90318350616
Heptanal,CHOPIN.csv,CHOPIN,7.9317,131,7.933,56,18405.99339769761
Benzaldehyde,CHOPIN.csv,CHOPIN,9.32181529811492,165,9.322,85,4218.812408422568
Dimethyl trisulfide,CHOPIN.csv,CHOPIN,9.52304469214157,172,9.542,79,410968.9947824182
Phenol,CHOPIN.csv,CHOPIN,9.74195,179,9.751,43,21441.406358808657
"5-Hepten-2-one, 6-methyl-",CHOPIN.csv,CHOPIN,9.87055,184,9.883,94,989585.851135344
"Furan, 2-pentyl-",CHOPIN.csv,CHOPIN,9.97023333333333,188,9.986,43,150029.39077294528
"Cyclotetrasiloxane, octamethyl-",CHOPIN.csv,CHOPIN,10.0924166666667,192,10.089,281,4548170.407038062
Octanal,CHOPIN.csv,CHOPIN,10.1921,195,10.179,59,27338.48344334798
"1-Hexanol, 2-ethyl-",CHOPIN.csv,CHOPIN,10.6936833333333,209,10.699,92,12453.53819756215
Nonanal,CHOPIN.csv,CHOPIN,12.0795,253,12.102,57,15630280.380273046
Dodecane,CHOPIN.csv,CHOPIN,13.59715,297,13.587,59,52971.628699891226
Decanal,CHOPIN.csv,CHOPIN,13.7064833333333,300,13.703,120,15356.043681242569
Tridecane,CHOPIN.csv,CHOPIN,15.0376333333333,343,15.031,55,109145.80470768192
Tetradecane,CHOPIN.csv,CHOPIN,16.36235,386,16.349,58,149247.17489015043
"2,4,7,9-Tetramethyl-5-decyn-4,7-diol",CHOPIN.csv,CHOPIN,16.5874333333333,393,16.591,84,51284.67285354517
1-Nonadecene,CHOPIN.csv,CHOPIN,18.6709833333333,463,18.668,135,10637.13600601017
Hexadecane,CHOPIN.csv,CHOPIN,18.7513666666667,465,18.726,169,59001.61326186122
Benzophenone,CHOPIN.csv,CHOPIN,19.3108333333333,484,19.314,57,93896.05612540676
"Carbonic acid, bis(2-ethylhexyl) ester",CHOPIN.csv,CHOPIN,21.00855,543,21.012,261,1044293.8915327284
Propene,FELSINA.csv,FELSINA,2.01332051450488,4,2.012,64,2174962.8620285518
"2-Propanone, 1-methoxy-",FELSINA.csv,FELSINA,2.19652489391002,11,2.208,53,543270.1857688136
Pentanal,FELSINA.csv,FELSINA,3.31448333333333,46,3.315,44,2887736.08396034
"Disulfide, dimethyl",FELSINA.csv,FELSINA,4.06984627560436,61,4.08,79,1179724.3336403137
Hexanal,FELSINA.csv,FELSINA,5.2855,89,5.289,56,12585599.868033491
"Cyclotrisiloxane, hexamethyl-",FELSINA.csv,FELSINA,5.88355,96,5.893,207,5995277.084665298
Heptanal,FELSINA.csv,FELSINA,7.93495,131,7.933,56,10010.642921497489
Benzaldehyde,FELSINA.csv,FELSINA,9.31111666666667,165,9.322,85,6661.95658164975
Phenol,FELSINA.csv,FELSINA,9.73876666666667,179,9.751,43,55486.69823517885
"Furan, 2-pentyl-",FELSINA.csv,FELSINA,9.97026666666667,188,9.986,43,238801.29118781752
"Cyclotetrasiloxane, octamethyl-",FELSINA.csv,FELSINA,10.09245,192,10.089,281,3972466.792096837
Octanal,FELSINA.csv,FELSINA,10.1921333333333,195,10.179,59,28847.950025837228
"1-Hexanol, 2-ethyl-",FELSINA.csv,FELSINA,10.6992654344065,209,10.699,92,13735.841373965295
"2-Octenal, (E)-",FELSINA.csv,FELSINA,11.2596333333333,228,11.26,57,115239.92766214324
Acetophenone,FELSINA.csv,FELSINA,11.45255,233,11.452,69,45185.96009009739
Nonanal,FELSINA.csv,FELSINA,12.0763333333333,253,12.102,57,11341160.568593904
Dodecane,FELSINA.csv,FELSINA,13.5939833333333,297,13.587,59,59852.72443325779
Decanal,FELSINA.csv,FELSINA,13.7065166666667,300,13.703,120,15207.473726399909
Tridecane,FELSINA.csv,FELSINA,15.0376666666667,343,15.031,55,111452.78023319304
Tetradecane,FELSINA.csv,FELSINA,16.3624,386,16.349,58,150847.5110221971
"2,4,7,9-Tetramethyl-5-decyn-4,7-diol",FELSINA.csv,FELSINA,16.5874666666667,393,16.591,84,47779.55723882221
"Nonanoic acid, 9-oxo-, methyl ester",FELSINA.csv,FELSINA,16.8222,401,16.825,105,15361.65784564472
"Octane, 1,1'-oxybis-",FELSINA.csv,FELSINA,17.69355,433,17.713,57,1485580.1969725522
1-Octadecanol,FELSINA.csv,FELSINA,18.6710166666667,463,18.668,135,8350.410351772354
Hexadecane,FELSINA.csv,FELSINA,18.7514,465,18.726,169,57692.08179794803
Benzophenone,FELSINA.csv,FELSINA,19.3108833333333,484,19.314,57,100829.9074104038
Eicosane,FELSINA.csv,FELSINA,22.7995333333333,607,22.808,57,555546.6879967699
Propene,INNOVATOR.csv,INNOVATOR,2.01531666666667,4,2.012,64,1822964.9398426584
"2-Propanone, 1-methoxy-",INNOVATOR.csv,INNOVATOR,2.20114075593465,11,2.208,53,749234.4453254156
"Propanal, 2-methyl-",INNOVATOR.csv,INNOVATOR,2.35936666666667,17,2.36,72,1554827.659156286
Acetic acid ethenyl ester,INNOVATOR.csv,INNOVATOR,2.45903333333333,20,2.447,40,35781.96431331697
"Butanal, 3-methyl-",INNOVATOR.csv,INNOVATOR,2.89953333333333,32,2.895,44,2622110.3838739144
"Propane, 2-chloro-2-methyl-",INNOVATOR.csv,INNOVATOR,2.98313333333333,35,2.98,78,4039374.3219340793
"Cyclohexane, octyl-",INNOVATOR.csv,INNOVATOR,3.15998333333333,40,3.143,86,3627.349837571408
"2,3-Pentanedione",INNOVATOR.csv,INNOVATOR,3.20821666666667,42,3.201,57,48751.29613871125
"2,3-Pentanedione",INNOVATOR.csv,INNOVATOR,3.28216666666667,45,3.286,57,108609.3223155609
"1,6-Diaminohexane-N,N,N',N'-tetraacetic acid",INNOVATOR.csv,INNOVATOR,3.31753333333333,46,3.315,44,438266.346573696
"2-Pentanol, 4-methyl-",INNOVATOR.csv,INNOVATOR,3.90595,56,3.915,45,89970.51983069198
"Disulfide, dimethyl",INNOVATOR.csv,INNOVATOR,4.06993333333333,61,4.08,79,725772.6943227616
"Silane, triethylmethoxy-",INNOVATOR.csv,INNOVATOR,4.24998333333333,67,4.253,67,31457.461398698084
Toluene,INNOVATOR.csv,INNOVATOR,4.50721666666667,70,4.51,91,154753.82902765245
2-Ethylhexyl acrylate,INNOVATOR.csv,INNOVATOR,5.05705,83,5.07,55,15585.867395092811
Hexanal,INNOVATOR.csv,INNOVATOR,5.28533333333333,89,5.289,56,1400871.3177080057
"Cyclotrisiloxane, hexamethyl-",INNOVATOR.csv,INNOVATOR,5.8866,96,5.893,207,8481260.479945466
Furfural,INNOVATOR.csv,INNOVATOR,6.20490173251373,98,6.221,39,59684.38021374173
"2,4-Dimethyl-1-heptene",INNOVATOR.csv,INNOVATOR,6.39785,102,6.405,70,21631.956869250116
"3-Chloropropionic acid, pentadecyl ester",INNOVATOR.csv,INNOVATOR,6.81263333333333,109,6.828,63,33699.074306790935
"Octane, 4-methyl-",INNOVATOR.csv,INNOVATOR,6.98625,112,7.002,85,41573.26176127483
o-Xylene,INNOVATOR.csv,INNOVATOR,7.14701666666667,115,7.167,91,111364.69619451476
"8-Hydroxy-2,2-dimethyl-dec-5-en-3-one",INNOVATOR.csv,INNOVATOR,7.58431666666667,122,7.574,41,12673.85907380326
Styrene,INNOVATOR.csv,INNOVATOR,7.68398333333333,125,7.703,77,252723.4515605424
Heptanal,INNOVATOR.csv,INNOVATOR,7.93478333333333,131,7.933,56,19049.228953403985
Methional,INNOVATOR.csv,INNOVATOR,8.05053333333333,133,8.094,109,3812.526556066033
"(1R)-2,6,6-Trimethylbicyclo[3.1.1]hept-2-ene",INNOVATOR.csv,INNOVATOR,8.72255,148,8.741,93,145871.61191760376
"Pyran-4-carboxylic acid, 4-(4-methoxyphenyl)-tetrahydro-",INNOVATOR.csv,INNOVATOR,9.03765,155,9.016,83,12265.913370653438
"Vanillin, TBDMS derivative",INNOVATOR.csv,INNOVATOR,9.18876666666667,161,9.196,72,137574.1633922749
Benzaldehyde,INNOVATOR.csv,INNOVATOR,9.31738333333333,165,9.322,85,3976.8186822492353
Dimethyl trisulfide,INNOVATOR.csv,INNOVATOR,9.52638333333333,172,9.542,79,274373.8122567187
1-Octyn-3-ol,INNOVATOR.csv,INNOVATOR,9.6968,177,9.69,56,7688.706889066332
Phenol,INNOVATOR.csv,INNOVATOR,9.74825,179,9.751,43,21112.62667377267
"5-Hepten-2-one, 6-methyl-",INNOVATOR.csv,INNOVATOR,9.87365,184,9.883,94,885668.6138244097
"Furan, 2-pentyl-",INNOVATOR.csv,INNOVATOR,9.97331666666667,188,9.986,43,162836.86240525043
"Butanoic acid, butyl ester",INNOVATOR.csv,INNOVATOR,10.0472666666667,190,10.038,123,15794.713318207048
"Cyclotetrasiloxane, octamethyl-",INNOVATOR.csv,INNOVATOR,10.0955,192,10.089,281,4589236.399064641
Octanal,INNOVATOR.csv,INNOVATOR,10.1951833333333,195,10.179,59,28333.822541986057
"1-Pentanol, 2-methyl-, acetate",INNOVATOR.csv,INNOVATOR,10.39775,200,10.381,57,63663.59120214515
4-Cyanocyclohexene,INNOVATOR.csv,INNOVATOR,10.5295833333333,203,10.516,110,3860.561118382309
"1-Hexanol, 2-ethyl-",INNOVATOR.csv,INNOVATOR,10.6967833333333,209,10.699,92,12847.20118998809
Benzeneacetaldehyde,INNOVATOR.csv,INNOVATOR,11.02795,220,11.01,56,10166.315690278272
"Undecane, 2-methyl-",INNOVATOR.csv,INNOVATOR,11.25625,228,11.26,57,100320.22762715654
"Octane, 1-chloro-",INNOVATOR.csv,INNOVATOR,11.3237666666667,230,11.337,91,141017.33651135178
.gamma.-Chlorobutyrophenone,INNOVATOR.csv,INNOVATOR,11.464465749342,233,11.452,69,70203.25320792902
"Trichloroacetic acid, undecyl ester",INNOVATOR.csv,INNOVATOR,11.6485166666667,240,11.643,107,6410.569839607189
"1-Heptanol, 2,4-diethyl-",INNOVATOR.csv,INNOVATOR,11.7224666666667,242,11.737,43,31788.13411029564
Linalool,INNOVATOR.csv,INNOVATOR,12.0054333333333,250,11.999,105,208792.7116334622
Nonanal,INNOVATOR.csv,INNOVATOR,12.0793833333333,253,12.102,57,16183886.577815669
"10-Undecenoic acid, methyl ester",INNOVATOR.csv,INNOVATOR,12.2498,256,12.247,124,48280.00050555017
"Octanoic acid, methyl ester",INNOVATOR.csv,INNOVATOR,12.4041333333333,260,12.401,98,18199.92219940608
"2-Undecanethiol, 2-methyl-",INNOVATOR.csv,INNOVATOR,12.49095,263,12.481,41,19643.743681202523
"Octadecane, 1-(ethenyloxy)-",INNOVATOR.csv,INNOVATOR,12.5584666666667,266,12.578,43,53769.16751806939
"1-Dodecanol, 3,7,11-trimethyl-",INNOVATOR.csv,INNOVATOR,12.7256666666667,270,12.742,69,77637.47191771903
2-[(Trimethylsilyl)oxy]-2-{4-[(trimethylsilyl)oxy]phenyl}ethanamine,INNOVATOR.csv,INNOVATOR,12.8607166666667,273,12.851,70,88997.99398205655
"2-Nonenal, (E)-",INNOVATOR.csv,INNOVATOR,13.0054,278,12.996,56,9881.589081765862
"Decane, 1-chloro-",INNOVATOR.csv,INNOVATOR,13.0632833333333,280,13.067,105,71429.87492968669
"Benzofuran, 4,5,6,7-tetrahydro-3,6-dimethyl-",INNOVATOR.csv,INNOVATOR,13.09865,281,13.095,77,104346.77702479916
Dodecanal,INNOVATOR.csv,INNOVATOR,13.1533,283,13.15,105,78051.68299856223
"1,2-15,16-Diepoxyhexadecane",INNOVATOR.csv,INNOVATOR,13.26585,287,13.269,76,37908.01581061992
14-Pentadecenoic acid,INNOVATOR.csv,INNOVATOR,13.3783833333333,291,13.391,122,125967.89929173944
"1-Hexadecanol, 2-methyl-",INNOVATOR.csv,INNOVATOR,13.4716333333333,293,13.472,109,13650.561840900864
.alpha.-Terpineol,INNOVATOR.csv,INNOVATOR,13.5520166666667,296,13.562,72,93478.43518593404
Dodecane,INNOVATOR.csv,INNOVATOR,13.5970333333333,297,13.587,59,57476.87880642426
Decanal,INNOVATOR.csv,INNOVATOR,13.70635,300,13.703,120,17468.96146850621
"1-Hexadecanol, 2-methyl-",INNOVATOR.csv,INNOVATOR,13.8188833333333,303,13.812,101,3761.70738144157
"2-Octene, 4-ethyl-",INNOVATOR.csv,INNOVATOR,13.8671166666667,305,13.883,55,170626.81533741168
"Dodecanoic acid, 3-hydroxy-",INNOVATOR.csv,INNOVATOR,14.0439666666667,310,14.044,105,90785.01893083742
"1,2-Benzisothiazole",INNOVATOR.csv,INNOVATOR,14.1275666666667,313,14.134,97,61621.07807408787
Neodecanoic acid,INNOVATOR.csv,INNOVATOR,14.2272333333333,316,14.224,102,238081.96004408025
"Butanoic acid, 2-ethyl-2,3,3-trimethyl-",INNOVATOR.csv,INNOVATOR,14.3353179366634,320,14.343,71,94359.76498147612
"Benzene, 1,4-dimethyl-2,5-bis(1-methylethyl)-",INNOVATOR.csv,INNOVATOR,14.48125,325,14.488,113,20551.52729367241
"Dodecanoic acid, 3-hydroxy-",INNOVATOR.csv,INNOVATOR,14.5487666666667,327,14.53,73,22576.63659480349
Neodecanoic acid,INNOVATOR.csv,INNOVATOR,14.6098666666667,330,14.607,60,39962.36354098698
"Butanoic acid, 2-ethyl-2,3,3-trimethyl-",INNOVATOR.csv,INNOVATOR,14.6773833333333,333,14.681,102,62741.88452813427
"Butanoic acid, 2-ethyl-2,3,3-trimethyl-",INNOVATOR.csv,INNOVATOR,14.7159666666667,334,14.71,87,486622.5316115672
Phytol,INNOVATOR.csv,INNOVATOR,14.7706333333333,335,14.758,102,447658.14773614367
"1,2-Dichlorooctane",INNOVATOR.csv,INNOVATOR,14.9314,340,14.925,77,30273.30501464032
"[1,1'-Bicyclopentyl]-2-one",INNOVATOR.csv,INNOVATOR,14.9892666666667,342,15.002,58,103961.10822011484
Tridecane,INNOVATOR.csv,INNOVATOR,15.0407166666667,343,15.031,55,141846.45482611528
Undecanal,INNOVATOR.csv,INNOVATOR,15.1661166666667,347,15.163,105,22298.871517061576
"1-Hexadecanol, 2-methyl-",INNOVATOR.csv,INNOVATOR,15.2722333333333,350,15.266,43,129342.15325618858
"Silane, [[3,3-dimethyl-4-methylene-2-(trimethylsilyl)-1-cyclopenten-1-yl]methoxy]trimethyl-",INNOVATOR.csv,INNOVATOR,15.3686833333333,353,15.359,81,79109.13952259725
Octadecane,INNOVATOR.csv,INNOVATOR,15.4104833333333,355,15.411,69,59530.53038371432
Methyl 8-oxooctanoate,INNOVATOR.csv,INNOVATOR,15.5037333333333,358,15.494,87,20671.96177600164
"Eicosane, 10-methyl-",INNOVATOR.csv,INNOVATOR,15.52945,359,15.523,129,41901.84601364123
"Dodecane, 2-methyl-",INNOVATOR.csv,INNOVATOR,15.63235,363,15.632,76,36784.42474426532
"1-Hexadecanol, 2-methyl-",INNOVATOR.csv,INNOVATOR,15.6709333333333,364,15.665,71,52442.99590629403
Nerolidyl propionate,INNOVATOR.csv,INNOVATOR,15.71595,365,15.7,43,43633.87486933537
"2,6,6,10-Tetramethyl-undeca-8,10-diene-3,7-dione",INNOVATOR.csv,INNOVATOR,15.7641666666667,366,15.742,145,34155.05457225703
"2-Tridecenal, (E)-",INNOVATOR.csv,INNOVATOR,15.9410166666667,373,15.938,85,136841.11420214394
"Eicosane, 10-methyl-",INNOVATOR.csv,INNOVATOR,15.9860333333333,374,15.967,57,256951.18919745175
"Cyclopentadecanone, 2-hydroxy-",INNOVATOR.csv,INNOVATOR,16.0342666666667,375,16.015,77,210029.7756513754
"Octanoic acid, 2-dimethylaminoethyl ester",INNOVATOR.csv,INNOVATOR,16.13715,379,16.144,43,281373.6314464312
E-15-Heptadecenal,INNOVATOR.csv,INNOVATOR,16.2657666666667,383,16.259,74,44488.75084794964
2-Dodecanone,INNOVATOR.csv,INNOVATOR,16.3204333333333,385,16.314,154,321637.7331167026
Tetradecane,INNOVATOR.csv,INNOVATOR,16.3622333333333,386,16.349,58,178077.7417210508
Tetradecanal,INNOVATOR.csv,INNOVATOR,16.5069166666667,390,16.481,145,20653.165642921354
"2,4,7,9-Tetramethyl-5-decyn-4,7-diol",INNOVATOR.csv,INNOVATOR,16.5873,393,16.591,84,47080.52875379733
"3-Eicosene, (E)-",INNOVATOR.csv,INNOVATOR,16.72235,397,16.706,74,2593.562518155917
"1-Dodecanol, 3,7,11-trimethyl-",INNOVATOR.csv,INNOVATOR,16.8134897661926,401,16.825,105,17045.004244584314
11-Methyldodecanol,INNOVATOR.csv,INNOVATOR,16.9249166666667,405,16.931,74,370135.93338229135
"1-Dodecanol, 3,7,11-trimethyl-",INNOVATOR.csv,INNOVATOR,16.9795833333333,407,16.989,167,148977.8469473895
"Naphthalene, 1,3-dimethyl-",INNOVATOR.csv,INNOVATOR,17.0824666666667,410,17.073,55,679408.2032383223
"1-Dodecanol, 3,7,11-trimethyl-",INNOVATOR.csv,INNOVATOR,17.1274833333333,412,17.131,156,746069.0372840799
"5-Bromopentanoic acid, 6-ethyl-3-octyl ester",INNOVATOR.csv,INNOVATOR,17.16285,414,17.16,115,72504.73528064802
tert-Hexadecanethiol,INNOVATOR.csv,INNOVATOR,17.2336,417,17.24,194,214403.7054344648
"3-Eicosene, (E)-",INNOVATOR.csv,INNOVATOR,17.2914666666667,419,17.295,104,10034.046605639262
"2,5-Cyclohexadiene-1,4-dione, 2,6-bis(1,1-dimethylethyl)-",INNOVATOR.csv,INNOVATOR,17.3622,422,17.365,56,131668.00068660412
tert-Hexadecanethiol,INNOVATOR.csv,INNOVATOR,17.45545,425,17.465,113,282289.7688958259
"Hexadecane, 1,1-bis(dodecyloxy)-",INNOVATOR.csv,INNOVATOR,17.5069,426,17.497,69,76673.9960590852
"2,6-Dihydroxyacetophenone, 2TMS derivative",INNOVATOR.csv,INNOVATOR,17.5519166666667,428,17.552,135,31156.02711633649
Pentadecane,INNOVATOR.csv,INNOVATOR,17.5905,429,17.574,281,2605177.156427811
"Octane, 1,1'-oxybis-",INNOVATOR.csv,INNOVATOR,17.6901666666667,433,17.713,57,1350588.1809528668
E-15-Heptadecenoic acid,INNOVATOR.csv,INNOVATOR,17.7577,434,17.748,168,19578.30529196006
"2,4-Di-tert-butylphenol",INNOVATOR.csv,INNOVATOR,17.7930666666667,435,17.783,57,342304.42951501056
"1-Hexadecanol, 2-methyl-",INNOVATOR.csv,INNOVATOR,17.9731166666667,440,17.944,43,50577.30565980674
tert-Hexadecanethiol,INNOVATOR.csv,INNOVATOR,18.031,442,18.028,59,35844.61809025122
"Hexadecane, 2,6,10,14-tetramethyl-",INNOVATOR.csv,INNOVATOR,18.10495,445,18.115,168,61236.801575557634
"Octadecane, 1-chloro-",INNOVATOR.csv,INNOVATOR,18.2142666666667,448,18.208,103,82336.50518778933
"1-Hexadecanol, 2-methyl-",INNOVATOR.csv,INNOVATOR,18.2785833333333,450,18.275,241,31672.5726995057
"Pentadecane, 2,6,10,14-tetramethyl-",INNOVATOR.csv,INNOVATOR,18.33325,452,18.33,141,8182.279420693002
"Dodecane, 5,8-diethyl-",INNOVATOR.csv,INNOVATOR,18.4264833333333,455,18.42,183,17290.74628078206
"Hexadecane, 1,1-bis(dodecyloxy)-",INNOVATOR.csv,INNOVATOR,18.6033333333333,461,18.594,70,89367.65126596887
Trifluoroacetoxy hexadecane,INNOVATOR.csv,INNOVATOR,18.67085,463,18.668,135,12698.920584576968
Hexadecane,INNOVATOR.csv,INNOVATOR,18.7512333333333,465,18.726,169,52879.483885602815
"2,2,4-Trimethyl-1,3-pentanediol diisobutyrate",INNOVATOR.csv,INNOVATOR,18.8252,468,18.822,65,146865.02235855043
13-Heptadecyn-1-ol,INNOVATOR.csv,INNOVATOR,18.9313,472,18.925,177,138704.71598940002
"Dodecanoic acid, 1-methylethyl ester",INNOVATOR.csv,INNOVATOR,19.0534833333333,476,19.047,167,1854.2479503315044
"Heptadecane, 9-hexyl-",INNOVATOR.csv,INNOVATOR,19.1531666666667,479,19.163,75,41729.8962036105
"Benzene, (1-pentylhexyl)-",INNOVATOR.csv,INNOVATOR,19.1821,480,19.201,232,71935.28206362313
"Benzene, (1-butylheptyl)-",INNOVATOR.csv,INNOVATOR,19.2239,481,19.246,183,243980.46506590347
"Heptadecane, 9-hexyl-",INNOVATOR.csv,INNOVATOR,19.2528333333333,481,19.246,183,243980.46506590347
Benzophenone,INNOVATOR.csv,INNOVATOR,19.3139333333333,484,19.314,57,94851.9452069487
"Pentadecane, 8-hexyl-",INNOVATOR.csv,INNOVATOR,19.3911,487,19.413,105,794897.21410819
cis-1-Chloro-9-octadecene,INNOVATOR.csv,INNOVATOR,19.4329,488,19.436,69,11883.029178277333
"3,6-Dioxa-2,4,5,7-tetrasilaoctane, 2,2,4,4,5,5,7,7-octamethyl-",INNOVATOR.csv,INNOVATOR,19.4907666666667,490,19.481,71,346768.16304503905
"Benzene, (1-ethylnonyl)-",INNOVATOR.csv,INNOVATOR,19.5775833333333,493,19.561,85,101404.13796811942
tert-Hexadecanethiol,INNOVATOR.csv,INNOVATOR,19.63225,495,19.625,77,407154.5694073677
"1-Penten-3-one, 1-(2,6,6-trimethyl-1-cyclohexen-1-yl)-",INNOVATOR.csv,INNOVATOR,19.7254833333333,499,19.721,51,155960.2623101757
"1-Hexadecanol, 2-methyl-",INNOVATOR.csv,INNOVATOR,19.7737166666667,501,19.772,138,49727.30275273183
"Pentadecane, 8-hexyl-",INNOVATOR.csv,INNOVATOR,19.8444666666667,503,19.827,197,136018.2612650738
"Pentadecane, 2,6,10,14-tetramethyl-",INNOVATOR.csv,INNOVATOR,19.9119833333333,505,19.894,120,70069.59181713597
"Benzene, (1-methyldecyl)-",INNOVATOR.csv,INNOVATOR,19.9795,507,19.971,55,39641.43697246815
"2-Hydroxy-2-methyl-succinic acid, bis-(2-oxo-2-phenyl-ethyl ester",INNOVATOR.csv,INNOVATOR,20.0824,511,20.093,70,135040.16619182206
"Butan-1-one, 1-[4-(2-fluoro-4-nitrophenyl)-1-piperazinyl]-",INNOVATOR.csv,INNOVATOR,20.1531333333333,513,20.141,74,54800.17022517669
"Benzene, (1-pentylheptyl)-",INNOVATOR.csv,INNOVATOR,20.2335166666667,515,20.218,221,105980.64829662968
"1,3-di-iso-propylnaphthalene",INNOVATOR.csv,INNOVATOR,20.3106833333333,517,20.298,197,393695.14581573167
"Pentadecane, 8-hexyl-",INNOVATOR.csv,INNOVATOR,20.3975,521,20.41,198,201807.51165836767
"Heneicosane, 11-(1-ethylpropyl)-",INNOVATOR.csv,INNOVATOR,20.44895,523,20.461,85,79163.43946260706
"Cyclohexane, undecyl-",INNOVATOR.csv,INNOVATOR,20.5679166666667,527,20.567,85,127983.95860286892
"Heptadecane, 3-methyl-",INNOVATOR.csv,INNOVATOR,20.6097166666667,529,20.612,43,159608.8005869812
"Hexadecane, 1,1-bis(dodecyloxy)-",INNOVATOR.csv,INNOVATOR,20.78335,534,20.785,70,69319.83495315579
"Carbonic acid, bis(2-ethylhexyl) ester",INNOVATOR.csv,INNOVATOR,21.0116333333333,543,21.012,261,827848.9238571555
"3,6-Dioxa-2,4,5,7-tetrasilaoctane, 2,2,4,4,5,5,7,7-octamethyl-",INNOVATOR.csv,INNOVATOR,21.1756166666667,548,21.185,125,11127.703089680834
"Butanal, 3-methyl-",JAERLA.csv,JAERLA,2.8996,32,2.895,44,3438937.175121469
"Disulfide, dimethyl",JAERLA.csv,JAERLA,4.06998333333333,61,4.08,79,1017289.5678865288
Hexanal,JAERLA.csv,JAERLA,5.28216666666667,89,5.289,56,1453263.770499932
"Cyclotrisiloxane, hexamethyl-",JAERLA.csv,JAERLA,5.88343333333333,96,5.893,207,10088930.895730002
Styrene,JAERLA.csv,JAERLA,7.68403333333333,125,7.703,77,300872.69740285
Heptanal,JAERLA.csv,JAERLA,7.93483333333333,131,7.933,56,23735.858926349552
"(1R)-2,6,6-Trimethylbicyclo[3.1.1]hept-2-ene",JAERLA.csv,JAERLA,8.7226,148,8.741,93,191647.17400998488
Benzaldehyde,JAERLA.csv,JAERLA,9.31743333333333,165,9.322,85,8447.617971994187
Dimethyl trisulfide,JAERLA.csv,JAERLA,9.52643333333333,172,9.542,79,307176.9182396139
"Cyclotetrasiloxane, octamethyl-",JAERLA.csv,JAERLA,10.0923333333333,192,10.089,281,6324848.853548373
Octanal,JAERLA.csv,JAERLA,10.1952333333333,195,10.179,59,38198.688239576
"1-Hexanol, 2-ethyl-",JAERLA.csv,JAERLA,10.6968333333333,209,10.699,92,12651.361380784096
Nonanal,JAERLA.csv,JAERLA,12.0794333333333,253,12.102,57,15564255.097451286
Decanal,JAERLA.csv,JAERLA,13.7064,300,13.703,120,16099.406969486416
Copaene,JAERLA.csv,JAERLA,16.2561666666667,383,16.259,74,76493.88441397858
"Naphthalene, 1,4-dimethyl-",JAERLA.csv,JAERLA,17.0921666666667,411,17.108,43,405782.9352732591
"2,4-Di-tert-butylphenol",JAERLA.csv,JAERLA,17.7931166666667,435,17.783,57,304280.30897534854
Hexadecane,JAERLA.csv,JAERLA,18.7512833333333,465,18.726,169,14910.786320732368
Benzophenone,JAERLA.csv,JAERLA,19.3139833333333,484,19.314,57,55056.187305570806
"2-Propanone, 1-methoxy-",SARPO MIRA.csv,SARPO MIRA,2.1859,10,2.183,45,14375061.237553507
"Butanal, 3-methyl-",SARPO MIRA.csv,SARPO MIRA,2.90291666666667,32,2.895,44,1939287.6256000048
"Disulfide, dimethyl",SARPO MIRA.csv,SARPO MIRA,4.0733,61,4.08,79,1556001.2921334456
Hexanal,SARPO MIRA.csv,SARPO MIRA,5.2855,89,5.289,56,2147331.2966654133
"Cyclotrisiloxane, hexamethyl-",SARPO MIRA.csv,SARPO MIRA,5.88676666666667,96,5.893,207,5954765.031398512
Benzaldehyde,SARPO MIRA.csv,SARPO MIRA,9.31755,165,9.322,85,5594.340310876201
Dimethyl trisulfide,SARPO MIRA.csv,SARPO MIRA,9.52655,172,9.542,79,213085.7942224873
"Furan, 2-pentyl-",SARPO MIRA.csv,SARPO MIRA,9.97348333333333,188,9.986,43,270036.6395653002
"Cyclotetrasiloxane, octamethyl-",SARPO MIRA.csv,SARPO MIRA,10.09245,192,10.089,281,3493963.9062928897
Octanal,SARPO MIRA.csv,SARPO MIRA,10.19535,195,10.179,59,24853.60382108556
"1-Hexanol, 2-ethyl-",SARPO MIRA.csv,SARPO MIRA,10.6969333333333,209,10.699,92,13175.591561104844
Acetophenone,SARPO MIRA.csv,SARPO MIRA,11.4557666666667,233,11.452,69,94318.38014044342
Nonanal,SARPO MIRA.csv,SARPO MIRA,12.0795333333333,253,12.102,57,14783528.673233343
Dodecane,SARPO MIRA.csv,SARPO MIRA,13.5971833333333,297,13.587,59,59474.168007120126
Decanal,SARPO MIRA.csv,SARPO MIRA,13.7065166666667,300,13.703,120,21567.221484534635
Tridecane,SARPO MIRA.csv,SARPO MIRA,15.0408833333333,343,15.031,55,84908.59983969541
Tetradecane,SARPO MIRA.csv,SARPO MIRA,16.3624,386,16.349,58,186633.90228403592
"2,4,7,9-Tetramethyl-5-decyn-4,7-diol",SARPO MIRA.csv,SARPO MIRA,16.5874666666667,393,16.591,84,35947.64644092301
"Nonanoic acid, 9-oxo-, methyl ester",SARPO MIRA.csv,SARPO MIRA,16.8254,401,16.825,105,21098.527175247094
"Octane, 1,1'-oxybis-",SARPO MIRA.csv,SARPO MIRA,17.69355,433,17.713,57,1118697.0766821937
1-Octadecanol,SARPO MIRA.csv,SARPO MIRA,18.6710166666667,463,18.668,135,8307.107078917588
Hexadecane,SARPO MIRA.csv,SARPO MIRA,18.7514,465,18.726,169,37083.83323486598
Benzophenone,SARPO MIRA.csv,SARPO MIRA,19.3108666666667,484,19.314,57,90482.54173586184
"2-Propanone, 1-methoxy-",VAN GOGH.csv,VAN GOGH,2.18268333333333,10,2.183,45,14184126.209400592
"Butanal, 3-methyl-",VAN GOGH.csv,VAN GOGH,2.89648333333333,32,2.895,44,3483484.7293287795
"Disulfide, dimethyl",VAN GOGH.csv,VAN GOGH,4.06686666666667,61,4.08,79,1025786.5543480002
"Cyclotrisiloxane, hexamethyl-",VAN GOGH.csv,VAN GOGH,5.88342288965105,96,5.893,207,7163437.522915517
Benzaldehyde,VAN GOGH.csv,VAN GOGH,9.31111666666667,165,9.322,85,11230.323963571636
Dimethyl trisulfide,VAN GOGH.csv,VAN GOGH,9.52333333333333,172,9.542,79,250608.92058278635
Phenol,VAN GOGH.csv,VAN GOGH,9.73875,179,9.751,43,38716.635929969554
"Furan, 2-pentyl-",VAN GOGH.csv,VAN GOGH,9.97026666666667,188,9.986,43,223969.01316888336
"Cyclotetrasiloxane, octamethyl-",VAN GOGH.csv,VAN GOGH,10.09245,192,10.089,281,4441949.501261389
Octanal,VAN GOGH.csv,VAN GOGH,10.1957364362022,195,10.179,59,37029.37247315348
"1-Hexanol, 2-ethyl-",VAN GOGH.csv,VAN GOGH,10.6969333333333,209,10.699,92,11235.869611745236
Acetophenone,VAN GOGH.csv,VAN GOGH,11.4493333333333,233,11.452,69,63046.087673549
Nonanal,VAN GOGH.csv,VAN GOGH,12.0795333333333,253,12.102,57,13145967.70038934
Benzoic acid,VAN GOGH.csv,VAN GOGH,13.3367333333333,290,13.349,105,2226235.6843353924
Dodecane,VAN GOGH.csv,VAN GOGH,13.5939666666667,297,13.587,59,70109.85703466453
Decanal,VAN GOGH.csv,VAN GOGH,13.7065,300,13.703,120,23603.358244881994
Tridecane,VAN GOGH.csv,VAN GOGH,15.0376666666667,343,15.031,55,118136.55663003362
Tetradecane,VAN GOGH.csv,VAN GOGH,16.3623833333333,386,16.349,58,191217.108261658
"2,4,7,9-Tetramethyl-5-decyn-4,7-diol",VAN GOGH.csv,VAN GOGH,16.5874666666667,393,16.591,84,52026.191546595626
"Octane, 1,1'-oxybis-",VAN GOGH.csv,VAN GOGH,17.69355,433,17.713,57,1379435.3112021878
Phenylmaleic anhydride,VAN GOGH.csv,VAN GOGH,18.15655,446,18.134,76,453642.7254843082
Trifluoroacetoxy hexadecane,VAN GOGH.csv,VAN GOGH,18.6710166666667,463,18.668,135,10860.84515400592
Hexadecane,VAN GOGH.csv,VAN GOGH,18.7514,465,18.726,169,55766.73123968492
Benzophenone,VAN GOGH.csv,VAN GOGH,19.3108666666667,484,19.314,57,124926.50961257816
Sulfur dioxide,ALTUS.csv,ALTUS,1.9957458731143,3,1.987,37,59347.76357729176
Propene,ALTUS.csv,ALTUS,2.01306687810509,4,2.012,64,1541550.2587224066
"2-Propanone, 1-methoxy-",ALTUS.csv,ALTUS,2.18143446042587,10,2.183,45,14863776.17511903
"Diazene, dimethyl-",ALTUS.csv,ALTUS,2.18830628139749,10,2.183,45,14863776.17511903
Ammonium acetate,ALTUS.csv,ALTUS,2.46346479897378,21,2.473,43,3670501.100114468
n-Hexane,ALTUS.csv,ALTUS,2.52017328481791,22,2.518,45,3812744.494172588
"Furan, 3-methyl-",ALTUS.csv,ALTUS,2.61178585560923,26,2.625,132,1707214.5216794591
"Butanal, 3-methyl-",ALTUS.csv,ALTUS,2.89960413096503,32,2.895,44,1298481.884573833
Propylene Glycol,ALTUS.csv,ALTUS,3.90433095530521,56,3.915,45,239498.7894966597
"Disulfide, dimethyl",ALTUS.csv,ALTUS,4.06915750143046,61,4.08,79,772448.3743189198
Toluene,ALTUS.csv,ALTUS,4.51045029093211,70,4.51,91,147965.56859301205
"Butanoic acid, 2-methyl-, methyl ester",ALTUS.csv,ALTUS,4.73640046768992,75,4.742,88,15004.540808049616
"Cyclotrisiloxane, hexamethyl-",ALTUS.csv,ALTUS,5.88440564450435,96,5.893,207,8282871.835366013
"Benzene, 1,3-dimethyl-",ALTUS.csv,ALTUS,7.14576796869927,115,7.167,91,112599.08113767626
Phenylethyne,ALTUS.csv,ALTUS,7.33419499326027,117,7.289,51,9139.750036721663
Styrene,ALTUS.csv,ALTUS,7.68337717025882,125,7.703,77,191925.1269665936
Heptanal,ALTUS.csv,ALTUS,7.9374949950859,131,7.933,56,16248.018067807556
"Tricyclo[2.2.1.0(2,6)]heptane, 1,3,3-trimethyl-",ALTUS.csv,ALTUS,8.71938588096494,148,8.741,93,145561.70523263147
Camphene,ALTUS.csv,ALTUS,9.06316743570531,156,9.061,191,41127.67870842681
Benzaldehyde,ALTUS.csv,ALTUS,9.31351093984436,165,9.322,85,5048.052348163071
Dimethyl trisulfide,ALTUS.csv,ALTUS,9.52562455499367,172,9.542,79,190475.0056067249
Phenol,ALTUS.csv,ALTUS,9.74478290372598,179,9.751,43,61235.01668739508
Benzonitrile,ALTUS.csv,ALTUS,9.84522548126451,183,9.838,82,422513.2090130185
"5-Hepten-2-one, 6-methyl-",ALTUS.csv,ALTUS,9.87776644590943,184,9.883,94,4682496.505966433
"Cyclotetrasiloxane, octamethyl-",ALTUS.csv,ALTUS,10.0925629252753,192,10.089,281,5884330.64436115
Decane,ALTUS.csv,ALTUS,10.1239193755205,193,10.118,191,483650.9613730879
Octanal,ALTUS.csv,ALTUS,10.1948648561994,195,10.179,59,63503.766597703
3-Carene,ALTUS.csv,ALTUS,10.3718018395643,200,10.381,57,59892.55256849311
"1-Hexanol, 2-ethyl-",ALTUS.csv,ALTUS,10.6965135509653,209,10.699,92,26685.712718861352
Eucalyptol,ALTUS.csv,ALTUS,10.7969147982808,212,10.792,154,203026.8283589127
Acetophenone,ALTUS.csv,ALTUS,11.4482083699685,233,11.452,69,92565.44140420192
"Benzoic acid, methyl ester",ALTUS.csv,ALTUS,11.9649088866892,249,11.954,44,191466.3192618019
Nonanal,ALTUS.csv,ALTUS,12.077816782362,253,12.102,57,12705775.21942954
1-Nonanol,ALTUS.csv,ALTUS,12.5559269036266,266,12.578,43,65542.75138970584
Decanal,ALTUS.csv,ALTUS,13.1533440808007,283,13.15,105,95777.81786956172
Dodecane,ALTUS.csv,ALTUS,13.5952497024413,297,13.587,59,146080.4830783643
Benzoic acid,ALTUS.csv,ALTUS,13.6413443944205,299,13.649,105,8949611.914500942
Decanal,ALTUS.csv,ALTUS,13.7085511637286,300,13.703,120,59860.761168476034
"2-Decenal, (E)-",ALTUS.csv,ALTUS,14.5457929928984,327,14.53,73,54876.73668398424
Tridecane,ALTUS.csv,ALTUS,15.0381787690657,343,15.031,55,100650.5724539937
"1,2-Benzenedicarboxylic acid",ALTUS.csv,ALTUS,15.4129845682444,355,15.411,69,99420.82329878864
"Naphthalene, 2-ethenyl-",ALTUS.csv,ALTUS,16.2816171398883,384,16.292,87,714481.091578733
Tetradecane,ALTUS.csv,ALTUS,16.3604437719113,386,16.349,58,190418.64812487637
"2,4,7,9-Tetramethyl-5-decyn-4,7-diol",ALTUS.csv,ALTUS,16.5908868581017,393,16.591,84,90964.31089425218
"Naphthalene, 1,3-dimethyl-",ALTUS.csv,ALTUS,17.0937779739406,411,17.108,43,540209.3070670646
Dimethyl phthalate,ALTUS.csv,ALTUS,17.164256846462,414,17.16,115,36202.17930123911
n-Tridecan-1-ol,ALTUS.csv,ALTUS,17.2943025276369,419,17.295,104,44733.83501490679
Pentadecane,ALTUS.csv,ALTUS,17.5906194035185,429,17.574,281,4103986.232260642
"Carbonic acid, bis(2-ethylhexyl) ester",ALTUS.csv,ALTUS,17.6920209849166,433,17.713,57,1301130.6862207088
Phenylmaleic anhydride,ALTUS.csv,ALTUS,18.1578049041685,446,18.134,76,780623.0993142151
Cyclohexadecane,ALTUS.csv,ALTUS,18.6697954742307,463,18.668,135,9007.526713923466
Hexadecane,ALTUS.csv,ALTUS,18.7511198068279,465,18.726,169,64148.26497986692
Diethyl Phthalate,ALTUS.csv,ALTUS,18.8092147768044,467,18.799,222,62749.443379116565
"2,2,4-Trimethyl-1,3-pentanediol diisobutyrate",ALTUS.csv,ALTUS,18.8264105021255,468,18.822,65,215314.20446550412
"Dodecanoic acid, 1-methylethyl ester",ALTUS.csv,ALTUS,19.0527816901773,476,19.047,167,1505.47884171723
Benzophenone,ALTUS.csv,ALTUS,19.3103686285223,484,19.314,57,134430.38003575095
"Benzoic acid, phenyl ester",ALTUS.csv,ALTUS,19.5905401307218,494,19.599,91,417210.5479965375
1-Dodecanol,ALTUS.csv,ALTUS,19.7740529029603,501,19.772,138,49683.90050392577
"Pentadecane, 2,6,10,14-tetramethyl-",ALTUS.csv,ALTUS,19.913406918042,505,19.894,120,106599.1769162758
"Carbonic acid, bis(2-ethylhexyl) ester",ALTUS.csv,ALTUS,21.0306144104082,543,21.012,261,751244.9555711821
10-Methylanthracene-9-carboxaldehyde,ALTUS.csv,ALTUS,21.4726061307593,560,21.463,191,779166.4751679791
"Nonadecane, 3-methyl-",ALTUS.csv,ALTUS,22.5403007065128,597,22.533,129,44970.15286902892
Eicosane,ALTUS.csv,ALTUS,22.7976588121133,607,22.808,57,4558013.352655697
"2-Propanone, 1-methoxy-",ARDECHE.csv,ARDECHE,2.18598333333333,10,2.183,45,16101896.953368053
"Butanal, 3-methyl-",ARDECHE.csv,ARDECHE,2.90301666666667,32,2.895,44,1805478.76348468
"Disulfide, dimethyl",ARDECHE.csv,ARDECHE,4.07018333333333,61,4.08,79,528050.143857767
Hexanal,ARDECHE.csv,ARDECHE,5.2888,89,5.289,56,1407554.401908323
"Cyclotrisiloxane, hexamethyl-",ARDECHE.csv,ARDECHE,5.88686666666667,96,5.893,207,5573725.421069003
Benzaldehyde,ARDECHE.csv,ARDECHE,9.31765,165,9.322,85,20162.783119635547
Dimethyl trisulfide,ARDECHE.csv,ARDECHE,9.52663333333333,172,9.542,79,228780.4134328169
Phenol,ARDECHE.csv,ARDECHE,9.76136666666667,180,9.767,60,93378.87121309128
"Furan, 2-pentyl-",ARDECHE.csv,ARDECHE,9.97036666666667,188,9.986,43,328700.5204345408
"Cyclotetrasiloxane, octamethyl-",ARDECHE.csv,ARDECHE,10.0931971162174,192,10.089,281,3286843.627531482
Octanal,ARDECHE.csv,ARDECHE,10.1954333333333,195,10.179,59,21537.6030814458
"1-Hexanol, 2-ethyl-",ARDECHE.csv,ARDECHE,10.6970333333333,209,10.699,92,17209.034187899055
Eucalyptol,ARDECHE.csv,ARDECHE,10.7967,212,10.792,154,168155.6642578912
Nonanal,ARDECHE.csv,ARDECHE,12.0796333333333,253,12.102,57,17192421.49634161
Dodecane,ARDECHE.csv,ARDECHE,13.5972833333333,297,13.587,59,82515.89821685787
Decanal,ARDECHE.csv,ARDECHE,13.7066,300,13.703,120,24570.079773455647
Tridecane,ARDECHE.csv,ARDECHE,15.0377666666667,343,15.031,55,138927.25429567363
Tetradecane,ARDECHE.csv,ARDECHE,16.3624833333333,386,16.349,58,145299.10015261042
"2,4,7,9-Tetramethyl-5-decyn-4,7-diol",ARDECHE.csv,ARDECHE,16.5875666666667,393,16.591,84,73763.26657239592
"Octane, 1,1'-oxybis-",ARDECHE.csv,ARDECHE,17.6904333333333,433,17.713,57,656446.3733346518
"2,4-Di-tert-butylphenol",ARDECHE.csv,ARDECHE,17.7901,435,17.783,57,519706.45919027965
1-Nonadecene,ARDECHE.csv,ARDECHE,18.6711166666667,463,18.668,135,10461.773548177183
Hexadecane,ARDECHE.csv,ARDECHE,18.7515,465,18.726,169,20409.17185086136
Benzophenone,ARDECHE.csv,ARDECHE,19.3109666666667,484,19.314,57,74326.75322694489
Eicosane,ARDECHE.csv,ARDECHE,22.7996166666667,607,22.808,57,334518.483279173
"2-Propanone, 1-methoxy-",EL MUNDO.csv,EL MUNDO,2.18595,10,2.183,45,13011018.01870202
"Butanal, 3-methyl-",EL MUNDO.csv,EL MUNDO,2.89976666666667,32,2.895,44,2572608.89259786
"Disulfide, dimethyl",EL MUNDO.csv,EL MUNDO,4.07015,61,4.08,79,1250085.6277808086
"Cyclotrisiloxane, hexamethyl-",EL MUNDO.csv,EL MUNDO,5.88683333333333,96,5.893,207,3202269.132173139
Heptanal,EL MUNDO.csv,EL MUNDO,7.93821666666667,131,7.933,56,21871.961304332508
Benzaldehyde,EL MUNDO.csv,EL MUNDO,9.31914398605512,165,9.322,85,10004.20828222197
Phenol,EL MUNDO.csv,EL MUNDO,9.75058248820868,179,9.751,43,114585.29946767497
"Cyclotetrasiloxane, octamethyl-",EL MUNDO.csv,EL MUNDO,10.0925166666667,192,10.089,281,2185156.1707397364
Octanal,EL MUNDO.csv,EL MUNDO,10.1954,195,10.179,59,69811.86577484453
"1-Hexanol, 2-ethyl-",EL MUNDO.csv,EL MUNDO,10.697,209,10.699,92,24115.842904330333
Eucalyptol,EL MUNDO.csv,EL MUNDO,10.7966666666667,212,10.792,154,206833.3632457229
Acetophenone,EL MUNDO.csv,EL MUNDO,11.4526,233,11.452,69,119544.12584780574
Nonanal,EL MUNDO.csv,EL MUNDO,12.0796,253,12.102,57,14193079.794714317
Decanal,EL MUNDO.csv,EL MUNDO,13.7097833333333,300,13.703,120,76813.41313427023
"2-Propanol, 1-(2-butoxy-1-methylethoxy)-",EL MUNDO.csv,EL MUNDO,14.2596166666667,317,14.247,88,571607.0341179952
Phthalic anhydride,EL MUNDO.csv,EL MUNDO,15.4139166666667,355,15.411,69,97884.62635321172
Tetradecane,EL MUNDO.csv,EL MUNDO,16.3592333333333,386,16.349,58,166813.25371619005
"3-Eicosene, (E)-",EL MUNDO.csv,EL MUNDO,17.2916833333333,419,17.295,104,45357.8255710627
"2,4-Di-tert-butylphenol",EL MUNDO.csv,EL MUNDO,17.7900666666667,435,17.783,57,513070.01709283417
Phenylmaleic anhydride,EL MUNDO.csv,EL MUNDO,18.1566166666667,446,18.134,76,508951.28956391127
Hexadecane,EL MUNDO.csv,EL MUNDO,18.74825,465,18.726,169,27256.987704585303
Benzophenone,EL MUNDO.csv,EL MUNDO,19.3109333333333,484,19.314,57,107087.36295068768
Eicosane,EL MUNDO.csv,EL MUNDO,22.7963833333333,607,22.808,57,708149.6837688882
"2-Propanone, 1-methoxy-",FABULA.csv,FABULA,2.1892,10,2.183,45,15662548.446820589
"Butanal, 3-methyl-",FABULA.csv,FABULA,2.8998,32,2.895,44,4979893.735217151
"Disulfide, dimethyl",FABULA.csv,FABULA,4.07018333333333,61,4.08,79,2000808.8991668744
Hexanal,FABULA.csv,FABULA,5.28558333333333,89,5.289,56,1896646.050887348
"Cyclotrisiloxane, hexamethyl-",FABULA.csv,FABULA,5.88686666666667,96,5.893,207,2333963.6009222227
Heptanal,FABULA.csv,FABULA,7.93825,131,7.933,56,25041.595835762728
Benzaldehyde,FABULA.csv,FABULA,9.32097292960808,165,9.322,85,8593.389515006305
Dimethyl trisulfide,FABULA.csv,FABULA,9.52663333333333,172,9.542,79,118194.54847758348
Phenol,FABULA.csv,FABULA,9.75171666666667,179,9.751,43,73191.78916384245
"Furan, 2-pentyl-",FABULA.csv,FABULA,9.97036666666667,188,9.986,43,342714.1496391386
"Cyclotetrasiloxane, octamethyl-",FABULA.csv,FABULA,10.0957666666667,192,10.089,281,1563385.4501161862
Octanal,FABULA.csv,FABULA,10.19865,196,10.218,43,2758525.7225620663
"1-Hexanol, 2-ethyl-",FABULA.csv,FABULA,10.6970333333333,209,10.699,92,11472.834183194082
Acetophenone,FABULA.csv,FABULA,11.4526333333333,233,11.452,69,134356.75541548518
Nonanal,FABULA.csv,FABULA,12.0796333333333,253,12.102,57,19527090.253795136
Benzoic acid,FABULA.csv,FABULA,13.5104666666667,294,13.497,57,937309.7482000946
Decanal,FABULA.csv,FABULA,13.7098166666667,300,13.703,120,50455.19842762174
Phthalic anhydride,FABULA.csv,FABULA,15.41395,355,15.411,69,81304.95049812587
Tetradecane,FABULA.csv,FABULA,16.3592666666667,386,16.349,58,143136.28810780536
"2,4-Di-tert-butylphenol",FABULA.csv,FABULA,17.7901,435,17.783,57,431407.0967916546
Phenylmaleic anhydride,FABULA.csv,FABULA,18.1598666666667,447,18.182,51,378391.31194770266
Hexadecane,FABULA.csv,FABULA,18.7482833333333,465,18.726,169,20976.370351003257
Benzophenone,FABULA.csv,FABULA,19.3109666666667,484,19.314,57,81651.4636043051
"Carbonic acid, 2-ethylhexyl octyl ester",FABULA.csv,FABULA,21.0215333333333,543,21.012,261,715268.3280889689
Eicosane,FABULA.csv,FABULA,22.7996166666667,607,22.808,57,5893790.008383131
"2-Propanone, 1-methoxy-",FONTANE.csv,FONTANE,2.18915,10,2.183,45,14874536.743935514
"Butanal, 3-methyl-",FONTANE.csv,FONTANE,2.89975,32,2.895,44,2272115.8210586924
Pentanal,FONTANE.csv,FONTANE,3.31773333333333,46,3.315,44,965528.426450969
"Disulfide, dimethyl",FONTANE.csv,FONTANE,4.07013333333333,61,4.08,79,719403.4770441557
"Cyclotrisiloxane, hexamethyl-",FONTANE.csv,FONTANE,5.8868,96,5.893,207,2839299.3382202727
Styrene,FONTANE.csv,FONTANE,7.68418333333333,125,7.703,77,274454.8631946096
Heptanal,FONTANE.csv,FONTANE,7.9382,131,7.933,56,24744.254204165845
Benzaldehyde,FONTANE.csv,FONTANE,9.31436666666667,165,9.322,85,20453.492200391967
Phenol,FONTANE.csv,FONTANE,9.75973787207525,180,9.767,60,240652.70246736237
"Cyclotetrasiloxane, octamethyl-",FONTANE.csv,FONTANE,10.0957,192,10.089,281,1733062.484519048
"1-Hexanol, 2-ethyl-",FONTANE.csv,FONTANE,10.7034,209,10.699,92,32295.299649077788
Eucalyptol,FONTANE.csv,FONTANE,10.79665,212,10.792,154,268069.08464753046
Nonanal,FONTANE.csv,FONTANE,12.0828,253,12.102,57,18520273.51763455
"Ethanol, 1-(2-butoxyethoxy)-",FONTANE.csv,FONTANE,13.47505,293,13.472,109,70373.00434225415
Decanal,FONTANE.csv,FONTANE,13.7097666666667,300,13.703,120,172418.6441134792
"Ethanol, 2-phenoxy-",FONTANE.csv,FONTANE,13.9862833333333,308,13.989,57,850177.1489240789
"2-Propanol, 1-(2-butoxy-1-methylethoxy)-",FONTANE.csv,FONTANE,14.2595833333333,317,14.247,88,3676377.655233823
"2-Propanol, 1-(2-butoxy-1-methylethoxy)-",FONTANE.csv,FONTANE,14.3303333333333,320,14.343,71,592038.6456414731
Methyl 8-oxooctanoate,FONTANE.csv,FONTANE,15.4975,358,15.494,87,508551.04068778665
Triacetin,FONTANE.csv,FONTANE,15.67435,364,15.665,71,201162.61892849195
"Ethanol, 2-(2-butoxyethoxy)-, acetate",FONTANE.csv,FONTANE,15.9155,372,15.909,105,1346774.3338820476
"2,4,7,9-Tetramethyl-5-decyn-4,7-diol",FONTANE.csv,FONTANE,16.6132333333333,394,16.623,109,9937582.069183582
"Nonanoic acid, 9-oxo-, methyl ester",FONTANE.csv,FONTANE,16.82865,401,16.825,105,64125.63747271615
n-Tridecan-1-ol,FONTANE.csv,FONTANE,17.3013166666667,419,17.295,104,136427.9846104511
n-Tridecan-1-ol,FONTANE.csv,FONTANE,18.4942166666667,458,18.497,105,955512.783543664
1-Octadecanol,FONTANE.csv,FONTANE,18.6742666666667,463,18.668,135,12956.796890640158
Hexadecane,FONTANE.csv,FONTANE,18.7578666666667,466,18.777,57,16889411.47660751
"Dodecanoic acid, 1-methylethyl ester",FONTANE.csv,FONTANE,19.0536833333333,476,19.047,167,7136.259749226265
Benzophenone,FONTANE.csv,FONTANE,19.32055,484,19.314,57,315516.7526423105
Heptadecane,FONTANE.csv,FONTANE,19.8478833333333,504,19.865,57,8195262.394312523
Tetradecanoic acid,FONTANE.csv,FONTANE,20.49095,524,20.481,60,3404619.0080800955
L-Cysteine sulfinic acid,JENNIFER.csv,JENNIFER,1.98651666666667,3,1.987,37,38197.73126708312
"Butanal, 3-methyl-",JENNIFER.csv,JENNIFER,2.89968333333333,32,2.895,44,3987444.836926494
"Disulfide, dimethyl",JENNIFER.csv,JENNIFER,4.07006666666667,61,4.08,79,1140028.3242700167
Hexanal,JENNIFER.csv,JENNIFER,5.28602461772753,89,5.289,56,1061394.317579012
"Cyclotrisiloxane, hexamethyl-",JENNIFER.csv,JENNIFER,5.88673333333333,96,5.893,207,1999257.3652514203
Styrene,JENNIFER.csv,JENNIFER,7.68411666666667,125,7.703,77,249028.8128077972
Heptanal,JENNIFER.csv,JENNIFER,7.93491666666667,131,7.933,56,21476.31709836054
Benzaldehyde,JENNIFER.csv,JENNIFER,9.31431666666667,165,9.322,85,17903.618174275733
Phenol,JENNIFER.csv,JENNIFER,9.7516,179,9.751,43,91081.17858845188
"Furan, 2-pentyl-",JENNIFER.csv,JENNIFER,9.97023333333333,188,9.986,43,256849.50269816045
"Cyclotetrasiloxane, octamethyl-",JENNIFER.csv,JENNIFER,10.0924166666667,192,10.089,281,1320277.1895964683
"1-Hexanol, 2-ethyl-",JENNIFER.csv,JENNIFER,10.7001333333333,209,10.699,92,19376.12998850376
Acetophenone,JENNIFER.csv,JENNIFER,11.452730916164,233,11.452,69,167838.65258528342
Nonanal,JENNIFER.csv,JENNIFER,12.0793095892,253,12.102,57,18437714.067772847
Decanal,JENNIFER.csv,JENNIFER,13.7064833333333,300,13.703,120,169964.8124659939
"Ethanol, 2-phenoxy-",JENNIFER.csv,JENNIFER,13.9862166666667,308,13.989,57,674457.0276629976
"2-Propanol, 1-(2-butoxy-1-methylethoxy)-",JENNIFER.csv,JENNIFER,14.2627333333333,317,14.247,88,1351292.2853249577
"2-Propanol, 1-(2-butoxy-1-methylethoxy)-",JENNIFER.csv,JENNIFER,14.3334833333333,320,14.343,71,702059.5898876663
Tetradecane,JENNIFER.csv,JENNIFER,16.3623666666667,386,16.349,58,619441.6487340627
"2,4,7,9-Tetramethyl-5-decyn-4,7-diol",JENNIFER.csv,JENNIFER,16.60995,394,16.623,109,9721487.367172249
n-Tridecan-1-ol,JENNIFER.csv,JENNIFER,17.30125,419,17.295,104,100319.54888790802
Phenylmaleic anhydride,JENNIFER.csv,JENNIFER,18.15975,447,18.182,51,619483.493753771
n-Tridecan-1-ol,JENNIFER.csv,JENNIFER,18.49415,458,18.497,105,527448.2587681623
1-Nonadecene,JENNIFER.csv,JENNIFER,18.6742,463,18.668,135,11428.462107300482
Hexadecane,JENNIFER.csv,JENNIFER,18.7545833333333,466,18.777,57,14115725.234400615
"2,2,4-Trimethyl-1,3-pentanediol diisobutyrate",JENNIFER.csv,JENNIFER,18.8317666666667,468,18.822,65,704671.2962901681
"Dodecanoic acid, 1-methylethyl ester",JENNIFER.csv,JENNIFER,19.0504,476,19.047,167,1084.0846489950711
Benzophenone,JENNIFER.csv,JENNIFER,19.3140666666667,484,19.314,57,400856.2521618329
Heptadecane,JENNIFER.csv,JENNIFER,19.8478166666667,504,19.865,57,6505736.561723656
"2-Propanone, 1-methoxy-",RED SCARLETT.csv,RED SCARLETT,2.19455904343607,10,2.183,45,14943274.517721832
"Butanal, 3-methyl-",RED SCARLETT.csv,RED SCARLETT,2.89968333333333,32,2.895,44,5633351.522850827
"Disulfide, dimethyl",RED SCARLETT.csv,RED SCARLETT,4.07008333333333,61,4.08,79,977948.5629826498
Hexanal,RED SCARLETT.csv,RED SCARLETT,5.28548333333333,89,5.289,56,1648968.5490971804
"Cyclotrisiloxane, hexamethyl-",RED SCARLETT.csv,RED SCARLETT,5.88675,96,5.893,207,7527550.723725339
Benzaldehyde,RED SCARLETT.csv,RED SCARLETT,9.31431666666667,165,9.322,85,43176.427936433865
Phenol,RED SCARLETT.csv,RED SCARLETT,9.76740865030707,180,9.767,60,142629.57972993632
"Furan, 2-pentyl-",RED SCARLETT.csv,RED SCARLETT,9.97025,188,9.986,43,386129.7760414579
"Cyclotetrasiloxane, octamethyl-",RED SCARLETT.csv,RED SCARLETT,10.0924333333333,192,10.089,281,4524926.336713876
"1-Hexanol, 2-ethyl-",RED SCARLETT.csv,RED SCARLETT,10.70335,209,10.699,92,19889.9215128193
Acetophenone,RED SCARLETT.csv,RED SCARLETT,11.4600365751609,233,11.452,69,142310.7659698231
Nonanal,RED SCARLETT.csv,RED SCARLETT,12.0827333333333,253,12.102,57,17815689.687597733
"Ethanol, 1-(2-butoxyethoxy)-",RED SCARLETT.csv,RED SCARLETT,13.4782,293,13.472,109,22672.627003488145
Dodecane,RED SCARLETT.csv,RED SCARLETT,13.5971666666667,297,13.587,59,84032.62966053636
Decanal,RED SCARLETT.csv,RED SCARLETT,13.7097166666667,300,13.703,120,23861.263693590747
"Ethanol, 2-phenoxy-",RED SCARLETT.csv,RED SCARLETT,13.9862333333333,308,13.989,57,175340.0170946155
"2-Propanol, 1-(2-butoxy-1-methylethoxy)-",RED SCARLETT.csv,RED SCARLETT,14.26275,317,14.247,88,893794.8322480967
"2-Propanol, 1-(2-butoxy-1-methylethoxy)-",RED SCARLETT.csv,RED SCARLETT,14.3302666666667,320,14.343,71,363056.5400098826
Methyl 8-oxooctanoate,RED SCARLETT.csv,RED SCARLETT,15.49745,358,15.494,87,64507.10656684227
Triacetin,RED SCARLETT.csv,RED SCARLETT,15.6742833333333,364,15.665,71,71881.31251137955
"2,4,7,9-Tetramethyl-5-decyn-4,7-diol",RED SCARLETT.csv,RED SCARLETT,16.6099666666667,394,16.623,109,485989.81571601774
"Nonanoic acid, 9-oxo-, methyl ester",RED SCARLETT.csv,RED SCARLETT,16.8286,401,16.825,105,22931.02628394526
n-Tridecan-1-ol,RED SCARLETT.csv,RED SCARLETT,17.29805,419,17.295,104,26497.66423955012
"2,4-Di-tert-butylphenol",RED SCARLETT.csv,RED SCARLETT,17.7964166666667,435,17.783,57,523841.3069338472
n-Tridecan-1-ol,RED SCARLETT.csv,RED SCARLETT,18.4909333333333,458,18.497,105,88568.81083182812
1-Octadecanol,RED SCARLETT.csv,RED SCARLETT,18.6742166666667,463,18.668,135,11115.264256734235
Hexadecane,RED SCARLETT.csv,RED SCARLETT,18.7578166666667,466,18.777,57,2476504.2548684087
"Dodecanoic acid, 1-methylethyl ester",RED SCARLETT.csv,RED SCARLETT,19.0536333333333,476,19.047,167,1324.4791259503031
Benzophenone,RED SCARLETT.csv,RED SCARLETT,19.3205,484,19.314,57,78138.21452492644
Heptadecane,RED SCARLETT.csv,RED SCARLETT,19.8446,503,19.827,197,116336.17914415762
"2-Propanone, 1-methoxy-",RUSSET BURBANK.csv,RUSSET BURBANK,2.19407061122706,10,2.183,45,16201908.07361238
n-Hexane,RUSSET BURBANK.csv,RUSSET BURBANK,2.52016666666667,22,2.518,45,2833501.685106439
"Butanal, 3-methyl-",RUSSET BURBANK.csv,RUSSET BURBANK,2.9028,32,2.895,44,2553703.1114815217
"Disulfide, dimethyl",RUSSET BURBANK.csv,RUSSET BURBANK,4.06996666666667,61,4.08,79,714291.8041005415
Hexanal,RUSSET BURBANK.csv,RUSSET BURBANK,5.28858333333333,89,5.289,56,1249895.288910002
"Cyclotrisiloxane, hexamethyl-",RUSSET BURBANK.csv,RUSSET BURBANK,5.8853959465304,96,5.893,207,4303933.41339803
p-Xylene,RUSSET BURBANK.csv,RUSSET BURBANK,7.14385,115,7.167,91,614657.9774833883
Benzaldehyde,RUSSET BURBANK.csv,RUSSET BURBANK,9.32748539665016,165,9.322,85,11298.758754928154
Dimethyl trisulfide,RUSSET BURBANK.csv,RUSSET BURBANK,9.52641666666667,172,9.542,79,301151.7227324973
Phenol,RUSSET BURBANK.csv,RUSSET BURBANK,9.76436666666667,180,9.767,60,190083.14987625385
"Furan, 2-pentyl-",RUSSET BURBANK.csv,RUSSET BURBANK,9.97335,188,9.986,43,261257.8409882203
"Cyclotetrasiloxane, octamethyl-",RUSSET BURBANK.csv,RUSSET BURBANK,10.0923333333333,192,10.089,281,2832149.6330473204
Octanal,RUSSET BURBANK.csv,RUSSET BURBANK,10.1984333333333,195,10.179,59,22512.15454955852
"1-Hexanol, 2-ethyl-",RUSSET BURBANK.csv,RUSSET BURBANK,10.699196413952,209,10.699,92,20291.39271332988
Eucalyptol,RUSSET BURBANK.csv,RUSSET BURBANK,10.7964833333333,212,10.792,154,197839.85004148644
Acetophenone,RUSSET BURBANK.csv,RUSSET BURBANK,11.45885,233,11.452,69,157511.25053907142
Nonanal,RUSSET BURBANK.csv,RUSSET BURBANK,12.0794166666667,253,12.102,57,19288147.2447257
Dodecane,RUSSET BURBANK.csv,RUSSET BURBANK,13.5970666666667,297,13.587,59,91057.4926769966
Decanal,RUSSET BURBANK.csv,RUSSET BURBANK,13.7096,300,13.703,120,26793.28986717708
Tridecane,RUSSET BURBANK.csv,RUSSET BURBANK,15.04075,343,15.031,55,152214.80613358223
Tetradecane,RUSSET BURBANK.csv,RUSSET BURBANK,16.3622666666667,386,16.349,58,272366.0046043363
"2,4,7,9-Tetramethyl-5-decyn-4,7-diol",RUSSET BURBANK.csv,RUSSET BURBANK,16.58735,393,16.591,84,74610.06604482338
"Naphthalene, 1,3-dimethyl-",RUSSET BURBANK.csv,RUSSET BURBANK,17.0953666666667,411,17.108,43,1134028.1287135144
"2,4-Di-tert-butylphenol",RUSSET BURBANK.csv,RUSSET BURBANK,17.7931,435,17.783,57,557381.9170660684
1-Nonadecene,RUSSET BURBANK.csv,RUSSET BURBANK,18.6709,463,18.668,135,12961.427175450985
Hexadecane,RUSSET BURBANK.csv,RUSSET BURBANK,18.7512833333333,465,18.726,169,75914.21931923607
Benzophenone,RUSSET BURBANK.csv,RUSSET BURBANK,19.3139666666667,484,19.314,57,171081.12139325557
"2-Propanone, 1-methoxy-",SUNDANCE.csv,SUNDANCE,2.18583333333333,10,2.183,45,15849079.604784189
"Butanal, 3-methyl-",SUNDANCE.csv,SUNDANCE,2.89965,32,2.895,44,3340858.273058773
Hexanal,SUNDANCE.csv,SUNDANCE,5.28587025637822,89,5.289,56,1059158.776676329
"Cyclotrisiloxane, hexamethyl-",SUNDANCE.csv,SUNDANCE,5.8835,96,5.893,207,3821613.5128674624
Benzaldehyde,SUNDANCE.csv,SUNDANCE,9.32185902703024,165,9.322,85,13879.644832878836
Dimethyl trisulfide,SUNDANCE.csv,SUNDANCE,9.52328333333333,172,9.542,79,221656.137709327
Phenol,SUNDANCE.csv,SUNDANCE,9.76697361869027,180,9.767,60,89029.04022194263
"Furan, 2-pentyl-",SUNDANCE.csv,SUNDANCE,9.967,187,9.948,53,431427.72798164166
"Cyclotetrasiloxane, octamethyl-",SUNDANCE.csv,SUNDANCE,10.0891833333333,192,10.089,281,2429239.7645667926
Octanal,SUNDANCE.csv,SUNDANCE,10.1952833333333,195,10.179,59,31655.27215918099
"1-Hexanol, 2-ethyl-",SUNDANCE.csv,SUNDANCE,10.7065333333333,209,10.699,92,17991.943946106847
Eucalyptol,SUNDANCE.csv,SUNDANCE,10.8029833333333,212,10.792,154,217633.9632143458
Acetophenone,SUNDANCE.csv,SUNDANCE,11.4589166666667,233,11.452,69,145393.9940094905
Nonanal,SUNDANCE.csv,SUNDANCE,12.0794833333333,253,12.102,57,13552678.893455956
Benzoic acid,SUNDANCE.csv,SUNDANCE,13.2402333333333,286,13.243,78,135753.56710283516
Dodecane,SUNDANCE.csv,SUNDANCE,13.5939166666667,297,13.587,59,106427.45241219584
Decanal,SUNDANCE.csv,SUNDANCE,13.70645,300,13.703,120,20996.58242862444
Tridecane,SUNDANCE.csv,SUNDANCE,15.0376166666667,343,15.031,55,135988.32719713915
Tetradecane,SUNDANCE.csv,SUNDANCE,16.3591166666667,386,16.349,58,312264.0855620256
"2,4,7,9-Tetramethyl-5-decyn-4,7-diol",SUNDANCE.csv,SUNDANCE,16.5874166666667,393,16.591,84,87586.31951855677
1-Nonadecene,SUNDANCE.csv,SUNDANCE,18.6709666666667,463,18.668,135,13244.411636526553
Hexadecane,SUNDANCE.csv,SUNDANCE,18.7481333333333,465,18.726,169,86054.92781979908
"2,2,4-Trimethyl-1,3-pentanediol diisobutyrate",SUNDANCE.csv,SUNDANCE,18.8253,468,18.822,65,192039.298443698
Benzophenone,SUNDANCE.csv,SUNDANCE,19.3108166666667,484,19.314,57,197827.62473174132
Eicosane,SUNDANCE.csv,SUNDANCE,22.7962666666667,607,22.808,57,954275.3191831833
Isopropyl palmitate,SUNDANCE.csv,SUNDANCE,23.02455,615,23.031,77,416382.217945942
"Butanal, 3-methyl-",ALTURAS.csv,ALTURAS,2.89,32,2.895,44,1146548.5521852446
Hexanal,ALTURAS.csv,ALTURAS,5.26537091332493,88,5.263,67,50633.268086495125
"Cyclotrisiloxane, hexamethyl-",ALTURAS.csv,ALTURAS,5.86741666666667,96,5.893,207,16214962.580938537
Styrene,ALTURAS.csv,ALTURAS,7.67127954957507,125,7.703,77,490621.3461966927
Heptanal,ALTURAS.csv,ALTURAS,7.92201666666667,130,7.913,57,83795.46174711816
Benzaldehyde,ALTURAS.csv,ALTURAS,9.31634427188598,165,9.322,85,16639.394618570535
"5-Hepten-2-one, 6-methyl-",ALTURAS.csv,ALTURAS,9.8641,184,9.883,94,1816388.4545324529
"Cyclotetrasiloxane, octamethyl-",ALTURAS.csv,ALTURAS,10.08595,192,10.089,281,13068075.036568835
Octanal,ALTURAS.csv,ALTURAS,10.18885,195,10.179,59,100774.26922097582
"1-Hexanol, 2-ethyl-",ALTURAS.csv,ALTURAS,10.7000833333333,209,10.699,92,25678.341552422025
Nonanal,ALTURAS.csv,ALTURAS,12.0762666666667,253,12.102,57,17715130.905323684
Tetradecane,ALTURAS.csv,ALTURAS,12.6775333333333,268,12.671,70,1827852.9453911388
"2,4,7,9-Tetramethyl-5-decyn-4,7-diol",ALTURAS.csv,ALTURAS,13.4235,292,13.427,83,308213.0402677555
Decanal,ALTURAS.csv,ALTURAS,13.70645,300,13.703,120,40870.661520132366
"Nonanoic acid, 9-oxo-, methyl ester",ALTURAS.csv,ALTURAS,13.9347333333333,307,13.941,70,820221.114915415
n-Tridecan-1-ol,ALTURAS.csv,ALTURAS,15.0343833333333,343,15.031,55,416744.6112701772
Pentadecane,ALTURAS.csv,ALTURAS,15.6485166666667,364,15.665,71,5011354.041313884
"2,4,7,9-Tetramethyl-5-decyn-4,7-diol",ALTURAS.csv,ALTURAS,16.5874,393,16.591,84,80173.38665537328
"Nonanoic acid, 9-oxo-, methyl ester",ALTURAS.csv,ALTURAS,16.8253333333333,401,16.825,105,9656.607934923231
1-Tetradecanol,ALTURAS.csv,ALTURAS,17.2915666666667,419,17.295,104,84377.86422798045
"2,2,4-Trimethyl-1,3-pentanediol diisobutyrate",ALTURAS.csv,ALTURAS,17.6324,431,17.632,57,7357847.593621798
Benzophenone,ALTURAS.csv,ALTURAS,18.2047333333333,448,18.208,103,3357859.765751041
Hexadecane,ALTURAS.csv,ALTURAS,18.7513333333333,465,18.726,169,80720.28600186408
Benzophenone,ALTURAS.csv,ALTURAS,19.3108166666667,484,19.314,57,68095.52249647713
"Heptadecane, 3-methyl-",ALTURAS.csv,ALTURAS,20.57445,527,20.567,85,552430.792366039
Octadecane,ALTURAS.csv,ALTURAS,20.8670333333333,537,20.855,41,744109.1932951622
"Carbonic acid, bis(2-ethylhexyl) ester",ALTURAS.csv,ALTURAS,20.9763666666667,542,20.983,105,466342.4899873557
Isopropyl myristate,ALTURAS.csv,ALTURAS,21.1242666666667,546,21.114,99,1124214.8145079713
Nonadecane,ALTURAS.csv,ALTURAS,21.8573666666667,574,21.846,139,56252.58333310396
"Butanal, 3-methyl-",BARAKA.csv,BARAKA,2.89933333333333,32,2.895,44,4109835.659018261
"Disulfide, dimethyl",BARAKA.csv,BARAKA,4.06971666666667,61,4.08,79,832941.7710410402
"Cyclotrisiloxane, hexamethyl-",BARAKA.csv,BARAKA,5.8864,96,5.893,207,7505976.750929401
Heptanal,BARAKA.csv,BARAKA,7.93778333333333,131,7.933,56,29157.54605981808
Benzaldehyde,BARAKA.csv,BARAKA,9.3236,165,9.322,85,11165.233553250006
Dimethyl trisulfide,BARAKA.csv,BARAKA,9.52616666666667,172,9.542,79,252857.45098948
Phenol,BARAKA.csv,BARAKA,9.77696666666667,180,9.767,60,31349.184176604344
"Furan, 2-pentyl-",BARAKA.csv,BARAKA,9.9731,188,9.986,43,271746.9960837281
"Cyclotetrasiloxane, octamethyl-",BARAKA.csv,BARAKA,10.0920833333333,192,10.089,281,4919471.565336509
Octanal,BARAKA.csv,BARAKA,10.1949666666667,195,10.179,59,38948.42645589943
"1-Hexanol, 2-ethyl-",BARAKA.csv,BARAKA,10.6997833333333,209,10.699,92,11465.571948957328
Nonanal,BARAKA.csv,BARAKA,12.0791666666667,253,12.102,57,18332423.9354097
Decanal,BARAKA.csv,BARAKA,13.7061333333333,300,13.703,120,21913.111608197312
Hexadecane,BARAKA.csv,BARAKA,18.7510333333333,465,18.726,169,16237.699405183675
Benzophenone,BARAKA.csv,BARAKA,19.3137166666667,484,19.314,57,64550.57252020072
"Disulfide, dimethyl",ESCORT.csv,ESCORT,4.06998333333333,61,4.08,79,924589.32316364
Hexanal,ESCORT.csv,ESCORT,5.28538333333333,89,5.289,56,1398127.01009505
"Cyclotrisiloxane, hexamethyl-",ESCORT.csv,ESCORT,5.88345,96,5.893,207,7666393.605762381
Benzaldehyde,ESCORT.csv,ESCORT,9.32892016378202,165,9.322,85,13909.697059642614
"Cyclotetrasiloxane, octamethyl-",ESCORT.csv,ESCORT,10.09235,192,10.089,281,5113101.490052965
Octanal,ESCORT.csv,ESCORT,10.1952333333333,195,10.179,59,36007.81572002378
"1-Hexanol, 2-ethyl-",ESCORT.csv,ESCORT,10.7000093678896,209,10.699,92,12757.19773159762
Nonanal,ESCORT.csv,ESCORT,12.079641957215,253,12.102,57,12860373.188712984
Decanal,ESCORT.csv,ESCORT,13.7064,300,13.703,120,28619.90281544213
Hexadecane,ESCORT.csv,ESCORT,18.7513,465,18.726,169,23144.02250025449
Benzophenone,ESCORT.csv,ESCORT,19.3139833333333,484,19.314,57,70885.25120963693
"2-Propanone, 1-methoxy-",FRISIA.csv,FRISIA,2.19472634501156,10,2.183,45,14563711.03422402
"Butanal, 3-methyl-",FRISIA.csv,FRISIA,2.8998,32,2.895,44,3133959.6653253976
Pentanal,FRISIA.csv,FRISIA,3.31458333333333,46,3.315,44,1283015.442795545
Hexanal,FRISIA.csv,FRISIA,5.28238333333333,89,5.289,56,1886303.6308029492
"Cyclotrisiloxane, hexamethyl-",FRISIA.csv,FRISIA,5.88686666666667,96,5.893,207,4697822.755832622
Furfural,FRISIA.csv,FRISIA,6.2084,98,6.221,39,58968.22398349181
Styrene,FRISIA.csv,FRISIA,7.68924363626745,125,7.703,77,308108.21775740146
Benzaldehyde,FRISIA.csv,FRISIA,9.32308370222696,165,9.322,85,22097.07036542126
"Furan, 2-pentyl-",FRISIA.csv,FRISIA,9.97358333333333,188,9.986,43,293180.86825473764
"Cyclotetrasiloxane, octamethyl-",FRISIA.csv,FRISIA,10.09255,192,10.089,281,3026396.57258724
"1-Hexanol, 2-ethyl-",FRISIA.csv,FRISIA,10.7034666666667,209,10.699,92,27030.550636830685
Acetophenone,FRISIA.csv,FRISIA,11.4622833333333,233,11.452,69,208436.26167025007
Nonanal,FRISIA.csv,FRISIA,12.08285,253,12.102,57,21098957.537776116
"Ethanol, 1-(2-butoxyethoxy)-",FRISIA.csv,FRISIA,13.4751,293,13.472,109,73608.31908957653
Dodecane,FRISIA.csv,FRISIA,13.5972833333333,297,13.587,59,342501.99218804215
Decanal,FRISIA.csv,FRISIA,13.7066,300,13.703,120,221184.8853660548
"Ethanol, 2-phenoxy-",FRISIA.csv,FRISIA,13.98955,308,13.989,57,1011484.0448015044
"2-Propanol, 1-(2-butoxy-1-methylethoxy)-",FRISIA.csv,FRISIA,14.25965,317,14.247,88,3524733.5550550167
"2-Propanol, 1-(2-butoxy-1-methylethoxy)-",FRISIA.csv,FRISIA,14.3271666666667,319,14.317,59,12821460.683644269
Methyl 8-oxooctanoate,FRISIA.csv,FRISIA,15.49755,358,15.494,87,737985.9421028435
Triacetin,FRISIA.csv,FRISIA,15.6711833333333,364,15.665,71,233301.24541647863
"2,4,7,9-Tetramethyl-5-decyn-4,7-diol",FRISIA.csv,FRISIA,16.6100666666667,394,16.623,109,11995301.080504635
"Nonanoic acid, 9-oxo-, methyl ester",FRISIA.csv,FRISIA,16.8319333333333,401,16.825,105,81716.03643641375
n-Tridecan-1-ol,FRISIA.csv,FRISIA,17.2949333333333,419,17.295,104,138137.20753173006
n-Tridecan-1-ol,FRISIA.csv,FRISIA,18.4942666666667,458,18.497,105,1108313.8542135064
1-Octadecanol,FRISIA.csv,FRISIA,18.6743333333333,463,18.668,135,17482.761645766583
Hexadecane,FRISIA.csv,FRISIA,18.7547166666667,466,18.777,57,17985442.090137385
"Dodecanoic acid, 1-methylethyl ester",FRISIA.csv,FRISIA,19.0505166666667,476,19.047,167,7413.659120169714
Benzophenone,FRISIA.csv,FRISIA,19.3174,484,19.314,57,528171.6831664516
Eicosane,FRISIA.csv,FRISIA,22.7996333333333,607,22.808,57,1091184.4778336363
"Butanal, 3-methyl-",MARILYN.csv,MARILYN,2.90285,32,2.895,44,2975376.227606703
"Furan, 2-ethyl-",MARILYN.csv,MARILYN,3.37871666666667,47,3.38,81,1197344.1601830446
"Disulfide, dimethyl",MARILYN.csv,MARILYN,4.07323333333333,61,4.08,79,582245.2270612542
Hexanal,MARILYN.csv,MARILYN,5.28541666666667,89,5.289,56,12381992.394837966
"Cyclotrisiloxane, hexamethyl-",MARILYN.csv,MARILYN,5.88548090399738,96,5.893,207,11853477.065985609
Styrene,MARILYN.csv,MARILYN,7.68408333333333,125,7.703,77,514743.7516723195
Benzaldehyde,MARILYN.csv,MARILYN,9.3216838425512,165,9.322,85,33568.76554010118
"Furan, 2-pentyl-",MARILYN.csv,MARILYN,9.9702,188,9.986,43,646708.494877517
"Cyclotetrasiloxane, octamethyl-",MARILYN.csv,MARILYN,10.0956,192,10.089,281,7286327.954435808
"1-Hexanol, 2-ethyl-",MARILYN.csv,MARILYN,10.7065166666667,209,10.699,92,45185.129109039735
Nonanal,MARILYN.csv,MARILYN,12.0826833333333,253,12.102,57,21252554.62376773
"Ethanol, 1-(2-butoxyethoxy)-",MARILYN.csv,MARILYN,13.47815,293,13.472,109,84470.12427885181
Dodecane,MARILYN.csv,MARILYN,13.5971166666667,297,13.587,59,325246.5568268775
Decanal,MARILYN.csv,MARILYN,13.70965,300,13.703,120,247043.06355458623
"2-Propanol, 1-(2-butoxy-1-methylethoxy)-",MARILYN.csv,MARILYN,14.2626833333333,317,14.247,88,4024718.0348284175
"2-Propanol, 1-(2-butoxy-1-methylethoxy)-",MARILYN.csv,MARILYN,14.3302166666667,320,14.343,71,688521.7886567547
Methyl 8-oxooctanoate,MARILYN.csv,MARILYN,15.5006,358,15.494,87,545434.6561907628
Triacetin,MARILYN.csv,MARILYN,15.6742333333333,364,15.665,71,250814.2652619232
"2,4,7,9-Tetramethyl-5-decyn-4,7-diol",MARILYN.csv,MARILYN,16.6131166666667,394,16.623,109,12933163.009279056
"Nonanoic acid, 9-oxo-, methyl ester",MARILYN.csv,MARILYN,16.8317666666667,401,16.825,105,85063.50048310489
n-Tridecan-1-ol,MARILYN.csv,MARILYN,17.2979833333333,419,17.295,104,144775.9646998434
Eicosyl octyl ether,MARILYN.csv,MARILYN,17.68705,433,17.713,57,5017887.90643831
n-Tridecan-1-ol,MARILYN.csv,MARILYN,18.4941,458,18.497,105,1032980.4691911506
1-Octadecanol,MARILYN.csv,MARILYN,18.67415,463,18.668,135,18915.71198469118
Hexadecane,MARILYN.csv,MARILYN,18.75455,466,18.777,57,19277091.420844287
"Dodecanoic acid, 1-methylethyl ester",MARILYN.csv,MARILYN,19.05035,476,19.047,167,8348.759273146476
Benzophenone,MARILYN.csv,MARILYN,19.3172333333333,484,19.314,57,577439.0315654239
Heptadecane,MARILYN.csv,MARILYN,19.8477666666667,504,19.865,57,9850003.7745663
"2-Propanone, 1-methoxy-",ORIANA.csv,ORIANA,2.18895,10,2.183,45,15906818.10485438
"Butanal, 3-methyl-",ORIANA.csv,ORIANA,2.90276666666667,32,2.895,44,4878545.57773314
Hexanal,ORIANA.csv,ORIANA,5.29123761276764,89,5.289,56,1228752.34933676
"Cyclotrisiloxane, hexamethyl-",ORIANA.csv,ORIANA,5.8866,96,5.893,207,3805501.70472839
Benzaldehyde,ORIANA.csv,ORIANA,9.33120891124663,165,9.322,85,3129.2938343315354
Dimethyl trisulfide,ORIANA.csv,ORIANA,9.5296,172,9.542,79,116460.69545609388
"Furan, 2-pentyl-",ORIANA.csv,ORIANA,9.97653333333333,188,9.986,43,150118.3941017243
"Cyclotetrasiloxane, octamethyl-",ORIANA.csv,ORIANA,10.0955,192,10.089,281,2767525.7989019724
Octanal,ORIANA.csv,ORIANA,10.2016166666667,196,10.218,43,1310821.9105648932
"1-Hexanol, 2-ethyl-",ORIANA.csv,ORIANA,10.7032166666667,209,10.699,92,11010.206222978042
Nonanal,ORIANA.csv,ORIANA,12.0826,253,12.102,57,11083412.79842807
Dodecane,ORIANA.csv,ORIANA,13.60025,297,13.587,59,58625.98629862065
Decanal,ORIANA.csv,ORIANA,13.7127833333333,300,13.703,120,17171.09330999815
Tridecane,ORIANA.csv,ORIANA,15.0407166666667,343,15.031,55,149802.54874766478
Tetradecane,ORIANA.csv,ORIANA,16.3622333333333,386,16.349,58,261358.36672841167
"2,4,7,9-Tetramethyl-5-decyn-4,7-diol",ORIANA.csv,ORIANA,16.5905166666667,393,16.591,84,40014.703676509474
1-Nonadecene,ORIANA.csv,ORIANA,18.67085,463,18.668,135,11007.923003551105
Hexadecane,ORIANA.csv,ORIANA,18.7512333333333,465,18.726,169,81359.24105949665
Benzophenone,ORIANA.csv,ORIANA,19.31715,484,19.314,57,134772.115260134
"2-Propanone, 1-methoxy-",SAGITTA.csv,SAGITTA,2.18888333333333,10,2.183,45,15789596.366662825
"Butanal, 3-methyl-",SAGITTA.csv,SAGITTA,2.89948333333333,32,2.895,44,3244203.1769012604
Hexanal,SAGITTA.csv,SAGITTA,5.28452296022289,89,5.289,56,1743419.182767206
"Cyclotrisiloxane, hexamethyl-",SAGITTA.csv,SAGITTA,5.88333333333333,96,5.893,207,4933510.078426686
Styrene,SAGITTA.csv,SAGITTA,7.68716254993194,125,7.703,77,392785.1107391352
Heptanal,SAGITTA.csv,SAGITTA,7.93793333333333,131,7.933,56,23007.486527268386
Benzaldehyde,SAGITTA.csv,SAGITTA,9.32171998073253,165,9.322,85,29277.84461801107
"Furan, 2-pentyl-",SAGITTA.csv,SAGITTA,9.97005,188,9.986,43,421458.58849942486
"Cyclotetrasiloxane, octamethyl-",SAGITTA.csv,SAGITTA,10.0942986262943,192,10.089,281,3626158.600242241
"1-Hexanol, 2-ethyl-",SAGITTA.csv,SAGITTA,10.70315,209,10.699,92,34578.40348737253
Nonanal,SAGITTA.csv,SAGITTA,12.0825333333333,253,12.102,57,22812952.032224327
"Ethanol, 1-(2-butoxyethoxy)-",SAGITTA.csv,SAGITTA,13.478,293,13.472,109,74305.31940448236
Dodecane,SAGITTA.csv,SAGITTA,13.5969666666667,297,13.587,59,373583.84381142986
Decanal,SAGITTA.csv,SAGITTA,13.7095,300,13.703,120,243342.0813468629
"Ethanol, 2-phenoxy-",SAGITTA.csv,SAGITTA,13.9860166666667,308,13.989,57,1186504.4033326504
"2-Propanol, 1-(2-butoxy-1-methylethoxy)-",SAGITTA.csv,SAGITTA,14.26255,317,14.247,88,3876331.947199064
"2-Propanol, 1-(2-butoxy-1-methylethoxy)-",SAGITTA.csv,SAGITTA,14.3300666666667,320,14.343,71,619084.7284258666
Methyl 8-oxooctanoate,SAGITTA.csv,SAGITTA,15.50045,358,15.494,87,744963.1520498596
Triacetin,SAGITTA.csv,SAGITTA,15.6740833333333,364,15.665,71,260262.8047930397
"2,4,7,9-Tetramethyl-5-decyn-4,7-diol",SAGITTA.csv,SAGITTA,16.6129666666667,394,16.623,109,10958330.159428466
"Nonanoic acid, 9-oxo-, methyl ester",SAGITTA.csv,SAGITTA,16.8316166666667,401,16.825,105,95351.47781973734
n-Tridecan-1-ol,SAGITTA.csv,SAGITTA,17.2978333333333,419,17.295,104,165236.1188992351
"1-Decanol, 2-hexyl-",SAGITTA.csv,SAGITTA,17.6836833333333,432,17.658,71,2112440.6666486543
"2,4-Di-tert-butylphenol",SAGITTA.csv,SAGITTA,17.793,435,17.783,57,3152713.227542935
1-Nonadecene,SAGITTA.csv,SAGITTA,18.6740166666667,463,18.668,135,20241.28577940695
Hexadecane,SAGITTA.csv,SAGITTA,18.7576166666667,466,18.777,57,20762566.90856511
"Dodecanoic acid, 1-methylethyl ester",SAGITTA.csv,SAGITTA,19.0502,476,19.047,167,17072.01223015894
Benzophenone,SAGITTA.csv,SAGITTA,19.3203,484,19.314,57,576590.0964496112
"2-Propanone, 1-methoxy-",SUPERIOR.csv,SUPERIOR,2.19218333333333,10,2.183,45,15171193.053389778
"Butanal, 3-methyl-",SUPERIOR.csv,SUPERIOR,2.89956666666667,32,2.895,44,2962706.655814306
Pentanal,SUPERIOR.csv,SUPERIOR,3.31433333333333,46,3.315,44,2506661.408266104
"Butanenitrile, 2-methyl-",SUPERIOR.csv,SUPERIOR,3.69375,53,3.699,56,46062.251872779205
"Cyclotrisiloxane, hexamethyl-",SUPERIOR.csv,SUPERIOR,5.8834,96,5.893,207,8174062.86207873
Benzaldehyde,SUPERIOR.csv,SUPERIOR,9.32551770994083,165,9.322,85,23293.08924390663
Phenol,SUPERIOR.csv,SUPERIOR,9.76767320821925,180,9.767,60,66337.07167669803
"Cyclotetrasiloxane, octamethyl-",SUPERIOR.csv,SUPERIOR,10.0923,192,10.089,281,4901455.703948927
Octanal,SUPERIOR.csv,SUPERIOR,10.1952,195,10.179,59,37310.96454609975
"1-Hexanol, 2-ethyl-",SUPERIOR.csv,SUPERIOR,10.7032166666667,209,10.699,92,13818.050874117118
Nonanal,SUPERIOR.csv,SUPERIOR,12.0794,253,12.102,57,14265156.912752865
Decanal,SUPERIOR.csv,SUPERIOR,13.7095833333333,300,13.703,120,33859.40259961337
"Nonanoic acid, 9-oxo-, methyl ester",SUPERIOR.csv,SUPERIOR,16.8284666666667,401,16.825,105,16115.828639495689
Hexadecane,SUPERIOR.csv,SUPERIOR,18.75125,465,18.726,169,24364.78303614972
Benzophenone,SUPERIOR.csv,SUPERIOR,19.3107333333333,484,19.314,57,102297.9338592812
Eicosane,SUPERIOR.csv,SUPERIOR,22.7993833333333,607,22.808,57,2248957.206663075
"2-Propanone, 1-methoxy-",NICOLA.csv,NICOLA,2.18896666666667,10,2.183,45,15356995.789133864
"Butanal, 3-methyl-",NICOLA.csv,NICOLA,2.89955,32,2.895,44,4624744.474243923
"Disulfide, dimethyl",NICOLA.csv,NICOLA,4.06995,61,4.08,79,1087119.095606323
Hexanal,NICOLA.csv,NICOLA,5.28535,89,5.289,56,1644541.942022955
"Cyclotrisiloxane, hexamethyl-",NICOLA.csv,NICOLA,5.8860108650505,96,5.893,207,8914599.03369439
Styrene,NICOLA.csv,NICOLA,7.68699673661954,125,7.703,77,397624.8427758742
Heptanal,NICOLA.csv,NICOLA,7.93801666666667,131,7.933,56,29127.83638830377
Benzaldehyde,NICOLA.csv,NICOLA,9.3174,165,9.322,85,26822.896016777944
"Furan, 2-pentyl-",NICOLA.csv,NICOLA,9.97011666666667,188,9.986,43,404696.6803311049
"Cyclotetrasiloxane, octamethyl-",NICOLA.csv,NICOLA,10.0955166666667,192,10.089,281,5404716.021029804
"1-Hexanol, 2-ethyl-",NICOLA.csv,NICOLA,10.7032166666667,209,10.699,92,35249.95314230353
Nonanal,NICOLA.csv,NICOLA,12.0826,253,12.102,57,24111125.782696724
"Ethanol, 1-(2-butoxyethoxy)-",NICOLA.csv,NICOLA,13.4780666666667,293,13.472,109,88233.09305814434
Dodecane,NICOLA.csv,NICOLA,13.5970333333333,297,13.587,59,387581.1260842088
Decanal,NICOLA.csv,NICOLA,13.7095833333333,300,13.703,120,272178.61549872794
"Ethanol, 2-phenoxy-",NICOLA.csv,NICOLA,13.9861,308,13.989,57,1252152.5213212797
"2-Propanol, 1-(2-butoxy-1-methylethoxy)-",NICOLA.csv,NICOLA,14.2626166666667,317,14.247,88,4180500.755124504
"2-Propanol, 1-(2-butoxy-1-methylethoxy)-",NICOLA.csv,NICOLA,14.3301333333333,320,14.343,71,709316.9595707424
Methyl 8-oxooctanoate,NICOLA.csv,NICOLA,15.4973166666667,358,15.494,87,665187.7175899682
Triacetin,NICOLA.csv,NICOLA,15.67415,364,15.665,71,264005.3762117336
Tetradecane,NICOLA.csv,NICOLA,16.36225,386,16.349,58,1051432.9172814344
"2,4,7,9-Tetramethyl-5-decyn-4,7-diol",NICOLA.csv,NICOLA,16.61625,394,16.623,109,15000369.53054594
"Nonanoic acid, 9-oxo-, methyl ester",NICOLA.csv,NICOLA,16.8316833333333,401,16.825,105,93637.2025932362
n-Tridecan-1-ol,NICOLA.csv,NICOLA,17.2979166666667,419,17.295,104,167261.90672908063
"1-Decanol, 2-hexyl-",NICOLA.csv,NICOLA,17.7641333333333,434,17.748,168,183023.003621412
n-Tridecan-1-ol,NICOLA.csv,NICOLA,18.4908,458,18.497,105,1072876.33245079
1-Octadecanol,NICOLA.csv,NICOLA,18.6740833333333,463,18.668,135,19438.5500117045
Hexadecane,NICOLA.csv,NICOLA,18.7544666666667,466,18.777,57,20227153.386823878
"Dodecanoic acid, 1-methylethyl ester",NICOLA.csv,NICOLA,19.0502833333333,476,19.047,167,17013.179554629387
Benzophenone,NICOLA.csv,NICOLA,19.31715,484,19.314,57,594158.3580192846
Eicosane,NICOLA.csv,NICOLA,22.7961666666667,607,22.808,57,874435.3824832521
"1,3,5-Trifluorobenzene",ALTHEA.csv,ALTHEA,2.62626666666667,26,2.625,132,2366575.975801172
"Butanal, 3-methyl-",ALTHEA.csv,ALTHEA,2.89635,32,2.895,44,2008192.5939211932
Pentanal,ALTHEA.csv,ALTHEA,3.31113333333333,46,3.315,44,2011933.825099012
"Cyclotrisiloxane, hexamethyl-",ALTHEA.csv,ALTHEA,5.89628333333333,96,5.893,207,9237465.627415849
"2-Propanol, 1-butoxy-",ALTHEA.csv,ALTHEA,8.88978333333333,152,8.912,72,41279.04274224424
Benzaldehyde,ALTHEA.csv,ALTHEA,9.33440158227083,165,9.322,85,92347.79706787415
Phenol,ALTHEA.csv,ALTHEA,9.76434403560331,180,9.767,60,165321.5706269488
"Furan, 2-pentyl-",ALTHEA.csv,ALTHEA,9.99679592586519,188,9.986,43,733572.8416082391
"Cyclotetrasiloxane, octamethyl-",ALTHEA.csv,ALTHEA,10.11805,193,10.118,191,494875.6512245924
"1-Hexanol, 2-ethyl-",ALTHEA.csv,ALTHEA,10.7289666666667,210,10.731,70,5036606.963805619
Acetophenone,ALTHEA.csv,ALTHEA,11.4780828167651,234,11.478,105,5251614.697346275
Nonanal,ALTHEA.csv,ALTHEA,12.10835,253,12.102,57,30711175.93346511
"Ethanol, 1-(2-butoxyethoxy)-",ALTHEA.csv,ALTHEA,13.5070333333333,294,13.497,57,21606156.163481757
Decanal,ALTHEA.csv,ALTHEA,13.7321,301,13.732,57,9456029.58619698
"Ethanol, 2-phenoxy-",ALTHEA.csv,ALTHEA,14.0054,309,14.018,133,155804.83358396258
Methyl 8-oxooctanoate,ALTHEA.csv,ALTHEA,15.5262666666667,359,15.523,129,5897436.427868853
Triacetin,ALTHEA.csv,ALTHEA,15.6999,365,15.7,43,5228386.964723038
"Ethanol, 2-(2-butoxyethoxy)-, acetate",ALTHEA.csv,ALTHEA,15.94105,373,15.938,85,6692959.586666035
"2,4,7,9-Tetramethyl-5-decyn-4,7-diol",ALTHEA.csv,ALTHEA,16.65165,395,16.658,112,631209.2145890893
"Nonanoic acid, 9-oxo-, methyl ester",ALTHEA.csv,ALTHEA,16.8670666666667,403,16.883,67,2070855.0536550125
n-Tridecan-1-ol,ALTHEA.csv,ALTHEA,17.3300833333333,420,17.317,69,12331776.89844332
n-Tridecan-1-ol,ALTHEA.csv,ALTHEA,18.5229833333333,459,18.539,71,874899.9840342549
Hexadecane,ALTHEA.csv,ALTHEA,18.7866333333333,466,18.777,57,27224025.110658977
"Dodecanoic acid, 1-methylethyl ester",ALTHEA.csv,ALTHEA,19.0760166666667,477,19.073,43,7087800.997561807
Benzophenone,ALTHEA.csv,ALTHEA,19.3621833333333,486,19.362,106,2792677.065122273
"Methanone, (1-hydroxycyclohexyl)phenyl-",ALTHEA.csv,ALTHEA,20.0181166666667,509,20.029,81,2699124.9388378626
"Heptadecane, 3-methyl-",ALTHEA.csv,ALTHEA,20.6161666666667,529,20.612,43,2163251.2881427226
Octadecane,ALTHEA.csv,ALTHEA,20.90555,539,20.903,57,15606838.179652415
Nonadecane,ALTHEA.csv,ALTHEA,21.8862333333333,575,21.878,57,10106247.974914793
n-Hexadecanoic acid,ALTHEA.csv,ALTHEA,22.45215,593,22.444,57,838442.7456421161
"Disulfide, dimethyl",ANIVIA.csv,ANIVIA,4.07648333333333,61,4.08,79,598216.0201619547
Hexanal,ANIVIA.csv,ANIVIA,5.28868333333333,89,5.289,56,3108765.236013164
"Cyclotrisiloxane, hexamethyl-",ANIVIA.csv,ANIVIA,5.89316666666667,96,5.893,207,4715262.452172885
Benzaldehyde,ANIVIA.csv,ANIVIA,9.33822232080845,166,9.348,76,240557.05858560055
"Furan, 2-pentyl-",ANIVIA.csv,ANIVIA,9.99275,188,9.986,43,608409.1379743383
"Cyclotetrasiloxane, octamethyl-",ANIVIA.csv,ANIVIA,10.1149333333333,193,10.118,191,296767.0541848118
Octanal,ANIVIA.csv,ANIVIA,10.2178166666667,196,10.218,43,2093625.069336601
"1-Hexanol, 2-ethyl-",ANIVIA.csv,ANIVIA,10.7162,210,10.731,70,1593566.123871794
Acetophenone,ANIVIA.csv,ANIVIA,11.4782333333333,234,11.478,105,1337140.9459329275
Nonanal,ANIVIA.csv,ANIVIA,12.1020166666667,253,12.102,57,13050950.150920598
Dodecane,ANIVIA.csv,ANIVIA,13.6196666666667,298,13.616,57,1444938.2079647365
Decanal,ANIVIA.csv,ANIVIA,13.7289833333333,301,13.732,57,2524508.060912112
Tridecane,ANIVIA.csv,ANIVIA,15.0601333333333,344,15.06,57,1116080.4431409251
Tetradecane,ANIVIA.csv,ANIVIA,16.3848666666667,387,16.385,57,2997339.131585562
Hexadecane,ANIVIA.csv,ANIVIA,18.7706666666667,466,18.777,57,4322320.908743487
Benzophenone,ANIVIA.csv,ANIVIA,19.33335,485,19.336,181,197140.0674438579
"1,3-Benzenedicarboxylic acid, bis(2-ethylhexyl) ester",ANIVIA.csv,ANIVIA,20.9024333333333,539,20.903,57,1915970.3993745588
"1,3-Benzenedicarboxylic acid, bis(2-ethylhexyl) ester",ANIVIA.csv,ANIVIA,21.0149833333333,543,21.012,261,8674900.173927004
"2-Propanone, 1-methoxy-",DONALD.csv,DONALD,2.17372180783437,10,2.183,45,7636135.726414933
"1,3,5-Trifluorobenzene",DONALD.csv,DONALD,2.62316666666667,26,2.625,132,1798256.5152263578
"Butanal, 3-methyl-",DONALD.csv,DONALD,2.89326666666667,32,2.895,44,2330336.469752993
"Disulfide, dimethyl",DONALD.csv,DONALD,4.08021598107781,61,4.08,79,824280.38396276
"Cyclotrisiloxane, hexamethyl-",DONALD.csv,DONALD,5.89318333333333,96,5.893,207,7885999.995800216
Benzaldehyde,DONALD.csv,DONALD,9.33387991154803,165,9.322,85,83897.85073175999
Phenol,DONALD.csv,DONALD,9.75805,179,9.751,43,200207.22311666975
"Furan, 2-pentyl-",DONALD.csv,DONALD,9.99276666666667,188,9.986,43,570574.2312662039
"Cyclotetrasiloxane, octamethyl-",DONALD.csv,DONALD,10.1181666666667,193,10.118,191,509106.4625218393
"1-Hexanol, 2-ethyl-",DONALD.csv,DONALD,10.7258666666667,210,10.731,70,4478165.174294494
Nonanal,DONALD.csv,DONALD,12.10525,253,12.102,57,25375380.569197588
"Ethanol, 1-(2-butoxyethoxy)-",DONALD.csv,DONALD,13.5007166666667,294,13.497,57,18563615.855787605
Decanal,DONALD.csv,DONALD,13.7322166666667,301,13.732,57,5836701.609797032
"Ethanol, 2-phenoxy-",DONALD.csv,DONALD,13.9991,308,13.989,57,2181064.13259674
"2-Propanol, 1-(2-butoxy-1-methylethoxy)-",DONALD.csv,DONALD,14.2884833333333,318,14.288,45,3216759.4296870218
"2-Propanol, 1-(2-butoxy-1-methylethoxy)-",DONALD.csv,DONALD,14.356,320,14.343,71,817863.059695349
Methyl 8-oxooctanoate,DONALD.csv,DONALD,15.5231666666667,359,15.523,129,5052947.169276704
Triacetin,DONALD.csv,DONALD,15.7000166666667,365,15.7,43,5822773.89620524
"Ethanol, 2-(2-butoxyethoxy)-, acetate",DONALD.csv,DONALD,15.93795,373,15.938,85,5756997.701601862
"2,4,7,9-Tetramethyl-5-decyn-4,7-diol",DONALD.csv,DONALD,16.6453333333333,395,16.658,112,545120.079661985
"Nonanoic acid, 9-oxo-, methyl ester",DONALD.csv,DONALD,16.8639833333333,402,16.851,83,13478214.60861185
n-Tridecan-1-ol,DONALD.csv,DONALD,17.3269833333333,420,17.317,69,10612817.459039932
n-Tridecan-1-ol,DONALD.csv,DONALD,18.5198833333333,459,18.539,71,794490.2237475514
1-Octadecanol,DONALD.csv,DONALD,18.69995,464,18.697,83,4015473.178723139
Hexadecane,DONALD.csv,DONALD,18.78355,466,18.777,57,24032911.48076172
"Dodecanoic acid, 1-methylethyl ester",DONALD.csv,DONALD,19.0761333333333,477,19.073,43,3666522.995366823
Benzophenone,DONALD.csv,DONALD,19.3558833333333,486,19.362,106,2564662.192830961
n-Heptadecanol-1,DONALD.csv,DONALD,19.64205,496,19.647,71,2110976.359819838
"Methanone, (1-hydroxycyclohexyl)phenyl-",DONALD.csv,DONALD,20.0150166666667,508,20.006,99,5526137.948329632
Octadecane,DONALD.csv,DONALD,20.9024666666667,539,20.903,57,13145244.295594512
Isopropyl myristate,DONALD.csv,DONALD,21.1564666666667,547,21.162,73,6041859.754775872
"Benzene, (1-methyldodecyl)-",DONALD.csv,DONALD,22.0857166666667,581,22.076,178,1889902.966949512
n-Hexadecanoic acid,DONALD.csv,DONALD,22.4619,594,22.472,43,834474.1236951272
"2-Propanone, 1-methoxy-",FARIDA.csv,FARIDA,2.16343333333333,9,2.157,56,54899.9258890843
"Butanal, 3-methyl-",FARIDA.csv,FARIDA,2.89238155723577,32,2.895,44,2660496.8357913992
"Disulfide, dimethyl",FARIDA.csv,FARIDA,4.07422222313837,61,4.08,79,765048.029974299
"Cyclotrisiloxane, hexamethyl-",FARIDA.csv,FARIDA,5.89003333333333,96,5.893,207,7363643.58090085
Benzaldehyde,FARIDA.csv,FARIDA,9.33615897855185,166,9.348,76,223967.44831915657
Dimethyl trisulfide,FARIDA.csv,FARIDA,9.54588333333333,172,9.542,79,159135.02001288917
"Cyclotetrasiloxane, octamethyl-",FARIDA.csv,FARIDA,10.1150166666667,193,10.118,191,391807.5352453053
Octanal,FARIDA.csv,FARIDA,10.2146833333333,196,10.218,43,2262143.566771772
"1-Hexanol, 2-ethyl-",FARIDA.csv,FARIDA,10.7162833333333,210,10.731,70,1150002.7878135538
Acetophenone,FARIDA.csv,FARIDA,11.4751,234,11.478,105,1442919.7442744635
Nonanal,FARIDA.csv,FARIDA,12.0988833333333,253,12.102,57,13440907.947707543
Dodecane,FARIDA.csv,FARIDA,13.61975,298,13.616,57,1177056.4196679918
Decanal,FARIDA.csv,FARIDA,13.7290666666667,301,13.732,57,3233051.4060283746
Tridecane,FARIDA.csv,FARIDA,15.0634333333333,344,15.06,57,962489.5711892452
Tetradecane,FARIDA.csv,FARIDA,16.38495,387,16.385,57,2686234.847455225
"Nonanoic acid, 9-oxo-, methyl ester",FARIDA.csv,FARIDA,16.84475,402,16.851,83,647372.3184683734
1-Tetradecanol,FARIDA.csv,FARIDA,17.3141833333333,420,17.317,69,1561093.580091692
Hexadecane,FARIDA.csv,FARIDA,18.77395,466,18.777,57,4652039.1441179225
Benzophenone,FARIDA.csv,FARIDA,19.3334333333333,485,19.336,181,225093.19337356387
"1,3-Benzenedicarboxylic acid, bis(2-ethylhexyl) ester",FARIDA.csv,FARIDA,20.9025166666667,539,20.903,57,1975397.1550092264
"1,3-Benzenedicarboxylic acid, bis(2-ethylhexyl) ester",FARIDA.csv,FARIDA,21.01185,543,21.012,261,5426933.080735991
"1,3,5-Trifluorobenzene",HANSA.csv,HANSA,2.6261,26,2.625,132,2810001.495841843
"Butanal, 3-methyl-",HANSA.csv,HANSA,2.89618333333333,32,2.895,44,2351336.3303846824
"Heptane, 3-methylene-",HANSA.csv,HANSA,5.00225,80,4.999,83,106182.9750936848
"Cyclotrisiloxane, hexamethyl-",HANSA.csv,HANSA,5.89611666666667,96,5.893,207,10303912.929496411
Benzaldehyde,HANSA.csv,HANSA,9.33333333333333,165,9.322,85,87237.34299454276
Phenol,HANSA.csv,HANSA,9.75775,179,9.751,43,212548.4585222437
"Cyclotetrasiloxane, octamethyl-",HANSA.csv,HANSA,10.1178666666667,193,10.118,191,561357.1035902291
"1-Hexanol, 2-ethyl-",HANSA.csv,HANSA,10.7255833333333,210,10.731,70,4616498.780706026
Acetophenone,HANSA.csv,HANSA,11.47475,234,11.478,105,4431419.449252492
Nonanal,HANSA.csv,HANSA,12.1049666666667,253,12.102,57,22188476.601117637
"Octanoic acid, methyl ester",HANSA.csv,HANSA,12.4265,261,12.427,74,1989283.174044217
"Ethanol, 1-(2-butoxyethoxy)-",HANSA.csv,HANSA,13.494,294,13.497,57,13226485.77519246
Decanal,HANSA.csv,HANSA,13.7319333333333,301,13.732,57,5775040.895128909
"Ethanol, 2-phenoxy-",HANSA.csv,HANSA,13.9955833333333,308,13.989,57,1723357.471529986
"2-Propanol, 1-(2-butoxy-1-methylethoxy)-",HANSA.csv,HANSA,14.27855,318,14.288,45,2849151.324441413
"2-Propanol, 1-(2-butoxy-1-methylethoxy)-",HANSA.csv,HANSA,14.3492833333333,320,14.343,71,538708.5415404191
Methyl 8-oxooctanoate,HANSA.csv,HANSA,15.5228833333333,359,15.523,129,3998211.027660463
Triacetin,HANSA.csv,HANSA,15.6965166666667,365,15.7,43,3365242.688587199
"Nonanoic acid, 9-oxo-, methyl ester",HANSA.csv,HANSA,16.85725,402,16.851,83,11464835.441773571
n-Tridecan-1-ol,HANSA.csv,HANSA,17.3202666666667,420,17.317,69,7638552.586644447
Tridecanal,HANSA.csv,HANSA,17.7832833333333,435,17.783,57,3072460.149281123
Dodecanoic acid,HANSA.csv,HANSA,18.3298833333333,452,18.33,141,19146.13033873791
Hexadecane,HANSA.csv,HANSA,18.7800333333333,466,18.777,57,9805875.64769918
"Dodecanoic acid, 1-methylethyl ester",HANSA.csv,HANSA,19.0726333333333,477,19.073,43,2360119.0949232606
Benzophenone,HANSA.csv,HANSA,19.34915,486,19.362,106,2015149.31115805
"Methanone, (1-hydroxycyclohexyl)phenyl-",HANSA.csv,HANSA,20.0147333333333,508,20.006,99,3254954.3862560363
Octadecane,HANSA.csv,HANSA,20.89895,539,20.903,57,3958299.983489088
"1,4-Benzenedicarboxylic acid, bis(2-ethylhexyl) ester",HANSA.csv,HANSA,21.0115,543,21.012,261,10059278.074703284
"1,3,5-Trifluorobenzene",KENNEBEC.csv,KENNEBEC,2.62641666666667,26,2.625,132,1693722.6452440924
"Butanal, 3-methyl-",KENNEBEC.csv,KENNEBEC,2.89961142477727,32,2.895,44,1817740.404932363
Pentanal,KENNEBEC.csv,KENNEBEC,3.30808333333333,46,3.315,44,2862904.097553506
"Cyclotrisiloxane, hexamethyl-",KENNEBEC.csv,KENNEBEC,5.89643333333333,96,5.893,207,6860649.935901802
Heptanal,KENNEBEC.csv,KENNEBEC,7.95105,132,7.959,70,1364524.5785633924
Benzaldehyde,KENNEBEC.csv,KENNEBEC,9.33043333333333,165,9.322,85,86001.63559604326
Phenol,KENNEBEC.csv,KENNEBEC,9.7613,180,9.767,60,292977.1782163709
"Furan, 2-pentyl-",KENNEBEC.csv,KENNEBEC,9.9928,188,9.986,43,659286.8119308841
"Cyclotetrasiloxane, octamethyl-",KENNEBEC.csv,KENNEBEC,10.1182,193,10.118,191,426170.6746582409
"1-Hexanol, 2-ethyl-",KENNEBEC.csv,KENNEBEC,10.7291166666667,210,10.731,70,5079483.982202597
Acetophenone,KENNEBEC.csv,KENNEBEC,11.4750833333333,234,11.478,105,5126009.647667995
Nonanal,KENNEBEC.csv,KENNEBEC,12.1085,253,12.102,57,32111056.373149727
"Ethanol, 1-(2-butoxyethoxy)-",KENNEBEC.csv,KENNEBEC,13.5039666666667,294,13.497,57,19572597.007831413
Dodecane,KENNEBEC.csv,KENNEBEC,13.6229333333333,298,13.616,57,3995516.433823868
Decanal,KENNEBEC.csv,KENNEBEC,13.73225,301,13.732,57,7075855.68755641
"Ethanol, 2-phenoxy-",KENNEBEC.csv,KENNEBEC,14.00235,308,13.989,57,2745907.316725808
Methyl 8-oxooctanoate,KENNEBEC.csv,KENNEBEC,15.5264166666667,359,15.523,129,5701232.601497975
Triacetin,KENNEBEC.csv,KENNEBEC,15.70005,365,15.7,43,5299655.734131812
"Ethanol, 2-(2-butoxyethoxy)-, acetate",KENNEBEC.csv,KENNEBEC,15.9412,373,15.938,85,6353477.261388941
"2,4,7,9-Tetramethyl-5-decyn-4,7-diol",KENNEBEC.csv,KENNEBEC,16.6518,395,16.658,112,644855.2397726352
"Nonanoic acid, 9-oxo-, methyl ester",KENNEBEC.csv,KENNEBEC,16.8672333333333,403,16.883,67,2089339.678761318
n-Pentadecanol,KENNEBEC.csv,KENNEBEC,17.3302333333333,420,17.317,69,13184675.87992302
"2,4-Di-tert-butylphenol",KENNEBEC.csv,KENNEBEC,17.8254,436,17.819,191,4034770.088362509
n-Tridecan-1-ol,KENNEBEC.csv,KENNEBEC,18.5231333333333,459,18.539,71,842586.1504035313
1-Octadecanol,KENNEBEC.csv,KENNEBEC,18.6999833333333,464,18.697,83,4180448.668575614
Hexadecane,KENNEBEC.csv,KENNEBEC,18.7868,466,18.777,57,25954565.42898424
"Dodecanoic acid, 1-methylethyl ester",KENNEBEC.csv,KENNEBEC,19.0793833333333,477,19.073,43,7110444.263540164
Benzophenone,KENNEBEC.csv,KENNEBEC,19.3591333333333,486,19.362,106,2650154.8174109147
"Methanone, (1-hydroxycyclohexyl)phenyl-",KENNEBEC.csv,KENNEBEC,20.0150666666667,508,20.006,99,5242612.062663015
Octadecane,KENNEBEC.csv,KENNEBEC,20.9057166666667,539,20.903,57,13256740.2966013
Nonadecane,KENNEBEC.csv,KENNEBEC,21.8831833333333,575,21.878,57,8267561.922485947
n-Hexadecanoic acid,KENNEBEC.csv,KENNEBEC,22.4523,593,22.444,57,836989.0064167838
"2-Propanone, 1-methoxy-",MEMPHIS.csv,MEMPHIS,2.17263333333333,10,2.183,45,7656608.395293852
"Butanal, 3-methyl-",MEMPHIS.csv,MEMPHIS,2.88965,32,2.895,44,4595846.717686013
Hexanal,MEMPHIS.csv,MEMPHIS,5.2883,89,5.289,56,2167714.5897906367
"Cyclotrisiloxane, hexamethyl-",MEMPHIS.csv,MEMPHIS,5.8928,96,5.893,207,7783335.308761111
Benzaldehyde,MEMPHIS.csv,MEMPHIS,9.3375116093026,166,9.348,76,262507.53440948407
Phenol,MEMPHIS.csv,MEMPHIS,9.75443333333333,179,9.751,43,116828.51900605964
"Furan, 2-pentyl-",MEMPHIS.csv,MEMPHIS,9.99236666666667,188,9.986,43,324016.5227565677
"Cyclotetrasiloxane, octamethyl-",MEMPHIS.csv,MEMPHIS,10.11455,193,10.118,191,391235.73000166414
Octanal,MEMPHIS.csv,MEMPHIS,10.21745,196,10.218,43,1916679.0119128672
"1-Hexanol, 2-ethyl-",MEMPHIS.csv,MEMPHIS,10.7158333333333,210,10.731,70,1274925.5254829137
Eucalyptol,MEMPHIS.csv,MEMPHIS,10.8187166666667,213,10.821,83,1746195.2384981676
Acetophenone,MEMPHIS.csv,MEMPHIS,11.47465,234,11.478,105,1829415.9496201
Nonanal,MEMPHIS.csv,MEMPHIS,12.10165,253,12.102,57,11746334.648669291
Dodecane,MEMPHIS.csv,MEMPHIS,13.6192833333333,298,13.616,57,1234042.8727065404
Decanal,MEMPHIS.csv,MEMPHIS,13.7286166666667,301,13.732,57,2762620.5682519795
Tridecane,MEMPHIS.csv,MEMPHIS,15.0597666666667,344,15.06,57,981537.565968034
Tetradecane,MEMPHIS.csv,MEMPHIS,16.3845,387,16.385,57,2678212.615408216
Hexadecane,MEMPHIS.csv,MEMPHIS,18.7702833333333,466,18.777,57,4113315.7145586167
Benzophenone,MEMPHIS.csv,MEMPHIS,19.3329833333333,485,19.336,181,211990.87658876125
"1,3-Benzenedicarboxylic acid, bis(2-ethylhexyl) ester",MEMPHIS.csv,MEMPHIS,21.0757,545,21.089,149,2633068.783395663
"2-Propanone, 1-methoxy-",BILDTSTAR.csv,BILDTSTAR,2.1665,9,2.157,56,64772.99990821251
"Butanal, 3-methyl-",BILDTSTAR.csv,BILDTSTAR,2.88995,32,2.895,44,2541068.1681272504
"Cyclotrisiloxane, hexamethyl-",BILDTSTAR.csv,BILDTSTAR,5.8924241038531,96,5.893,207,6443496.229775044
Benzaldehyde,BILDTSTAR.csv,BILDTSTAR,9.33351666666667,165,9.322,85,14478.444655226527
Phenol,BILDTSTAR.csv,BILDTSTAR,9.7483,179,9.751,43,125850.00219725155
"Furan, 2-pentyl-",BILDTSTAR.csv,BILDTSTAR,9.99266666666667,188,9.986,43,267047.3914221295
"Cyclotetrasiloxane, octamethyl-",BILDTSTAR.csv,BILDTSTAR,10.11485,193,10.118,191,385152.22782902577
Octanal,BILDTSTAR.csv,BILDTSTAR,10.2145333333333,196,10.218,43,2631065.987234636
"1-Hexanol, 2-ethyl-",BILDTSTAR.csv,BILDTSTAR,10.7161166666667,210,10.731,70,1221297.1268205056
Acetophenone,BILDTSTAR.csv,BILDTSTAR,11.47495,234,11.478,105,1972929.81827598
Nonanal,BILDTSTAR.csv,BILDTSTAR,12.1019333333333,253,12.102,57,14571470.420892537
Dodecane,BILDTSTAR.csv,BILDTSTAR,13.6195833333333,298,13.616,57,1243545.7393967358
Decanal,BILDTSTAR.csv,BILDTSTAR,13.7289,301,13.732,57,3948597.0969222975
Tetradecane,BILDTSTAR.csv,BILDTSTAR,16.3847833333333,387,16.385,57,2807033.8730550325
"Nonanoic acid, 9-oxo-, methyl ester",BILDTSTAR.csv,BILDTSTAR,16.8445833333333,402,16.851,83,1486146.038646416
n-Tridecan-1-ol,BILDTSTAR.csv,BILDTSTAR,17.3140333333333,420,17.317,69,2467470.8681727634
Hexadecane,BILDTSTAR.csv,BILDTSTAR,18.7738,466,18.777,57,5364527.355642747
Benzophenone,BILDTSTAR.csv,BILDTSTAR,19.3332666666667,485,19.336,181,293975.74782009964
"1,3-Benzenedicarboxylic acid, bis(2-ethylhexyl) ester",BILDTSTAR.csv,BILDTSTAR,20.9023666666667,539,20.903,57,1462586.3046231803
"1,3-Benzenedicarboxylic acid, bis(2-ethylhexyl) ester",BILDTSTAR.csv,BILDTSTAR,21.0116833333333,543,21.012,261,8007465.028646224
n-Hexadecanoic acid,BILDTSTAR.csv,BILDTSTAR,22.4682333333333,594,22.472,43,1142860.269205638
"2-Propanone, 1-methoxy-",REDDALE.csv,REDDALE,2.16993333333333,9,2.157,56,82915.28037565616
"Butanal, 3-methyl-",REDDALE.csv,REDDALE,2.89577027319904,32,2.895,44,3050365.73615094
"Cyclotrisiloxane, hexamethyl-",REDDALE.csv,REDDALE,5.89653333333333,96,5.893,207,5788447.878779606
Benzaldehyde,REDDALE.csv,REDDALE,9.33811335722017,166,9.348,76,190587.8960974779
Phenol,REDDALE.csv,REDDALE,9.75175,179,9.751,43,114525.09155126392
"Cyclotetrasiloxane, octamethyl-",REDDALE.csv,REDDALE,10.1165533304645,193,10.118,191,301510.424469464
Octanal,REDDALE.csv,REDDALE,10.21475,196,10.218,43,2270520.0175796333
"1-Hexanol, 2-ethyl-",REDDALE.csv,REDDALE,10.71635,210,10.731,70,1132320.138026391
Eucalyptol,REDDALE.csv,REDDALE,10.81925,213,10.821,83,1458278.1542634745
Acetophenone,REDDALE.csv,REDDALE,11.4751666666667,234,11.478,105,1797739.5535704463
Nonanal,REDDALE.csv,REDDALE,12.1021666666667,253,12.102,57,13208966.806941338
Dodecane,REDDALE.csv,REDDALE,13.6198166666667,298,13.616,57,1342316.70458276
Decanal,REDDALE.csv,REDDALE,13.7291333333333,301,13.732,57,3343130.8960674177
Tridecane,REDDALE.csv,REDDALE,15.0635166666667,344,15.06,57,1088767.6362965095
Tetradecane,REDDALE.csv,REDDALE,16.3818,387,16.385,57,3041970.727202491
"Nonanoic acid, 9-oxo-, methyl ester",REDDALE.csv,REDDALE,16.8448166666667,402,16.851,83,1523397.7501119596
"3-Eicosene, (E)-",REDDALE.csv,REDDALE,17.3142666666667,420,17.317,69,2364114.468333232
Hexadecane,REDDALE.csv,REDDALE,18.7708166666667,466,18.777,57,4032017.379227345
Benzophenone,REDDALE.csv,REDDALE,19.3335,485,19.336,181,301322.0237361209
"1,3-Benzenedicarboxylic acid, bis(2-ethylhexyl) ester",REDDALE.csv,REDDALE,20.9026,539,20.903,57,1887163.6423283536
"1,4-Benzenedicarboxylic acid, bis(2-ethylhexyl) ester",REDDALE.csv,REDDALE,21.0119166666667,543,21.012,261,8231354.769059761
"1,4-Benzenedicarboxylic acid, bis(2-ethylhexyl) ester",REDDALE.csv,REDDALE,21.0762166666667,545,21.089,149,2720907.1384913614
"2-Propanone, 1-methoxy-",VIOLET QUEEN.csv,VIOLET QUEEN,2.17286666666667,10,2.183,45,6789151.233774794
"1,3,5-Trifluorobenzene",VIOLET QUEEN.csv,VIOLET QUEEN,2.62301666666667,26,2.625,132,1964056.022415492
"Butanal, 3-methyl-",VIOLET QUEEN.csv,VIOLET QUEEN,2.89631666666667,32,2.895,44,11012562.73728554
"Heptane, 3-methylene-",VIOLET QUEEN.csv,VIOLET QUEEN,5.00238333333333,80,4.999,83,77914.17166805189
"Cyclotrisiloxane, hexamethyl-",VIOLET QUEEN.csv,VIOLET QUEEN,5.89491893359831,96,5.893,207,5680306.126925326
"2-Propanol, 1-butoxy-",VIOLET QUEEN.csv,VIOLET QUEEN,8.88975,152,8.912,72,22794.64212223597
Benzaldehyde,VIOLET QUEEN.csv,VIOLET QUEEN,9.33025,165,9.322,85,79048.46779082804
Phenol,VIOLET QUEEN.csv,VIOLET QUEEN,9.76431666666667,180,9.767,60,296958.0406828503
"Furan, 2-pentyl-",VIOLET QUEEN.csv,VIOLET QUEEN,9.99261666666667,188,9.986,43,652701.5635197627
"Cyclotetrasiloxane, octamethyl-",VIOLET QUEEN.csv,VIOLET QUEEN,10.1148,193,10.118,191,381004.0947347592
"1-Hexanol, 2-ethyl-",VIOLET QUEEN.csv,VIOLET QUEEN,10.7257166666667,210,10.731,70,4594877.091392594
Acetophenone,VIOLET QUEEN.csv,VIOLET QUEEN,11.4748833333333,234,11.478,105,4654803.763170636
Nonanal,VIOLET QUEEN.csv,VIOLET QUEEN,12.1051,253,12.102,57,25967356.46760221
"Ethanol, 1-(2-butoxyethoxy)-",VIOLET QUEEN.csv,VIOLET QUEEN,13.5005666666667,294,13.497,57,18592918.485376563
Decanal,VIOLET QUEEN.csv,VIOLET QUEEN,13.7320666666667,301,13.732,57,5413954.92650467
"Ethanol, 2-phenoxy-",VIOLET QUEEN.csv,VIOLET QUEEN,14.00215,308,13.989,57,2488598.9110639496
Methyl 8-oxooctanoate,VIOLET QUEEN.csv,VIOLET QUEEN,15.5230166666667,359,15.523,129,4300335.830128023
Triacetin,VIOLET QUEEN.csv,VIOLET QUEEN,15.6998666666667,365,15.7,43,4832102.851076859
Tetradecane,VIOLET QUEEN.csv,VIOLET QUEEN,16.3847333333333,387,16.385,57,14371780.31021212
"2,4,7,9-Tetramethyl-5-decyn-4,7-diol",VIOLET QUEEN.csv,VIOLET QUEEN,16.6419666666667,395,16.658,112,506830.4506506509
"Nonanoic acid, 9-oxo-, methyl ester",VIOLET QUEEN.csv,VIOLET QUEEN,16.8606,402,16.851,83,11132177.697105316
n-Tridecan-1-ol,VIOLET QUEEN.csv,VIOLET QUEEN,17.3268333333333,420,17.317,69,11042819.316744223
"1-Decanol, 2-hexyl-",VIOLET QUEEN.csv,VIOLET QUEEN,17.7126833333333,433,17.713,57,6750136.814732109
n-Tridecan-1-ol,VIOLET QUEEN.csv,VIOLET QUEEN,18.5197333333333,459,18.539,71,652654.2025125491
1-Octadecanol,VIOLET QUEEN.csv,VIOLET QUEEN,18.6997833333333,464,18.697,83,3543947.392214808
Hexadecane,VIOLET QUEEN.csv,VIOLET QUEEN,18.7833833333333,466,18.777,57,23879764.572669853
"Dodecanoic acid, 1-methylethyl ester",VIOLET QUEEN.csv,VIOLET QUEEN,19.0759833333333,477,19.073,43,5496487.007025962
Benzophenone,VIOLET QUEEN.csv,VIOLET QUEEN,19.3525,486,19.362,106,2369510.4477743786
"Methanone, (1-hydroxycyclohexyl)phenyl-",VIOLET QUEEN.csv,VIOLET QUEEN,20.0148666666667,508,20.006,99,4663438.464135874
Octadecane,VIOLET QUEEN.csv,VIOLET QUEEN,20.9055166666667,539,20.903,57,12972409.366159707
"1,4-Benzenedicarboxylic acid, bis(2-ethylhexyl) ester",VIOLET QUEEN.csv,VIOLET QUEEN,21.01485,543,21.012,261,4591685.748856486
Nonadecane,VIOLET QUEEN.csv,VIOLET QUEEN,21.8862,575,21.878,57,5614415.1256387895
"Butanal, 3-methyl-",ADORA.csv,ADORA,2.89308333333333,32,2.895,44,3847878.457655193
"Disulfide, dimethyl",ADORA.csv,ADORA,4.08192302274175,61,4.08,79,1094885.5914453794
"Cyclotrisiloxane, hexamethyl-",ADORA.csv,ADORA,5.90266666666667,96,5.893,207,8051638.710605411
Benzaldehyde,ADORA.csv,ADORA,9.33794543512391,166,9.348,76,160831.54526904374
Phenol,ADORA.csv,ADORA,9.75143333333333,179,9.751,43,192869.02404491528
"Cyclotetrasiloxane, octamethyl-",ADORA.csv,ADORA,10.1179833333333,193,10.118,191,442153.6729299167
Octanal,ADORA.csv,ADORA,10.2208833333333,196,10.218,43,3578182.4956626343
"1-Hexanol, 2-ethyl-",ADORA.csv,ADORA,10.7335340073372,210,10.731,70,1396695.475933161
Eucalyptol,ADORA.csv,ADORA,10.82215,213,10.821,83,2418350.664322129
Acetophenone,ADORA.csv,ADORA,11.4748666666667,234,11.478,105,3943885.888873813
Nonanal,ADORA.csv,ADORA,12.1050833333333,253,12.102,57,14775288.048156658
Dodecane,ADORA.csv,ADORA,13.6227333333333,298,13.616,57,1492866.7151218145
Decanal,ADORA.csv,ADORA,13.73205,301,13.732,57,7726009.46719241
Dodecanal,ADORA.csv,ADORA,16.5294,391,16.533,57,2106065.470160661
Phenylmaleic anhydride,ADORA.csv,ADORA,18.1692333333333,447,18.182,51,432957.7455042657
Hexadecane,ADORA.csv,ADORA,18.7737333333333,466,18.777,57,3496288.591134288
Benzophenone,ADORA.csv,ADORA,19.3332,485,19.336,181,583018.4466718099
Heptadecane,ADORA.csv,ADORA,19.8637333333333,504,19.865,57,2604082.8610777683
Tetradecanoic acid,ADORA.csv,ADORA,20.4843,524,20.481,60,1881091.6041109867
"Carbonic acid, 2-ethylhexyl octyl ester",ADORA.csv,ADORA,21.0084,543,21.012,261,5235079.951612279
"2-Propanol, 1-chloro-, phosphate (3:1)",ADORA.csv,ADORA,21.0469833333333,544,21.053,83,2896276.797703905
n-Hexadecanoic acid,ADORA.csv,ADORA,22.46495,594,22.472,43,850233.6549555503
Eicosane,ADORA.csv,ADORA,22.8186333333333,607,22.808,57,1898273.4434750665
"Disulfide, dimethyl",DESIREE.csv,DESIREE,4.07956666666667,61,4.08,79,284237.2599351689
Hexanal,DESIREE.csv,DESIREE,5.29176666666667,89,5.289,56,6466124.484719032
"Cyclotrisiloxane, hexamethyl-",DESIREE.csv,DESIREE,5.90268333333333,96,5.893,207,3110083.0765129314
Benzaldehyde,DESIREE.csv,DESIREE,9.33988333333333,166,9.348,76,78596.28063854476
Phenol,DESIREE.csv,DESIREE,9.75466666666667,179,9.751,43,149840.2799742995
"Furan, 2-pentyl-",DESIREE.csv,DESIREE,9.99813249655426,188,9.986,43,320793.47775071213
"Cyclotetrasiloxane, octamethyl-",DESIREE.csv,DESIREE,10.118,193,10.118,191,154556.64851524835
Octanal,DESIREE.csv,DESIREE,10.2210704034593,196,10.218,43,2315171.019554893
"1-Hexanol, 2-ethyl-",DESIREE.csv,DESIREE,10.7225,210,10.731,70,883643.0883154575
Eucalyptol,DESIREE.csv,DESIREE,10.81895,213,10.821,83,1552905.5044649383
Acetophenone,DESIREE.csv,DESIREE,11.4781,234,11.478,105,942495.9238695938
Nonanal,DESIREE.csv,DESIREE,12.1018833333333,253,12.102,57,12608448.879436214
Decanal,DESIREE.csv,DESIREE,13.7320666666667,301,13.732,57,3717857.4059171714
"Nonanoic acid, 9-oxo-, methyl ester",DESIREE.csv,DESIREE,16.8445333333333,402,16.851,83,968511.9677060944
Benzophenone,DESIREE.csv,DESIREE,19.33,485,19.336,181,166431.06379722556
Tetradecanoic acid,DESIREE.csv,DESIREE,20.4811,524,20.481,60,1483989.3657336812
"Carbonic acid, 2-ethylhexyl octyl ester",DESIREE.csv,DESIREE,21.0084166666667,543,21.012,261,2968775.623851056
"2-Propanol, 1-chloro-, phosphate (3:1)",DESIREE.csv,DESIREE,21.0437833333333,544,21.053,83,2423324.3204880985
n-Hexadecanoic acid,DESIREE.csv,DESIREE,22.4585333333333,594,22.472,43,516881.8667153966
"Butanal, 3-methyl-",CLEARWATER R.csv,CLEARWATER R,2.89006666666667,32,2.895,44,5188678.714902852
"Disulfide, dimethyl",CLEARWATER R.csv,CLEARWATER R,4.07854256728671,61,4.08,79,1094212.3534483786
"Cyclotrisiloxane, hexamethyl-",CLEARWATER R.csv,CLEARWATER R,5.89965,96,5.893,207,5246295.634854974
Benzaldehyde,CLEARWATER R.csv,CLEARWATER R,9.33365,165,9.322,85,17414.46136077501
Dimethyl trisulfide,CLEARWATER R.csv,CLEARWATER R,9.54906666666667,172,9.542,79,362248.98121570505
Phenol,CLEARWATER R.csv,CLEARWATER R,9.75163333333333,179,9.751,43,168334.48496818438
"Furan, 2-pentyl-",CLEARWATER R.csv,CLEARWATER R,9.996,188,9.986,43,415621.4589238128
"Cyclotetrasiloxane, octamethyl-",CLEARWATER R.csv,CLEARWATER R,10.1181833333333,193,10.118,191,306373.607399656
Octanal,CLEARWATER R.csv,CLEARWATER R,10.2178666666667,196,10.218,43,3157417.113761561
"1-Hexanol, 2-ethyl-",CLEARWATER R.csv,CLEARWATER R,10.7226833333333,210,10.731,70,2304953.3386584786
Eucalyptol,CLEARWATER R.csv,CLEARWATER R,10.8191333333333,213,10.821,83,3354818.894737028
Acetophenone,CLEARWATER R.csv,CLEARWATER R,11.47185,234,11.478,105,3829074.524896996
Nonanal,CLEARWATER R.csv,CLEARWATER R,12.1020666666667,253,12.102,57,15608755.915266382
Benzoic acid,CLEARWATER R.csv,CLEARWATER R,13.2853166666667,288,13.292,106,335589.15483314137
Decanal,CLEARWATER R.csv,CLEARWATER R,13.73225,301,13.732,57,7418906.721521261
Triacetin,CLEARWATER R.csv,CLEARWATER R,15.6904,365,15.7,43,1190639.675160004
Tetradecane,CLEARWATER R.csv,CLEARWATER R,16.3849166666667,387,16.385,57,2606948.506737609
"2,4,7,9-Tetramethyl-5-decyn-4,7-diol",CLEARWATER R.csv,CLEARWATER R,16.6099833333333,394,16.623,109,1086172.0617301085
"Nonanoic acid, 9-oxo-, methyl ester",CLEARWATER R.csv,CLEARWATER R,16.8479333333333,402,16.851,83,1106393.11450702
Phenylmaleic anhydride,CLEARWATER R.csv,CLEARWATER R,18.1694333333333,447,18.182,51,553591.8250802928
Hexadecane,CLEARWATER R.csv,CLEARWATER R,18.7739166666667,466,18.777,57,8251236.646927908
Benzophenone,CLEARWATER R.csv,CLEARWATER R,19.3334,485,19.336,181,564239.8243013078
Heptadecane,CLEARWATER R.csv,CLEARWATER R,19.8639333333333,504,19.865,57,5248938.558986382
Tetradecanoic acid,CLEARWATER R.csv,CLEARWATER R,20.5102166666667,525,20.506,73,2134156.882140276
Octadecane,CLEARWATER R.csv,CLEARWATER R,20.9024833333333,539,20.903,57,8432760.75932718
"Carbonic acid, bis(2-ethylhexyl) ester",CLEARWATER R.csv,CLEARWATER R,21.0118166666667,543,21.012,261,10467591.817329949
Nonadecane,CLEARWATER R.csv,CLEARWATER R,21.8831666666667,575,21.878,57,2935511.267171874
"Benzene, (1-methyldodecyl)-",CLEARWATER R.csv,CLEARWATER R,22.0825166666667,581,22.076,178,1777200.2956077976
"Hexadecanoic acid, methyl ester",CLEARWATER R.csv,CLEARWATER R,22.1436166666667,582,22.134,105,17326135.897666533
n-Hexadecanoic acid,CLEARWATER R.csv,CLEARWATER R,22.4715833333333,594,22.472,43,1285653.322186977
Eicosane,CLEARWATER R.csv,CLEARWATER R,22.8188333333333,607,22.808,57,2172051.850910044
"Furan, 2,5-diphenyl-",CLEARWATER R.csv,CLEARWATER R,23.4169,625,23.408,77,291451.6544742413
"2-Propanone, 1-methoxy-",PAYETTE RUSSET.csv,PAYETTE RUSSET,2.1731,10,2.183,45,9093642.065276625
"Butanal, 3-methyl-",PAYETTE RUSSET.csv,PAYETTE RUSSET,2.89011666666667,32,2.895,44,2157062.730742956
"Disulfide, dimethyl",PAYETTE RUSSET.csv,PAYETTE RUSSET,4.07658333333333,61,4.08,79,633413.7114149922
"Cyclotrisiloxane, hexamethyl-",PAYETTE RUSSET.csv,PAYETTE RUSSET,5.89968333333333,96,5.893,207,2385863.836484138
Benzaldehyde,PAYETTE RUSSET.csv,PAYETTE RUSSET,9.34409271467212,166,9.348,76,96858.6527119544
Dimethyl trisulfide,PAYETTE RUSSET.csv,PAYETTE RUSSET,9.55233333333333,172,9.542,79,136734.81536719936
"Furan, 2-pentyl-",PAYETTE RUSSET.csv,PAYETTE RUSSET,9.99926666666667,188,9.986,43,172982.8345072299
"Cyclotetrasiloxane, octamethyl-",PAYETTE RUSSET.csv,PAYETTE RUSSET,10.1183972147845,193,10.118,191,129259.6534574275
Octanal,PAYETTE RUSSET.csv,PAYETTE RUSSET,10.2211166666667,196,10.218,43,1259565.4525971336
"1-Hexanol, 2-ethyl-",PAYETTE RUSSET.csv,PAYETTE RUSSET,10.7227166666667,210,10.731,70,367753.9089124087
Eucalyptol,PAYETTE RUSSET.csv,PAYETTE RUSSET,10.8191833333333,213,10.821,83,900994.934614098
Nonanal,PAYETTE RUSSET.csv,PAYETTE RUSSET,12.1021,253,12.102,57,7947913.941146258
Dodecane,PAYETTE RUSSET.csv,PAYETTE RUSSET,13.6229666666667,298,13.616,57,730490.5682056838
Decanal,PAYETTE RUSSET.csv,PAYETTE RUSSET,13.7322833333333,301,13.732,57,1661787.3072039278
Tetradecane,PAYETTE RUSSET.csv,PAYETTE RUSSET,16.3849666666667,387,16.385,57,2127524.646835301
Hexadecane,PAYETTE RUSSET.csv,PAYETTE RUSSET,18.77075,466,18.777,57,2625025.5767810857
Benzophenone,PAYETTE RUSSET.csv,PAYETTE RUSSET,19.3334333333333,485,19.336,181,126699.1515292369
"Butanal, 3-methyl-",PRINCEOFORANGE.csv,PRINCEOFORANGE,2.88998333333333,32,2.895,44,4842375.017118897
"Disulfide, dimethyl",PRINCEOFORANGE.csv,PRINCEOFORANGE,4.07999038755773,61,4.08,79,668314.5947222518
"Cyclotrisiloxane, hexamethyl-",PRINCEOFORANGE.csv,PRINCEOFORANGE,5.90276666666667,96,5.893,207,1732822.5213583405
Benzaldehyde,PRINCEOFORANGE.csv,PRINCEOFORANGE,9.34600893793363,166,9.348,76,51317.19368336991
Dimethyl trisulfide,PRINCEOFORANGE.csv,PRINCEOFORANGE,9.5522,172,9.542,79,199685.7522860056
"Furan, 2-pentyl-",PRINCEOFORANGE.csv,PRINCEOFORANGE,9.99591666666667,188,9.986,43,445276.4507928569
"Cyclotetrasiloxane, octamethyl-",PRINCEOFORANGE.csv,PRINCEOFORANGE,10.1181,193,10.118,191,104329.78916003248
Octanal,PRINCEOFORANGE.csv,PRINCEOFORANGE,10.2209833333333,196,10.218,43,2104772.0661971807
"1-Hexanol, 2-ethyl-",PRINCEOFORANGE.csv,PRINCEOFORANGE,10.7225833333333,210,10.731,70,529971.5246829807
Eucalyptol,PRINCEOFORANGE.csv,PRINCEOFORANGE,10.81905,213,10.821,83,1243136.233801023
Nonanal,PRINCEOFORANGE.csv,PRINCEOFORANGE,12.1019666666667,253,12.102,57,11213860.26361446
Decanal,PRINCEOFORANGE.csv,PRINCEOFORANGE,13.73215,301,13.732,57,3719409.394755061
"Nonanoic acid, 9-oxo-, methyl ester",PRINCEOFORANGE.csv,PRINCEOFORANGE,16.8446166666667,402,16.851,83,725947.6037504073
Benzophenone,PRINCEOFORANGE.csv,PRINCEOFORANGE,19.3300833333333,485,19.336,181,161147.2839392513
Tetradecanoic acid,PRINCEOFORANGE.csv,PRINCEOFORANGE,20.4779666666667,524,20.481,60,1023094.1457984492
"Carbonic acid, bis(2-ethylhexyl) ester",PRINCEOFORANGE.csv,PRINCEOFORANGE,21.0085,543,21.012,261,3174305.661931776
"2-Propanol, 1-chloro-, phosphate (3:1)",PRINCEOFORANGE.csv,PRINCEOFORANGE,21.0438666666667,544,21.053,83,1940024.0123063296
n-Hexadecanoic acid,PRINCEOFORANGE.csv,PRINCEOFORANGE,22.4586333333333,594,22.472,43,648838.922009202
"Butanal, 3-methyl-",SYMFONIA.csv,SYMFONIA,2.88671666666667,32,2.895,44,2667077.0820212555
Pentanal,SYMFONIA.csv,SYMFONIA,3.30793333333333,46,3.315,44,1306244.992160224
"Disulfide, dimethyl",SYMFONIA.csv,SYMFONIA,4.07318333333333,61,4.08,79,669059.275539348
Hexanal,SYMFONIA.csv,SYMFONIA,5.2918,89,5.289,56,3298768.6487721503
"Cyclotrisiloxane, hexamethyl-",SYMFONIA.csv,SYMFONIA,5.8995,96,5.893,207,2222422.9899685346
Benzaldehyde,SYMFONIA.csv,SYMFONIA,9.33993333333333,166,9.348,76,78977.09226067732
Dimethyl trisulfide,SYMFONIA.csv,SYMFONIA,9.55215,172,9.542,79,161487.55416962062
"Furan, 2-pentyl-",SYMFONIA.csv,SYMFONIA,9.99586666666667,188,9.986,43,207445.8140349143
"Cyclotetrasiloxane, octamethyl-",SYMFONIA.csv,SYMFONIA,10.11805,193,10.118,191,131527.33318494025
Octanal,SYMFONIA.csv,SYMFONIA,10.22095,196,10.218,43,1434755.3299765007
"1-Hexanol, 2-ethyl-",SYMFONIA.csv,SYMFONIA,10.7296796400966,210,10.731,70,601493.9666474323
Eucalyptol,SYMFONIA.csv,SYMFONIA,10.819,213,10.821,83,1375221.0848772624
Acetophenone,SYMFONIA.csv,SYMFONIA,11.47815,234,11.478,105,846509.2464725884
Nonanal,SYMFONIA.csv,SYMFONIA,12.1019333333333,253,12.102,57,7881663.69871914
Decanal,SYMFONIA.csv,SYMFONIA,13.7321166666667,301,13.732,57,2156289.27292276
Benzophenone,SYMFONIA.csv,SYMFONIA,19.33005,485,19.336,181,115223.00023492063
"1,3-Benzenedicarboxylic acid, bis(2-ethylhexyl) ester",SYMFONIA.csv,SYMFONIA,20.8444833333333,536,20.836,113,1687843.289636372
"Butanal, 3-methyl-",VE 71-105.csv,VE 71-105,2.88985,32,2.895,44,3190893.4712492167
"Cyclotrisiloxane, hexamethyl-",VE 71-105.csv,VE 71-105,5.90104111807478,96,5.893,207,5694697.474844289
Benzaldehyde,VE 71-105.csv,VE 71-105,9.33663333333333,166,9.348,76,141644.64210038583
Dimethyl trisulfide,VE 71-105.csv,VE 71-105,9.54885,172,9.542,79,323736.1367898537
Phenol,VE 71-105.csv,VE 71-105,9.7482,179,9.751,43,173803.18418085677
"Cyclotetrasiloxane, octamethyl-",VE 71-105.csv,VE 71-105,10.1179666666667,193,10.118,191,333939.9247413458
Octanal,VE 71-105.csv,VE 71-105,10.2176333333333,196,10.218,43,3107477.378273432
"1-Hexanol, 2-ethyl-",VE 71-105.csv,VE 71-105,10.72245,210,10.731,70,1463385.0886108696
Eucalyptol,VE 71-105.csv,VE 71-105,10.8189166666667,213,10.821,83,2268158.063563762
Acetophenone,VE 71-105.csv,VE 71-105,11.47485,234,11.478,105,3665121.725217885
Nonanal,VE 71-105.csv,VE 71-105,12.1018333333333,253,12.102,57,17845007.637012742
Benzoic acid,VE 71-105.csv,VE 71-105,13.2947333333333,288,13.292,106,370569.68542260746
Decanal,VE 71-105.csv,VE 71-105,13.7320166666667,301,13.732,57,6305181.120014818
"Nonanoic acid, 9-oxo-, methyl ester",VE 71-105.csv,VE 71-105,16.8444833333333,402,16.851,83,932644.7798207892
Phenylmaleic anhydride,VE 71-105.csv,VE 71-105,18.1692166666667,447,18.182,51,590242.8558980498
Benzophenone,VE 71-105.csv,VE 71-105,19.3331666666667,485,19.336,181,750264.0850596495
Tetradecanoic acid,VE 71-105.csv,VE 71-105,20.50035,525,20.506,73,1662519.9951042917
"Carbonic acid, 2-ethylhexyl octyl ester",VE 71-105.csv,VE 71-105,21.0115833333333,543,21.012,261,12431075.215422688
"2-Propanol, 1-chloro-, phosphate (3:1)",VE 71-105.csv,VE 71-105,21.04695,544,21.053,83,4082832.865471752
"Hexadecanoic acid, methyl ester",VE 71-105.csv,VE 71-105,22.1401833333333,582,22.134,105,3705348.359093747
9-Hexadecenoic acid,VE 71-105.csv,VE 71-105,22.2945166666667,588,22.3,71,198480.4660982481
"Butanal, 3-methyl-",ARIZONA.csv,ARIZONA,2.89318333333333,32,2.895,44,3825388.525553569
"Disulfide, dimethyl",ARIZONA.csv,ARIZONA,4.07965,61,4.08,79,823344.6327644387
Hexanal,ARIZONA.csv,ARIZONA,5.29740469185326,89,5.289,56,2132347.28447954
"Cyclotrisiloxane, hexamethyl-",ARIZONA.csv,ARIZONA,5.90275,96,5.893,207,6277482.174917435
Benzaldehyde,ARIZONA.csv,ARIZONA,9.33829139177429,166,9.348,76,167532.65212711738
Dimethyl trisulfide,ARIZONA.csv,ARIZONA,9.54896666666667,172,9.542,79,265087.7171238397
Phenol,ARIZONA.csv,ARIZONA,9.75153333333333,179,9.751,43,165339.02110682402
"Furan, 2-pentyl-",ARIZONA.csv,ARIZONA,9.9959,188,9.986,43,327068.46448699967
"Cyclotetrasiloxane, octamethyl-",ARIZONA.csv,ARIZONA,10.1180833333333,193,10.118,191,341593.6328796707
Octanal,ARIZONA.csv,ARIZONA,10.21775,196,10.218,43,2768684.408111443
"1-Hexanol, 2-ethyl-",ARIZONA.csv,ARIZONA,10.7225666666667,210,10.731,70,1351144.308244985
Eucalyptol,ARIZONA.csv,ARIZONA,10.8190333333333,213,10.821,83,2134080.596132737
Acetophenone,ARIZONA.csv,ARIZONA,11.47495,234,11.478,105,4131542.751888286
Nonanal,ARIZONA.csv,ARIZONA,12.10195,253,12.102,57,13369009.18360675
Benzoic acid,ARIZONA.csv,ARIZONA,13.3141333333333,289,13.321,60,165795.15575240194
Decanal,ARIZONA.csv,ARIZONA,13.7321333333333,301,13.732,57,6305523.156872383
"Nonanoic acid, 9-oxo-, methyl ester",ARIZONA.csv,ARIZONA,16.8446,402,16.851,83,625975.5900950033
Phenylmaleic anhydride,ARIZONA.csv,ARIZONA,18.1693333333333,447,18.182,51,441834.4521473285
Diethyl Phthalate,ARIZONA.csv,ARIZONA,18.8349,468,18.822,65,1399254.3776610554
Benzophenone,ARIZONA.csv,ARIZONA,19.3300666666667,485,19.336,181,349342.9001886734
Tetradecanoic acid,ARIZONA.csv,ARIZONA,20.4811666666667,524,20.481,60,1193346.8292041218
"Carbonic acid, 2-ethylhexyl octyl ester",ARIZONA.csv,ARIZONA,21.0084833333333,543,21.012,261,4953335.016024851
"2-Propanol, 1-chloro-, phosphate (3:1)",ARIZONA.csv,ARIZONA,21.04385,544,21.053,83,2052794.054513524
10-Methylanthracene-9-carboxaldehyde,ARIZONA.csv,ARIZONA,21.4682833333333,560,21.463,191,1497534.2364248815
n-Hexadecanoic acid,ARIZONA.csv,ARIZONA,22.4554,593,22.444,57,463463.6037907623
.beta.-Phenylpropiolophenone,ARIZONA.csv,ARIZONA,22.6193833333333,600,22.619,178,1348393.1724980888
"Furan, 2,5-diphenyl-",ARIZONA.csv,ARIZONA,23.4135666666667,625,23.408,77,472416.1109299274
"Disulfide, dimethyl",DIAMANT.csv,DIAMANT,4.0733,61,4.08,79,735989.3036697642
"Cyclotrisiloxane, hexamethyl-",DIAMANT.csv,DIAMANT,5.89963333333333,96,5.893,207,7915473.21979827
Benzaldehyde,DIAMANT.csv,DIAMANT,9.33363333333333,165,9.322,85,15264.663584898972
Dimethyl trisulfide,DIAMANT.csv,DIAMANT,9.54905,172,9.542,79,228265.23296740372
"Furan, 2-pentyl-",DIAMANT.csv,DIAMANT,9.99598333333333,188,9.986,43,325195.7585416217
"Cyclotetrasiloxane, octamethyl-",DIAMANT.csv,DIAMANT,10.1181666666667,193,10.118,191,392363.3317656575
Octanal,DIAMANT.csv,DIAMANT,10.21785,196,10.218,43,3595516.8139098478
"1-Hexanol, 2-ethyl-",DIAMANT.csv,DIAMANT,10.7251817367025,210,10.731,70,1148490.4419074364
Eucalyptol,DIAMANT.csv,DIAMANT,10.8191166666667,213,10.821,83,2063345.443044656
Acetophenone,DIAMANT.csv,DIAMANT,11.4718333333333,234,11.478,105,3626165.964162607
Nonanal,DIAMANT.csv,DIAMANT,12.10205,253,12.102,57,17773519.331448838
Benzoic acid,DIAMANT.csv,DIAMANT,13.266,287,13.269,76,179483.11024646598
Decanal,DIAMANT.csv,DIAMANT,13.7322333333333,301,13.732,57,5049558.856868086
"Nonanoic acid, 9-oxo-, methyl ester",DIAMANT.csv,DIAMANT,16.8447,402,16.851,83,748603.9478879704
Phenylmaleic anhydride,DIAMANT.csv,DIAMANT,18.1694166666667,447,18.182,51,448570.8334936828
Benzophenone,DIAMANT.csv,DIAMANT,19.3301666666667,485,19.336,181,293869.9671552659
Tetradecanoic acid,DIAMANT.csv,DIAMANT,20.50055,525,20.506,73,1532569.2861603685
"1,3-Benzenedicarboxylic acid, bis(2-ethylhexyl) ester",DIAMANT.csv,DIAMANT,20.79315,534,20.785,70,339337.8948711125
"Carbonic acid, 2-ethylhexyl octyl ester",DIAMANT.csv,DIAMANT,21.0085833333333,543,21.012,261,9752211.36897152
"2-Propanol, 1-chloro-, phosphate (3:1)",DIAMANT.csv,DIAMANT,21.0471666666667,544,21.053,83,3503825.207560279
Pentadecanoic acid,DIAMANT.csv,DIAMANT,21.4941,561,21.485,57,923456.7693804974
Palmitoleic acid,DIAMANT.csv,DIAMANT,22.2979333333333,588,22.3,71,209136.65544818167
n-Hexadecanoic acid,DIAMANT.csv,DIAMANT,22.4715666666667,594,22.472,43,778515.8152173181
Isopropyl Alcohol,AVENGER.csv,AVENGER,2.16663333333333,9,2.157,56,82403.105888661
"Cyclotrisiloxane, hexamethyl-",AVENGER.csv,AVENGER,5.90286666666667,96,5.893,207,3582492.994165007
Benzaldehyde,AVENGER.csv,AVENGER,9.33686666666667,166,9.348,76,80107.66082568857
Phenol,AVENGER.csv,AVENGER,9.75486666666667,179,9.751,43,126207.1903203717
"Cyclotetrasiloxane, octamethyl-",AVENGER.csv,AVENGER,10.1182,193,10.118,191,174727.78624963292
Octanal,AVENGER.csv,AVENGER,10.2206973574432,196,10.218,43,2219151.4807359898
"1-Hexanol, 2-ethyl-",AVENGER.csv,AVENGER,10.7226833333333,210,10.731,70,1774053.8778307235
Eucalyptol,AVENGER.csv,AVENGER,10.81915,213,10.821,83,3910909.4261559225
Acetophenone,AVENGER.csv,AVENGER,11.4783,234,11.478,105,1305980.7409886096
Nonanal,AVENGER.csv,AVENGER,12.1020666666667,253,12.102,57,11315501.293694066
Decanal,AVENGER.csv,AVENGER,13.73225,301,13.732,57,2977963.422798682
Benzophenone,AVENGER.csv,AVENGER,19.3301833333333,485,19.336,181,269461.2344493614
"Carbonic acid, 2-ethylhexyl octyl ester",AVENGER.csv,AVENGER,21.0118166666667,543,21.012,261,2480546.71479757
"2-Propanol, 1-chloro-, phosphate (3:1)",AVENGER.csv,AVENGER,21.0439666666667,544,21.053,83,1686828.7223800302
Propene,CARRERA.csv,CARRERA,1.99931666666667,3,1.987,37,223090.35704240043
"Butanal, 3-methyl-",CARRERA.csv,CARRERA,2.89318333333333,32,2.895,44,3385131.464591263
"Cyclotrisiloxane, hexamethyl-",CARRERA.csv,CARRERA,5.901403968243,96,5.893,207,10221237.2130667
Styrene,CARRERA.csv,CARRERA,7.70638975110755,125,7.703,77,491014.8161019193
Heptanal,CARRERA.csv,CARRERA,7.95606385847193,132,7.959,70,1280617.839341198
Benzaldehyde,CARRERA.csv,CARRERA,9.33675,166,9.348,76,146794.6245088714
Dimethyl trisulfide,CARRERA.csv,CARRERA,9.54896666666667,172,9.542,79,522543.58904709714
Phenol,CARRERA.csv,CARRERA,9.75153333333333,179,9.751,43,191439.88202828917
"Cyclotetrasiloxane, octamethyl-",CARRERA.csv,CARRERA,10.1180833333333,193,10.118,191,434605.9071513331
Octanal,CARRERA.csv,CARRERA,10.21775,196,10.218,43,4445765.877244062
"1-Hexanol, 2-ethyl-",CARRERA.csv,CARRERA,10.7257833333333,210,10.731,70,2629108.5114880227
Eucalyptol,CARRERA.csv,CARRERA,10.8190333333333,213,10.821,83,5897468.7228368325
Nonanal,CARRERA.csv,CARRERA,12.1051666666667,253,12.102,57,19280504.639314525
Decanal,CARRERA.csv,CARRERA,13.7289166666667,301,13.732,57,5549715.64364851
"Nonanoic acid, 9-oxo-, methyl ester",CARRERA.csv,CARRERA,16.8446,402,16.851,83,862499.7987322295
Dimethyl phthalate,CARRERA.csv,CARRERA,17.1822166666667,415,17.185,57,409971.8209809413
Benzophenone,CARRERA.csv,CARRERA,19.3300666666667,485,19.336,181,512564.0193945669
"Carbonic acid, 2-ethylhexyl octyl ester",CARRERA.csv,CARRERA,21.0084833333333,543,21.012,261,3853952.527295759
"2-Propanol, 1-chloro-, phosphate (3:1)",CARRERA.csv,CARRERA,21.04385,544,21.053,83,2301020.0173219866
Pentanal,EVEREST.csv,EVEREST,3.3113,46,3.315,44,2730745.4205290424
"Disulfide, dimethyl",EVEREST.csv,EVEREST,4.08187426166388,61,4.08,79,614566.1288717695
Hexanal,EVEREST.csv,EVEREST,5.29493095921073,89,5.289,56,9251999.28654753
"Cyclotrisiloxane, hexamethyl-",EVEREST.csv,EVEREST,5.90163541155894,96,5.893,207,6463383.418919039
Benzaldehyde,EVEREST.csv,EVEREST,9.33688333333333,166,9.348,76,180995.00593193976
Dimethyl trisulfide,EVEREST.csv,EVEREST,9.5491,172,9.542,79,243413.3062068744
"Furan, 2-pentyl-",EVEREST.csv,EVEREST,9.99603333333333,188,9.986,43,699239.8577347948
"Cyclotetrasiloxane, octamethyl-",EVEREST.csv,EVEREST,10.1182166666667,193,10.118,191,411783.0893543731
Octanal,EVEREST.csv,EVEREST,10.2211,196,10.218,43,2706092.9116333616
"1-Hexanol, 2-ethyl-",EVEREST.csv,EVEREST,10.7348671256124,210,10.731,70,997387.9420291984
Eucalyptol,EVEREST.csv,EVEREST,10.8191666666667,213,10.821,83,2603451.301606724
Acetophenone,EVEREST.csv,EVEREST,11.4751,234,11.478,105,3454042.405666602
Nonanal,EVEREST.csv,EVEREST,12.1020833333333,253,12.102,57,13338020.427739749
Benzoic acid,EVEREST.csv,EVEREST,13.2371,286,13.243,78,181932.68473227663
Decanal,EVEREST.csv,EVEREST,13.7322666666667,301,13.732,57,5283449.301148434
"Nonanoic acid, 9-oxo-, methyl ester",EVEREST.csv,EVEREST,16.8447333333333,402,16.851,83,1235686.3438050402
Phenylmaleic anhydride,EVEREST.csv,EVEREST,18.16625,447,18.182,51,457225.4037653898
Benzophenone,EVEREST.csv,EVEREST,19.3302,485,19.336,181,387421.2164470437
Tetradecanoic acid,EVEREST.csv,EVEREST,20.4780833333333,524,20.481,60,1364500.3022994674
"2-Propanol, 1-chloro-, phosphate (3:1)",EVEREST.csv,EVEREST,21.0439833333333,544,21.053,83,2699507.8289492857
"Furan, 2,5-diphenyl-",EVEREST.csv,EVEREST,23.4137,625,23.408,77,370478.5823114868
"Butanal, 3-methyl-",EVORA.csv,EVORA,2.8960097181148,32,2.895,44,3434770.9941576743
"Disulfide, dimethyl",EVORA.csv,EVORA,4.08120939487863,61,4.08,79,934075.9783621718
"Cyclotrisiloxane, hexamethyl-",EVORA.csv,EVORA,5.90275,96,5.893,207,4978418.456817037
Benzaldehyde,EVORA.csv,EVORA,9.33799735234731,166,9.348,76,148039.6751449257
Dimethyl trisulfide,EVORA.csv,EVORA,9.54896666666667,172,9.542,79,383137.0101978315
"Cyclotetrasiloxane, octamethyl-",EVORA.csv,EVORA,10.1180833333333,193,10.118,191,344617.0550333303
Octanal,EVORA.csv,EVORA,10.2209666666667,196,10.218,43,2214623.2056224374
"1-Hexanol, 2-ethyl-",EVORA.csv,EVORA,10.7342711910049,210,10.731,70,1204451.9293162436
Eucalyptol,EVORA.csv,EVORA,10.8190166666667,213,10.821,83,2892432.1311268965
Acetophenone,EVORA.csv,EVORA,11.4717333333333,234,11.478,105,3524050.6415297803
Nonanal,EVORA.csv,EVORA,12.10195,253,12.102,57,12181438.063798243
Benzoic acid,EVORA.csv,EVORA,13.2659166666667,287,13.269,76,185927.1522320434
Decanal,EVORA.csv,EVORA,13.7321333333333,301,13.732,57,4575543.22751433
"Nonanoic acid, 9-oxo-, methyl ester",EVORA.csv,EVORA,16.8446,402,16.851,83,1149161.1038417732
Phenylmaleic anhydride,EVORA.csv,EVORA,18.1693166666667,447,18.182,51,503030.1932341358
Benzophenone,EVORA.csv,EVORA,19.3300666666667,485,19.336,181,457491.7716625431
"Carbonic acid, 2-ethylhexyl octyl ester",EVORA.csv,EVORA,21.0084833333333,543,21.012,261,3712990.382924116
"2-Propanol, 1-chloro-, phosphate (3:1)",EVORA.csv,EVORA,21.04385,544,21.053,83,1903371.2521356584
Benzene,FENWAY RED.csv,FENWAY RED,2.97685,35,2.98,78,6045169.251482179
Hexanal,FENWAY RED.csv,FENWAY RED,5.29191666666667,89,5.289,56,2806276.7546730894
"Cyclotrisiloxane, hexamethyl-",FENWAY RED.csv,FENWAY RED,5.89961666666667,96,5.893,207,13890430.69764854
Benzaldehyde,FENWAY RED.csv,FENWAY RED,9.33683333333333,166,9.348,76,233177.7312419058
"Furan, 2-pentyl-",FENWAY RED.csv,FENWAY RED,9.99598333333333,188,9.986,43,610687.185651208
"Cyclotetrasiloxane, octamethyl-",FENWAY RED.csv,FENWAY RED,10.1181666666667,193,10.118,191,599302.7984994574
Octanal,FENWAY RED.csv,FENWAY RED,10.2178333333333,196,10.218,43,3234921.8174895397
"1-Hexanol, 2-ethyl-",FENWAY RED.csv,FENWAY RED,10.7258666666667,210,10.731,70,1208044.957943441
Eucalyptol,FENWAY RED.csv,FENWAY RED,10.8191,213,10.821,83,2574457.832665391
Acetophenone,FENWAY RED.csv,FENWAY RED,11.4750333333333,234,11.478,105,3384079.684985722
Nonanal,FENWAY RED.csv,FENWAY RED,12.1020333333333,253,12.102,57,15539094.999323042
Decanal,FENWAY RED.csv,FENWAY RED,13.7322166666667,301,13.732,57,8207201.690917878
Dodecanal,FENWAY RED.csv,FENWAY RED,16.5295833333333,391,16.533,57,1440858.7535050386
"Nonanoic acid, 9-oxo-, methyl ester",FENWAY RED.csv,FENWAY RED,16.8446833333333,402,16.851,83,1183763.79738536
Phenylmaleic anhydride,FENWAY RED.csv,FENWAY RED,18.1694166666667,447,18.182,51,498458.3106651479
Benzophenone,FENWAY RED.csv,FENWAY RED,19.33015,485,19.336,181,401544.24256619887
"Carbonic acid, 2-ethylhexyl octyl ester",FENWAY RED.csv,FENWAY RED,21.0085666666667,543,21.012,261,4794780.047463541
"2-Propanol, 1-chloro-, phosphate (3:1)",FENWAY RED.csv,FENWAY RED,21.0439333333333,544,21.053,83,3063540.3485521306
Propene,LADY CLAIRE.csv,LADY CLAIRE,1.99918333333333,3,1.987,37,81036.60742484355
"2-Propanone, 1-methoxy-",LADY CLAIRE.csv,LADY CLAIRE,2.17281666666667,10,2.183,45,10906495.244460642
Acetic acid,LADY CLAIRE.csv,LADY CLAIRE,2.46541666666667,21,2.473,43,3256589.640836526
"Butanal, 3-methyl-",LADY CLAIRE.csv,LADY CLAIRE,2.89305,32,2.895,44,1845931.113743806
"Propane, 2-chloro-2-methyl-",LADY CLAIRE.csv,LADY CLAIRE,2.97665,35,2.98,78,4048841.858254925
"Heptane, 2,5-dimethyl-",LADY CLAIRE.csv,LADY CLAIRE,3.20173333333333,42,3.201,57,266750.90842306067
Pentanal,LADY CLAIRE.csv,LADY CLAIRE,3.31426666666667,46,3.315,44,391713.1893094314
"2-Propenoic acid, 1,4-butanediyl ester",LADY CLAIRE.csv,LADY CLAIRE,3.69368333333333,53,3.699,56,11699.27822066542
"3-Penten-2-one, (E)-",LADY CLAIRE.csv,LADY CLAIRE,3.93483333333333,56,3.915,45,215694.1086979319
"Disulfide, dimethyl",LADY CLAIRE.csv,LADY CLAIRE,4.0763,61,4.08,79,614703.2582039232
"Silane, triethylmethoxy-",LADY CLAIRE.csv,LADY CLAIRE,4.24993333333333,67,4.253,67,71855.41415622391
3-Benzylsulfanyl-3-fluoro-2-trifluoromethyl-acrylonitrile,LADY CLAIRE.csv,LADY CLAIRE,4.5136,70,4.51,91,160826.9949415637
Butanoic acid,LADY CLAIRE.csv,LADY CLAIRE,4.77725,75,4.742,88,7410.144408184973
2-Ethylhexyl acrylate,LADY CLAIRE.csv,LADY CLAIRE,5.06341666666667,83,5.07,55,24938.997245358816
Hexanal,LADY CLAIRE.csv,LADY CLAIRE,5.29491666666667,89,5.289,56,1180927.013557156
"Cyclotrisiloxane, hexamethyl-",LADY CLAIRE.csv,LADY CLAIRE,5.90230230994024,96,5.893,207,8138556.913865971
Furfural,LADY CLAIRE.csv,LADY CLAIRE,6.21773333333333,98,6.221,39,37059.12295803187
tert-Hexadecanethiol,LADY CLAIRE.csv,LADY CLAIRE,6.41708333333333,103,6.418,60,16982.13911590606
Tetraacetyl-d-xylonic nitrile,LADY CLAIRE.csv,LADY CLAIRE,6.5682,105,6.56,77,11678.15381855183
7-Methyl-Z-tetradecen-1-ol acetate,LADY CLAIRE.csv,LADY CLAIRE,6.8383,109,6.828,63,27679.008236175912
Ethylbenzene,LADY CLAIRE.csv,LADY CLAIRE,6.97655,111,6.96,91,103122.1698346032
o-Xylene,LADY CLAIRE.csv,LADY CLAIRE,7.16946666666667,115,7.167,91,149580.01118291923
Pentanoic acid,LADY CLAIRE.csv,LADY CLAIRE,7.42348333333333,118,7.39,102,33870.21842230095
"2,6-Nonadienoic acid, 7-ethyl-9-(3-ethyl-3-methyloxiranyl)-3-methyl-, methyl ester, [2R-[2.alpha.(2E,6E),3.alpha.]]-",LADY CLAIRE.csv,LADY CLAIRE,7.59711666666667,123,7.603,57,56482.13051805778
Styrene,LADY CLAIRE.csv,LADY CLAIRE,7.7075234453746,125,7.703,77,297776.4938439767
Heptanal,LADY CLAIRE.csv,LADY CLAIRE,7.95723333333333,132,7.959,70,747239.5174314391
Methional,LADY CLAIRE.csv,LADY CLAIRE,8.0762,133,8.094,109,4161.387399798898
"Cyclohexanecarboxylic acid, 2-bromomethyl-2,3-dimethyl-4-oxo-",LADY CLAIRE.csv,LADY CLAIRE,8.23055,136,8.234,41,28892.78117428602
"(1R)-2,6,6-Trimethylbicyclo[3.1.1]hept-2-ene",LADY CLAIRE.csv,LADY CLAIRE,8.745,148,8.741,93,202361.09023056988
"Pyran-4-carboxylic acid, 4-(4-methoxyphenyl)-tetrahydro-",LADY CLAIRE.csv,LADY CLAIRE,9.06653333333333,156,9.061,191,67027.60808984686
"4,6-Octadienamide-3-oxo, N1,N1-diethyl",LADY CLAIRE.csv,LADY CLAIRE,9.21123333333333,161,9.196,72,242696.3756996297
Benzaldehyde,LADY CLAIRE.csv,LADY CLAIRE,9.33661666666667,166,9.348,76,137914.9402991096
Dimethyl trisulfide,LADY CLAIRE.csv,LADY CLAIRE,9.54883333333333,172,9.542,79,207571.7760852559
"Cyclododecanone, thiosemicarbazone",LADY CLAIRE.csv,LADY CLAIRE,9.70638333333333,178,9.713,55,240986.1793118505
Phenol,LADY CLAIRE.csv,LADY CLAIRE,9.7514,179,9.751,43,116647.06828783016
"5-Hepten-2-one, 6-methyl-",LADY CLAIRE.csv,LADY CLAIRE,9.8961,185,9.902,81,802904.9575510162
"Furan, 2-pentyl-",LADY CLAIRE.csv,LADY CLAIRE,9.99576666666667,188,9.986,43,325078.0232089509
"Benzene, 1,2,4-trimethyl-",LADY CLAIRE.csv,LADY CLAIRE,10.0568666666667,191,10.06,105,146483.52590643513
"Cyclotetrasiloxane, octamethyl-",LADY CLAIRE.csv,LADY CLAIRE,10.11795,193,10.118,191,291860.7810687494
Octanal,LADY CLAIRE.csv,LADY CLAIRE,10.2176333333333,196,10.218,43,2699071.7797043626
"9-Octadecenoic acid (Z)-, hexyl ester",LADY CLAIRE.csv,LADY CLAIRE,10.4234166666667,201,10.423,73,42400.07595908491
"Cyclopentanecarbonitrile, 3-methylene-",LADY CLAIRE.csv,LADY CLAIRE,10.5520333333333,204,10.551,107,33220.64305730805
"1-Hexanol, 2-ethyl-",LADY CLAIRE.csv,LADY CLAIRE,10.72245,210,10.731,70,1235899.74932409
Eucalyptol,LADY CLAIRE.csv,LADY CLAIRE,10.8189,213,10.821,83,2777185.417803314
"Spiro[cyclohexanone-3,6'-hexahydropyridin-2-one]",LADY CLAIRE.csv,LADY CLAIRE,10.9828833333333,219,10.987,83,38499.10303544171
"Benzene, (methoxymethyl)-",LADY CLAIRE.csv,LADY CLAIRE,11.0504,221,11.051,91,520164.5172782306
"2(3H)-Furanone, 5-butyldihydro-",LADY CLAIRE.csv,LADY CLAIRE,11.2304666666667,227,11.234,85,150849.23567657737
"1,5,9-Cyclododecanetriol",LADY CLAIRE.csv,LADY CLAIRE,11.2787,229,11.282,70,155381.30011336418
"Octane, 1-chloro-",LADY CLAIRE.csv,LADY CLAIRE,11.35265,230,11.337,91,123225.55917937116
"Acetic acid, 3-acetoxy-5-oxodecyl ester",LADY CLAIRE.csv,LADY CLAIRE,11.3783666666667,231,11.375,82,136819.11193946702
Acetophenone,LADY CLAIRE.csv,LADY CLAIRE,11.4748333333333,234,11.478,105,1404874.7220141287
"Benzeneacetic acid, .alpha.-oxo-, ethyl ester",LADY CLAIRE.csv,LADY CLAIRE,11.5809333333333,238,11.585,105,115251.0973814904
"1-Dodecanol, 3,7,11-trimethyl-",LADY CLAIRE.csv,LADY CLAIRE,11.6741833333333,241,11.672,180,113506.57384027612
"1,2,3-Triazole-4-carbohydrazide, N2-(4-hydroxybenzylidene)-5-chloro-",LADY CLAIRE.csv,LADY CLAIRE,11.8092333333333,244,11.805,121,64760.25559632128
"2H-Benzo[f]oxireno[2,3-E]benzofuran-8(9H)-one, 9-[[[2-(dimethylamino)ethyl]amino]methyl]octahydro-2,5a-dimethyl-",LADY CLAIRE.csv,LADY CLAIRE,11.8896166666667,247,11.886,58,156038.79712914952
"1,2,5-Oxadiazole-3-carboxamide, 4-amino-N-(2-aminoethyl)-",LADY CLAIRE.csv,LADY CLAIRE,11.9442833333333,249,11.954,44,234420.89117163024
"Benzoic acid, methyl ester",LADY CLAIRE.csv,LADY CLAIRE,11.9925,250,11.999,105,161904.3394493569
Nonanal,LADY CLAIRE.csv,LADY CLAIRE,12.1018333333333,253,12.102,57,13023554.658415277
2-[(Trimethylsilyl)oxy]-2-{4-[(trimethylsilyl)oxy]phenyl}ethanamine,LADY CLAIRE.csv,LADY CLAIRE,12.2368666666667,256,12.247,124,57225.00532571908
"17-Octadecynoic acid, methyl ester",LADY CLAIRE.csv,LADY CLAIRE,12.2786666666667,257,12.279,74,261993.51703039568
"Octanoic acid, methyl ester",LADY CLAIRE.csv,LADY CLAIRE,12.4330166666667,261,12.427,74,135659.9103734837
2-Hydroxy-2-octylsebacic acid,LADY CLAIRE.csv,LADY CLAIRE,12.5809166666667,266,12.578,43,26757.456193970487
N-[4-(4-Chlorophenyl)isothiazol-5-yl)-1-methylpiperidin-2-imine,LADY CLAIRE.csv,LADY CLAIRE,12.7674,271,12.79,85,93453.35495052824
2-[(Trimethylsilyl)oxy]-2-{4-[(trimethylsilyl)oxy]phenyl}ethanamine,LADY CLAIRE.csv,LADY CLAIRE,12.8831666666667,274,12.877,73,1013814.5089867972
1-(2-Trifluoromethylphenyl)imidazoline-2-thione,LADY CLAIRE.csv,LADY CLAIRE,12.9313833333333,275,12.915,43,29592.526994298725
Benzoic acid,LADY CLAIRE.csv,LADY CLAIRE,13.0985833333333,281,13.095,77,277454.81901070167
Decanal,LADY CLAIRE.csv,LADY CLAIRE,13.17575,284,13.179,57,610407.9631074932
Z-2-Acetoxy-12-tetradecenitrile,LADY CLAIRE.csv,LADY CLAIRE,13.2947333333333,288,13.292,106,110328.23150560223
"1,3-Dioxocane, 2-pentadecyl-",LADY CLAIRE.csv,LADY CLAIRE,13.40405,291,13.391,122,452258.36631724896
1-Decanamine,LADY CLAIRE.csv,LADY CLAIRE,13.5262333333333,295,13.533,128,209472.97227547903
Dodecane,LADY CLAIRE.csv,LADY CLAIRE,13.6194833333333,298,13.616,57,346528.97337188147
Decanal,LADY CLAIRE.csv,LADY CLAIRE,13.7320166666667,301,13.732,57,4835136.114093865
"Cyclohexane, (2-nitro-2-propenyl)-",LADY CLAIRE.csv,LADY CLAIRE,13.8831333333333,305,13.883,55,118409.19549747232
".alpha.-d-Gulofuranoside, phenyl-",LADY CLAIRE.csv,LADY CLAIRE,14.0632,311,14.07,122,521569.2900187848
Benzothiazole,LADY CLAIRE.csv,LADY CLAIRE,14.1435833333333,313,14.134,97,94362.58442483404
Neodecanoic acid,LADY CLAIRE.csv,LADY CLAIRE,14.2336166666667,316,14.224,102,354544.80379056744
"2-Propanol, 1-(2-butoxy-1-methylethoxy)-",LADY CLAIRE.csv,LADY CLAIRE,14.2818333333333,318,14.288,45,57176.59523754208
"Butanoic acid, 2-ethyl-2,3,3-trimethyl-",LADY CLAIRE.csv,LADY CLAIRE,14.3493666666667,320,14.343,71,118814.07987131596
Neodecanoic acid,LADY CLAIRE.csv,LADY CLAIRE,14.6001666666667,329,14.6,73,293632.5902960273
"Butanoic acid, 2-ethyl-2,3,3-trimethyl-",LADY CLAIRE.csv,LADY CLAIRE,14.6773333333333,333,14.681,102,205846.6165793125
"Benzenemethanol, .alpha.-methyl-.alpha.-(2-methyl-3-methylthio-2-propenyl)-",LADY CLAIRE.csv,LADY CLAIRE,14.7191333333333,334,14.71,87,546074.4766539724
"Octanamide, N-(2-mercaptoethyl)-",LADY CLAIRE.csv,LADY CLAIRE,14.7577166666667,335,14.758,102,425715.5550615213
"Z-(13,14-Epoxy)tetradec-11-en-1-ol acetate",LADY CLAIRE.csv,LADY CLAIRE,14.7963,336,14.793,60,391479.9407027612
N-[4-(4-Chlorophenyl)isothiazol-5-yl)-1-methylpiperidin-2-imine,LADY CLAIRE.csv,LADY CLAIRE,14.95385,341,14.96,70,84255.43819690205
2-Undecanone,LADY CLAIRE.csv,LADY CLAIRE,15.0020833333333,342,15.002,58,142546.46546251446
"Octadecane, 9-ethyl-9-heptyl-",LADY CLAIRE.csv,LADY CLAIRE,15.0631666666667,344,15.06,57,154231.7805650161
Undecanal,LADY CLAIRE.csv,LADY CLAIRE,15.1885666666667,348,15.192,57,885065.679021565
Z-8-Methyl-9-tetradecenoic acid,LADY CLAIRE.csv,LADY CLAIRE,15.2914666666667,351,15.292,55,55685.564521691056
"3-(1,5-Dimethyl-hexa-1,4-dienyl)-2,2-dimethyl-4-trimethylsilylcyclopentanol",LADY CLAIRE.csv,LADY CLAIRE,15.39435,354,15.391,73,373812.0188850057
Phthalic anhydride,LADY CLAIRE.csv,LADY CLAIRE,15.4297166666667,356,15.433,57,220441.8180729614
Methyl 8-oxooctanoate,LADY CLAIRE.csv,LADY CLAIRE,15.5165333333333,359,15.523,129,121705.48241061394
Triacetin,LADY CLAIRE.csv,LADY CLAIRE,15.6933833333333,365,15.7,43,69348.65177207769
10-Methyl-8-tetradecen-1-ol acetate,LADY CLAIRE.csv,LADY CLAIRE,15.7319666666667,366,15.742,145,65568.26397716624
"Spiro[4.5]decan-7-one, 1,8-dimethyl-8,9-epoxy-4-isopropyl-",LADY CLAIRE.csv,LADY CLAIRE,15.7866333333333,367,15.787,115,166757.67083495462
n-Decanoic acid,LADY CLAIRE.csv,LADY CLAIRE,15.8702166666667,370,15.874,95,3735.3786238414746
"Benzoic acid, 2-(hydroxymethyl)-",LADY CLAIRE.csv,LADY CLAIRE,15.9056,372,15.909,105,162183.3575939407
"Z-(13,14-Epoxy)tetradec-11-en-1-ol acetate",LADY CLAIRE.csv,LADY CLAIRE,15.9634666666667,374,15.967,57,203226.31053380584
"2(3H)-Furanone, dihydro-5-pentyl-",LADY CLAIRE.csv,LADY CLAIRE,16.00205,375,16.015,77,245055.2672689809
"Naphthalene, 1,2,3,4-tetrahydro-1,5-dimethyl-",LADY CLAIRE.csv,LADY CLAIRE,16.0953,378,16.108,56,143462.73640419164
"Tetradecanoic acid, 2-hydroxy-",LADY CLAIRE.csv,LADY CLAIRE,16.1724666666667,380,16.176,58,60744.85882789617
Acenaphthene,LADY CLAIRE.csv,LADY CLAIRE,16.29465,384,16.292,87,272855.8606338888
2-Dodecanone,LADY CLAIRE.csv,LADY CLAIRE,16.3428833333333,386,16.349,58,156499.13305854166
Tetradecane,LADY CLAIRE.csv,LADY CLAIRE,16.3846833333333,387,16.385,57,721231.857695922
Propoxyphene,LADY CLAIRE.csv,LADY CLAIRE,16.4779333333333,390,16.481,145,66015.39715523718
Dodecanal,LADY CLAIRE.csv,LADY CLAIRE,16.5293666666667,391,16.533,57,980364.8984233484
"2,4,7,9-Tetramethyl-5-decyn-4,7-diol",LADY CLAIRE.csv,LADY CLAIRE,16.6065333333333,393,16.591,84,47974.27756680885
"Nonanoic acid, 9-oxo-, methyl ester",LADY CLAIRE.csv,LADY CLAIRE,16.8444833333333,402,16.851,83,664651.0268180885
"Octadecanal, 2-bromo-",LADY CLAIRE.csv,LADY CLAIRE,16.90235,404,16.906,87,232725.65790201465
"Benzeneacetamide, .alpha.-phenyl-",LADY CLAIRE.csv,LADY CLAIRE,16.9827333333333,407,16.989,167,90520.58379042464
"Naphthalene, 1,3-dimethyl-",LADY CLAIRE.csv,LADY CLAIRE,17.11135,411,17.108,43,437268.84265081305
Dimethyl phthalate,LADY CLAIRE.csv,LADY CLAIRE,17.1820833333333,415,17.185,57,284181.1807170377
"Hexadecane, 1-chloro-",LADY CLAIRE.csv,LADY CLAIRE,17.3074833333333,420,17.317,69,523158.9012778325
"2,5-Cyclohexadiene-1,4-dione, 2,6-bis(1,1-dimethylethyl)-",LADY CLAIRE.csv,LADY CLAIRE,17.3878666666667,423,17.391,97,640752.2865602461
"Tricyclo[5.4.3.0(1,8)]tetradecan-3-ol-9-one, 4-ethenyl-6-(2-hydroxyacetoxy)-2,4,7,14-tetramethyl-",LADY CLAIRE.csv,LADY CLAIRE,17.4489666666667,425,17.465,113,176186.19564498725
"Hexadecane, 1,1-bis(dodecyloxy)-",LADY CLAIRE.csv,LADY CLAIRE,17.52935,427,17.533,55,290807.20151333406
"2,6-Dihydroxyacetophenone, 2TMS derivative",LADY CLAIRE.csv,LADY CLAIRE,17.5743666666667,429,17.574,281,4346364.979090121
tert-Hexadecanethiol,LADY CLAIRE.csv,LADY CLAIRE,17.7126166666667,433,17.713,57,145627.1074374132
Tridecanal,LADY CLAIRE.csv,LADY CLAIRE,17.7769333333333,435,17.783,57,888150.7219135723
"2,4-Di-tert-butylphenol",LADY CLAIRE.csv,LADY CLAIRE,17.8090833333333,436,17.819,191,276493.65871453314
"5,8,11,14-Eicosatetraynoic acid, TMS derivative",LADY CLAIRE.csv,LADY CLAIRE,17.9955666666667,441,18.005,180,110660.06065546969
"1H-Inden-1-one, 2,3-dihydro-3,3,4,6-tetramethyl-",LADY CLAIRE.csv,LADY CLAIRE,18.0856,444,18.089,170,83837.35107173721
"Octadecane, 1-chloro-",LADY CLAIRE.csv,LADY CLAIRE,18.1241833333333,445,18.115,168,76557.35399334079
Phenylmaleic anhydride,LADY CLAIRE.csv,LADY CLAIRE,18.1724166666667,447,18.182,51,126758.6154328691
"Octadecane, 1-chloro-",LADY CLAIRE.csv,LADY CLAIRE,18.2367333333333,449,18.237,102,451747.8599328368
Dodecanoic acid,LADY CLAIRE.csv,LADY CLAIRE,18.2913833333333,450,18.275,241,27345.41871946545
"Pentadecane, 2,6,10,14-tetramethyl-",LADY CLAIRE.csv,LADY CLAIRE,18.3524833333333,453,18.362,74,107122.60348486464
"N,N'-Bis(Carbobenzyloxy)-lysine methyl(ester)",LADY CLAIRE.csv,LADY CLAIRE,18.4585833333333,457,18.468,91,32799.91538187904
"2-Benzoyl-6-nitrobenzoic acid, methyl ester",LADY CLAIRE.csv,LADY CLAIRE,18.49395,458,18.497,105,74892.92714347396
"Octadecanoic acid, 4-hydroxy-, methyl ester",LADY CLAIRE.csv,LADY CLAIRE,18.5936333333333,461,18.594,70,50650.9153512851
"Pregn-5-ene-3,8,11,12,14,20-hexol, (3.beta.,11.alpha.,12.beta.,14.beta.,20R)-",LADY CLAIRE.csv,LADY CLAIRE,18.629,462,18.632,85,110769.20339972332
"1-Hexadecanol, 2-methyl-",LADY CLAIRE.csv,LADY CLAIRE,18.6933,464,18.697,83,209547.787866298
Hexadecane,LADY CLAIRE.csv,LADY CLAIRE,18.7704666666667,466,18.777,57,1310729.423077803
"2,2,4-Trimethyl-1,3-pentanediol diisobutyrate",LADY CLAIRE.csv,LADY CLAIRE,18.84765,469,18.851,71,5867519.092355094
Tetradecanal,LADY CLAIRE.csv,LADY CLAIRE,18.9505333333333,473,18.954,57,623726.0184566912
Phorbol,LADY CLAIRE.csv,LADY CLAIRE,19.0727166666667,477,19.073,43,164674.27667650153
"N,N'-Bis(Carbobenzyloxy)-lysine methyl(ester)",LADY CLAIRE.csv,LADY CLAIRE,19.2013333333333,480,19.201,232,49593.81506218411
"Phenethylamine, 3-benzyloxy-2-fluoro-.beta.-hydroxy-",LADY CLAIRE.csv,LADY CLAIRE,19.24635,481,19.246,183,272268.778291815
Benzophenone,LADY CLAIRE.csv,LADY CLAIRE,19.32995,485,19.336,181,273746.60625634505
"3,6-Dioxa-2,4,5,7-tetrasilaoctane, 2,2,4,4,5,5,7,7-octamethyl-",LADY CLAIRE.csv,LADY CLAIRE,19.5067833333333,491,19.506,73,6582848.559843677
"10,13-Octadecadiynoic acid, methyl ester",LADY CLAIRE.csv,LADY CLAIRE,19.6000333333333,494,19.599,91,226529.16661536144
Dihydroxanthin,LADY CLAIRE.csv,LADY CLAIRE,19.6482666666667,496,19.647,71,98157.055154488
"1-Penten-3-one, 1-(2,6,6-trimethyl-1-cyclohexen-1-yl)-",LADY CLAIRE.csv,LADY CLAIRE,19.7479333333333,500,19.744,191,211748.24641979727
"Hexadecane, 1,1-bis(dodecyloxy)-",LADY CLAIRE.csv,LADY CLAIRE,19.7993833333333,502,19.798,55,470414.789933881
"Heptadecane, 9-hexyl-",LADY CLAIRE.csv,LADY CLAIRE,19.8637,504,19.865,57,836742.7290033035
5-Butyl-5-ethylpentadecane,LADY CLAIRE.csv,LADY CLAIRE,19.928,506,19.936,197,128377.27274482306
"Benzhydrazide, N'-[1-(3-ethoxyphenyl)-2,5-dioxo-pyrrolidin-3-yl]-",LADY CLAIRE.csv,LADY CLAIRE,20.00195,508,20.006,99,202607.54158856175
"Ethanol, 2-(9-octadecenyloxy)-, (Z)-",LADY CLAIRE.csv,LADY CLAIRE,20.0566166666667,510,20.061,57,455248.3493997431
3-Fluoro-3-(2-oxo-2-phenyl-ethylsulfanyl)-2-trifluoromethyl-acrylic acid methyl ester,LADY CLAIRE.csv,LADY CLAIRE,20.0984166666667,511,20.093,70,148182.2799097365
"Hexadecanoic acid, 14-methyl-, methyl ester",LADY CLAIRE.csv,LADY CLAIRE,20.137,513,20.141,74,120520.75552541002
"Benzene, (1-pentylheptyl)-",LADY CLAIRE.csv,LADY CLAIRE,20.2463166666667,516,20.25,91,181250.771051721
"1H-Indene, 2,3-dihydro-1,1,3-trimethyl-3-phenyl-",LADY CLAIRE.csv,LADY CLAIRE,20.3202666666667,518,20.327,57,295289.09549510095
"1,3-di-iso-propylnaphthalene",LADY CLAIRE.csv,LADY CLAIRE,20.3685,520,20.375,197,175319.21497490886
"1-Hexene, 3-methyl-6-phenyl-4-(1-phenylethoxy)-",LADY CLAIRE.csv,LADY CLAIRE,20.4263833333333,522,20.436,105,269419.62455674435
Tetradecanoic acid,LADY CLAIRE.csv,LADY CLAIRE,20.4714,524,20.481,60,600453.9687948847
"1,3-Benzenedicarboxylic acid, bis(2-ethylhexyl) ester",LADY CLAIRE.csv,LADY CLAIRE,20.6128666666667,529,20.612,43,109133.82260276291
"Benzamide, 2-methyl-N-nonyl-",LADY CLAIRE.csv,LADY CLAIRE,20.6675333333333,531,20.673,70,314077.4908082979
Octadecane,LADY CLAIRE.csv,LADY CLAIRE,20.8990333333333,539,20.903,57,692368.8829413845
"Carbonic acid, bis(2-ethylhexyl) ester",LADY CLAIRE.csv,LADY CLAIRE,21.0083666666667,543,21.012,261,3186777.892768217
"2-Propanol, 1-chloro-, phosphate (3:1)",LADY CLAIRE.csv,LADY CLAIRE,21.0437333333333,544,21.053,83,1710840.562227387
"Octadecanal, 2-bromo-",LADY CLAIRE.csv,LADY CLAIRE,21.1016,546,21.114,99,1015769.3963657266
"3,6-Dioxa-2,4,5,7-tetrasilaoctane, 2,2,4,4,5,5,7,7-octamethyl-",LADY CLAIRE.csv,LADY CLAIRE,21.1691333333333,547,21.162,73,1657262.0369999483
"Propanetrione, diphenyl-",LADY CLAIRE.csv,LADY CLAIRE,21.27845,552,21.284,105,471175.26840997033
"Pentacosane, 13-phenyl-",LADY CLAIRE.csv,LADY CLAIRE,21.3266833333333,553,21.322,139,118371.3476103521
"Octadecanal, 2-bromo-",LADY CLAIRE.csv,LADY CLAIRE,21.38135,556,21.37,50,34943.16201298716
"Propanoic acid, 2-methyl-, (dodecahydro-6a-hydroxy-9a-methyl-3-methylene-2,9-dioxoazuleno[4,5-b]furan-6-yl)methyl ester, [3aS-(3a.alpha.,6.beta.,6a.alpha.,9a.beta.,9b.alpha.)]-",LADY CLAIRE.csv,LADY CLAIRE,21.46815,560,21.463,191,223966.95267566707
"1,2-Benzenedicarboxylic acid, bis(2-methylpropyl) ester",LADY CLAIRE.csv,LADY CLAIRE,21.6900166666667,568,21.69,57,397230.1789947648
"9,10-Bis(bromomethyl)anthracene",LADY CLAIRE.csv,LADY CLAIRE,21.7896833333333,572,21.789,204,64071.9521607868
"Octadecanal, 2-bromo-",LADY CLAIRE.csv,LADY CLAIRE,21.8250666666667,573,21.821,196,41343.85585340527
"3-Buten-2-one, 4,4-diphenyl-",LADY CLAIRE.csv,LADY CLAIRE,21.9247333333333,576,21.926,207,334704.5892887983
"Benzene, (1-methyldodecyl)-",LADY CLAIRE.csv,LADY CLAIRE,22.0790666666667,581,22.076,178,183512.84244471815
"Hexadecanoic acid, methyl ester",LADY CLAIRE.csv,LADY CLAIRE,22.13695,582,22.134,105,748205.0786447143
"Spiro[oxirane-2,1'(1'H)Indene], 3'a,4',5',6',7',7'a-hexahydro-3'a-chlorothionyloxy-2',3'-epoxy-4'-methoxycarbonyl-5'-(1-methylethenyl)-6'-acetyloxy-7'-oxo-7'a-methyl-",LADY CLAIRE.csv,LADY CLAIRE,22.2494833333333,586,22.252,205,48212.8072740081
"10,13-Octadecadiynoic acid, methyl ester",LADY CLAIRE.csv,LADY CLAIRE,22.3009333333333,588,22.3,71,56047.31990788634
Diphenyl sulfone,LADY CLAIRE.csv,LADY CLAIRE,22.42955,592,22.421,55,37701.65685565359
Bis(2-ethylhexyl) methylenesuccinate,LADY CLAIRE.csv,LADY CLAIRE,22.5002833333333,596,22.511,73,226814.07591558323
.beta.-Phenylpropiolophenone,LADY CLAIRE.csv,LADY CLAIRE,22.6224666666667,600,22.619,178,575583.9660014815
9-Anthracenecarboxaldehyde,LADY CLAIRE.csv,LADY CLAIRE,22.6867833333333,602,22.68,76,56113.97414776596
"Heptadecane, 9-hexyl-",LADY CLAIRE.csv,LADY CLAIRE,22.8186,607,22.808,57,264973.76593131456
Carnegine,LADY CLAIRE.csv,LADY CLAIRE,22.8861333333333,610,22.897,71,91025.322303926
Oleic Acid,LADY CLAIRE.csv,LADY CLAIRE,23.0469,615,23.031,77,188200.3543069597
"1H-Pyrazole, 3,5-diphenyl-",LADY CLAIRE.csv,LADY CLAIRE,23.4423833333333,626,23.44,192,15361.570904670272
"Methanone, 2-benzofuranylphenyl-",LADY CLAIRE.csv,LADY CLAIRE,23.4906166666667,626,23.44,192,15361.570904670272
"Butanal, 3-methyl-",RANGER RUSSET.csv,RANGER RUSSET,2.89018333333333,32,2.895,44,3353130.831367347
"Disulfide, dimethyl",RANGER RUSSET.csv,RANGER RUSSET,4.07665,61,4.08,79,755876.9130653538
"Cyclotrisiloxane, hexamethyl-",RANGER RUSSET.csv,RANGER RUSSET,5.89975,96,5.893,207,6463723.674780943
Benzaldehyde,RANGER RUSSET.csv,RANGER RUSSET,9.33775803769801,166,9.348,76,160830.8127054739
Dimethyl trisulfide,RANGER RUSSET.csv,RANGER RUSSET,9.5524,172,9.542,79,200658.7335380603
Phenol,RANGER RUSSET.csv,RANGER RUSSET,9.75175,179,9.751,43,181349.46057850152
"Furan, 2-pentyl-",RANGER RUSSET.csv,RANGER RUSSET,9.99611666666667,188,9.986,43,541658.1921189656
"Cyclotetrasiloxane, octamethyl-",RANGER RUSSET.csv,RANGER RUSSET,10.1183,193,10.118,191,376529.8227113939
Octanal,RANGER RUSSET.csv,RANGER RUSSET,10.2179666666667,196,10.218,43,2755263.1513228216
"1-Hexanol, 2-ethyl-",RANGER RUSSET.csv,RANGER RUSSET,10.7351737121752,210,10.731,70,937236.2270473216
Eucalyptol,RANGER RUSSET.csv,RANGER RUSSET,10.81925,213,10.821,83,2457451.480189884
Acetophenone,RANGER RUSSET.csv,RANGER RUSSET,11.4751833333333,234,11.478,105,3258426.859830849
Nonanal,RANGER RUSSET.csv,RANGER RUSSET,12.1021666666667,253,12.102,57,14843326.63030608
Benzoic acid,RANGER RUSSET.csv,RANGER RUSSET,13.2436166666667,286,13.243,78,196920.826594674
Decanal,RANGER RUSSET.csv,RANGER RUSSET,13.7291333333333,301,13.732,57,4311438.27332363
Phthalic anhydride,RANGER RUSSET.csv,RANGER RUSSET,15.4236333333333,356,15.433,57,397557.5412837223
Phenylmaleic anhydride,RANGER RUSSET.csv,RANGER RUSSET,18.16955,447,18.182,51,475832.2520081839
Benzophenone,RANGER RUSSET.csv,RANGER RUSSET,19.3302833333333,485,19.336,181,332624.0242423234
"Carbonic acid, 2-ethylhexyl octyl ester",RANGER RUSSET.csv,RANGER RUSSET,21.0087,543,21.012,261,3691668.158444328
"2-Propanol, 1-chloro-, phosphate (3:1)",RANGER RUSSET.csv,RANGER RUSSET,21.0440666666667,544,21.053,83,2461148.661477325
"Hexadecanoic acid, methyl ester",RANGER RUSSET.csv,RANGER RUSSET,22.1405166666667,582,22.134,105,2017824.221656305
"Furan, 2,5-diphenyl-",RANGER RUSSET.csv,RANGER RUSSET,23.4137833333333,625,23.408,77,234489.0429513827
"Butanal, 3-methyl-",RICKEY RUSSET.csv,RICKEY RUSSET,2.89008333333333,32,2.895,44,1903995.7437327956
"Cyclotrisiloxane, hexamethyl-",RICKEY RUSSET.csv,RICKEY RUSSET,5.89868113242274,96,5.893,207,10505005.857078915
Benzaldehyde,RICKEY RUSSET.csv,RICKEY RUSSET,9.33686666666667,166,9.348,76,225145.721079439
Dimethyl trisulfide,RICKEY RUSSET.csv,RICKEY RUSSET,9.54908333333333,172,9.542,79,200850.35021081395
Phenol,RICKEY RUSSET.csv,RICKEY RUSSET,9.75165,179,9.751,43,213306.1581552261
"Cyclotetrasiloxane, octamethyl-",RICKEY RUSSET.csv,RICKEY RUSSET,10.1182,193,10.118,191,512469.0712200679
Octanal,RICKEY RUSSET.csv,RICKEY RUSSET,10.2178833333333,196,10.218,43,4041170.8759398
"1-Hexanol, 2-ethyl-",RICKEY RUSSET.csv,RICKEY RUSSET,10.7227,210,10.731,70,2135174.8980012974
Eucalyptol,RICKEY RUSSET.csv,RICKEY RUSSET,10.81915,213,10.821,83,3809738.8118653134
Acetophenone,RICKEY RUSSET.csv,RICKEY RUSSET,11.4750833333333,234,11.478,105,3268031.8327577105
Nonanal,RICKEY RUSSET.csv,RICKEY RUSSET,12.1020833333333,253,12.102,57,18848704.28708462
Benzoic acid,RICKEY RUSSET.csv,RICKEY RUSSET,13.22745,286,13.243,78,203169.2837839352
Decanal,RICKEY RUSSET.csv,RICKEY RUSSET,13.7322666666667,301,13.732,57,9363979.223167429
"Nonanoic acid, 9-oxo-, methyl ester",RICKEY RUSSET.csv,RICKEY RUSSET,16.8447333333333,402,16.851,83,1553048.6573664886
Phenylmaleic anhydride,RICKEY RUSSET.csv,RICKEY RUSSET,18.16945,447,18.182,51,489700.06446216936
"2,2,4-Trimethyl-1,3-pentanediol diisobutyrate",RICKEY RUSSET.csv,RICKEY RUSSET,18.8479,469,18.851,71,15506079.091058169
Benzophenone,RICKEY RUSSET.csv,RICKEY RUSSET,19.3269833333333,485,19.336,181,759253.8291503927
"1,3-Benzenedicarboxylic acid, bis(2-ethylhexyl) ester",RICKEY RUSSET.csv,RICKEY RUSSET,20.8349833333333,536,20.836,113,475557.5974595799
"Carbonic acid, 2-ethylhexyl octyl ester",RICKEY RUSSET.csv,RICKEY RUSSET,21.0086166666667,543,21.012,261,5044300.219196796
"2-Propanol, 1-chloro-, phosphate (3:1)",RICKEY RUSSET.csv,RICKEY RUSSET,21.0407666666667,544,21.053,83,2345275.2666800222
"Butanal, 3-methyl-",FORTUS.csv,FORTUS,2.89325,32,2.895,44,2931520.196577614
"Disulfide, dimethyl",FORTUS.csv,FORTUS,4.0765,61,4.08,79,785967.5117835848
"Cyclotrisiloxane, hexamethyl-",FORTUS.csv,FORTUS,5.89961666666667,96,5.893,207,16402620.686737517
Benzaldehyde,FORTUS.csv,FORTUS,9.33683333333333,166,9.348,76,262657.99185006006
Dimethyl trisulfide,FORTUS.csv,FORTUS,9.54903333333333,172,9.542,79,362125.1054787328
Phenol,FORTUS.csv,FORTUS,9.7516,179,9.751,43,175056.9846541162
"Cyclotetrasiloxane, octamethyl-",FORTUS.csv,FORTUS,10.11815,193,10.118,191,670496.3085198257
Octanal,FORTUS.csv,FORTUS,10.2178333333333,196,10.218,43,5117570.86260813
"1-Hexanol, 2-ethyl-",FORTUS.csv,FORTUS,10.7258666666667,210,10.731,70,2463594.087098373
Eucalyptol,FORTUS.csv,FORTUS,10.8191,213,10.821,83,4236934.166679539
Acetophenone,FORTUS.csv,FORTUS,11.4750333333333,234,11.478,105,1639599.9573070372
Nonanal,FORTUS.csv,FORTUS,12.10525,253,12.102,57,21501268.98576213
Decanal,FORTUS.csv,FORTUS,13.7322166666667,301,13.732,57,9350465.244067855
"Nonanoic acid, 9-oxo-, methyl ester",FORTUS.csv,FORTUS,16.8414666666667,402,16.851,83,1584800.6183660463
Benzophenone,FORTUS.csv,FORTUS,19.3333666666667,485,19.336,181,249948.9138232564
Tetradecanoic acid,FORTUS.csv,FORTUS,20.48125,524,20.481,60,751332.3361306197
"Carbonic acid, 2-ethylhexyl octyl ester",FORTUS.csv,FORTUS,21.0085666666667,543,21.012,261,3589196.207581697
"2-Propanol, 1-chloro-, phosphate (3:1)",FORTUS.csv,FORTUS,21.0439333333333,544,21.053,83,2356358.203810263
"Hexadecanoic acid, methyl ester",FORTUS.csv,FORTUS,22.13715,582,22.134,105,830451.4939224551
"2-Propanone, 1-methoxy-",AGRIA.csv,AGRIA,2.16973333333333,9,2.157,56,106623.8468173112
"Butanal, 3-methyl-",AGRIA.csv,AGRIA,2.88676666666667,32,2.895,44,1334536.933616924
Pentanal,AGRIA.csv,AGRIA,3.30475,46,3.315,44,764549.4717209316
"Cyclotrisiloxane, hexamethyl-",AGRIA.csv,AGRIA,5.89307020738997,96,5.893,207,3246535.314691109
Benzaldehyde,AGRIA.csv,AGRIA,9.33897937638422,166,9.348,76,52980.39518640352
Dimethyl trisulfide,AGRIA.csv,AGRIA,9.54255,172,9.542,79,102709.6490845056
"Furan, 2-pentyl-",AGRIA.csv,AGRIA,9.98948333333333,188,9.986,43,171756.6972556778
"Cyclotetrasiloxane, octamethyl-",AGRIA.csv,AGRIA,10.10845,193,10.118,191,142961.93070476098
Octanal,AGRIA.csv,AGRIA,10.2113333333333,196,10.218,43,1701690.3689166915
"1-Hexanol, 2-ethyl-",AGRIA.csv,AGRIA,10.7174192008557,210,10.731,70,773138.3881164188
Eucalyptol,AGRIA.csv,AGRIA,10.8126166666667,213,10.821,83,1250937.7722647083
Nonanal,AGRIA.csv,AGRIA,12.0955333333333,253,12.102,57,10344218.332297267
Decanal,AGRIA.csv,AGRIA,13.7225,301,13.732,57,3024816.73755745
Tetradecane,AGRIA.csv,AGRIA,16.3751666666667,387,16.385,57,1247032.0143449346
"Nonanoic acid, 9-oxo-, methyl ester",AGRIA.csv,AGRIA,16.8381833333333,402,16.851,83,425992.9362443329
Hexadecane,AGRIA.csv,AGRIA,18.7609666666667,466,18.777,57,1210225.051955711
Benzophenone,AGRIA.csv,AGRIA,19.32365,484,19.314,57,47385.7369032415
"Carbonic acid, 2-ethylhexyl octyl ester",AGRIA.csv,AGRIA,21.0020666666667,543,21.012,261,2515806.924817107
"2-Propanol, 1-chloro-, phosphate (3:1)",AGRIA.csv,AGRIA,21.04065,544,21.053,83,1419824.0575755257
2-Ethylhexyl salicylate,AGRIA.csv,AGRIA,21.1113833333333,546,21.114,99,1268983.0302839642
"2-Propanone, 1-methoxy-",CAROLINA.csv,CAROLINA,2.17311666666667,10,2.183,45,5457054.95304359
"Butanal, 3-methyl-",CAROLINA.csv,CAROLINA,2.88693333333333,32,2.895,44,1822087.6404451216
"Cyclotrisiloxane, hexamethyl-",CAROLINA.csv,CAROLINA,5.89138001591958,96,5.893,207,1142584.747290942
Benzaldehyde,CAROLINA.csv,CAROLINA,9.33693333333333,166,9.348,76,33423.28089257315
Dimethyl trisulfide,CAROLINA.csv,CAROLINA,9.54593333333333,172,9.542,79,77537.87278855519
Phenol,CAROLINA.csv,CAROLINA,9.75493333333333,179,9.751,43,40426.95095597671
"Furan, 2-pentyl-",CAROLINA.csv,CAROLINA,9.98989142714804,188,9.986,43,235103.3902082145
"Cyclotetrasiloxane, octamethyl-",CAROLINA.csv,CAROLINA,10.1086166666667,193,10.118,191,80822.6793433261
Octanal,CAROLINA.csv,CAROLINA,10.2115166666667,196,10.218,43,1219379.6578332484
"1-Hexanol, 2-ethyl-",CAROLINA.csv,CAROLINA,10.7195333333333,210,10.731,70,818548.9108392091
Eucalyptol,CAROLINA.csv,CAROLINA,10.8095666666667,213,10.821,83,1452327.031388649
Nonanal,CAROLINA.csv,CAROLINA,12.0925,253,12.102,57,7848254.809693603
Decanal,CAROLINA.csv,CAROLINA,13.7226833333333,301,13.732,57,2025197.863174249
"Nonanoic acid, 9-oxo-, methyl ester",CAROLINA.csv,CAROLINA,16.83835,402,16.851,83,409814.1573054156
Benzophenone,CAROLINA.csv,CAROLINA,19.3238166666667,484,19.314,57,72845.69816285682
"Carbonic acid, 2-ethylhexyl octyl ester",CAROLINA.csv,CAROLINA,21.0022333333333,543,21.012,261,2435315.343991196
"2-Propanol, 1-chloro-, phosphate (3:1)",CAROLINA.csv,CAROLINA,21.0408166666667,544,21.053,83,1396796.1729725357
"2-Propanone, 1-methoxy-",COLOMBA.csv,COLOMBA,2.1771918311642,10,2.183,45,4951333.303430219
"Butanal, 3-methyl-",COLOMBA.csv,COLOMBA,2.89003333333333,32,2.895,44,2723086.523297281
"Cyclotrisiloxane, hexamethyl-",COLOMBA.csv,COLOMBA,5.89316666666667,96,5.893,207,2413461.5068364334
Heptanal,COLOMBA.csv,COLOMBA,7.951,132,7.959,70,587866.9291216478
Benzaldehyde,COLOMBA.csv,COLOMBA,9.34009657462521,166,9.348,76,40882.02221400591
Dimethyl trisulfide,COLOMBA.csv,COLOMBA,9.54581666666667,172,9.542,79,151829.19267688604
"Furan, 2-pentyl-",COLOMBA.csv,COLOMBA,9.98953333333333,188,9.986,43,180221.0603852908
"Cyclotetrasiloxane, octamethyl-",COLOMBA.csv,COLOMBA,10.1106547391925,193,10.118,191,124988.81860905024
Octanal,COLOMBA.csv,COLOMBA,10.2114,196,10.218,43,1968341.2427552603
"1-Hexanol, 2-ethyl-",COLOMBA.csv,COLOMBA,10.7162,210,10.731,70,1231577.4473676274
Eucalyptol,COLOMBA.csv,COLOMBA,10.8126666666667,213,10.821,83,1672043.230527097
Nonanal,COLOMBA.csv,COLOMBA,12.0956,253,12.102,57,10465656.659880262
Decanal,COLOMBA.csv,COLOMBA,13.7225666666667,301,13.732,57,3575702.6318048225
Benzophenone,COLOMBA.csv,COLOMBA,19.3242068121168,484,19.314,57,54795.14626645893
"Carbonic acid, 2-ethylhexyl octyl ester",COLOMBA.csv,COLOMBA,20.9989166666667,543,21.012,261,2536184.187891425
"2-Propanol, 1-chloro-, phosphate (3:1)",COLOMBA.csv,COLOMBA,21.0375,544,21.053,83,1957429.5367306
"Hexadecanoic acid, methyl ester",COLOMBA.csv,COLOMBA,22.1339333333333,582,22.134,105,1216458.5378671892
"2-Propanone, 1-methoxy-",CRISPS4ALL.csv,CRISPS4ALL,2.17301666666667,10,2.183,45,6108112.556187334
"1,3,5-Trifluorobenzene",CRISPS4ALL.csv,CRISPS4ALL,2.62315,26,2.625,132,528187.7481159304
"Butanal, 3-methyl-",CRISPS4ALL.csv,CRISPS4ALL,2.88681666666667,32,2.895,44,1037048.0327622312
"Disulfide, dimethyl",CRISPS4ALL.csv,CRISPS4ALL,4.07035136708858,61,4.08,79,394489.6174085991
"Cyclotrisiloxane, hexamethyl-",CRISPS4ALL.csv,CRISPS4ALL,5.88996666666667,96,5.893,207,1812836.6905765329
Benzaldehyde,CRISPS4ALL.csv,CRISPS4ALL,9.3336,165,9.322,85,14257.426428794688
Dimethyl trisulfide,CRISPS4ALL.csv,CRISPS4ALL,9.5426,172,9.542,79,104941.65484394434
"Cyclotetrasiloxane, octamethyl-",CRISPS4ALL.csv,CRISPS4ALL,10.1085,193,10.118,191,110135.21438189858
Octanal,CRISPS4ALL.csv,CRISPS4ALL,10.2114,196,10.218,43,1567512.5893099303
"1-Hexanol, 2-ethyl-",CRISPS4ALL.csv,CRISPS4ALL,10.7162,210,10.731,70,993247.142439164
Eucalyptol,CRISPS4ALL.csv,CRISPS4ALL,10.8126666666667,213,10.821,83,1448938.4782877166
Nonanal,CRISPS4ALL.csv,CRISPS4ALL,12.0956,253,12.102,57,9297290.313146444
Decanal,CRISPS4ALL.csv,CRISPS4ALL,13.7225666666667,301,13.732,57,2248520.189221301
Benzophenone,CRISPS4ALL.csv,CRISPS4ALL,19.3237166666667,484,19.314,57,65559.50112235706
"Carbonic acid, bis(2-ethylhexyl) ester",CRISPS4ALL.csv,CRISPS4ALL,20.9989166666667,543,21.012,261,2020791.4933586896
"2-Propanol, 1-chloro-, phosphate (3:1)",CRISPS4ALL.csv,CRISPS4ALL,21.0375,544,21.053,83,2053043.9659776364
"Hexadecanoic acid, methyl ester",CRISPS4ALL.csv,CRISPS4ALL,22.1339333333333,582,22.134,105,701333.5368993821
"2-Propanone, 1-methoxy-",DEODARA.csv,DEODARA,2.16943333333333,9,2.157,56,57813.78919903021
"Butanal, 3-methyl-",DEODARA.csv,DEODARA,2.88645,32,2.895,44,1706296.472152758
Hexanal,DEODARA.csv,DEODARA,5.29475,89,5.289,56,552759.7698191799
"Cyclotrisiloxane, hexamethyl-",DEODARA.csv,DEODARA,5.89603333333333,96,5.893,207,874024.5679324802
p-Xylene,DEODARA.csv,DEODARA,7.16288333333333,115,7.167,91,321535.38346615835
Benzaldehyde,DEODARA.csv,DEODARA,9.34533339337578,166,9.348,76,39016.13586610536
"Furan, 2-pentyl-",DEODARA.csv,DEODARA,9.99238333333333,188,9.986,43,134559.6750531507
"Cyclotetrasiloxane, octamethyl-",DEODARA.csv,DEODARA,10.10815,193,10.118,191,75013.88163279134
Octanal,DEODARA.csv,DEODARA,10.21425,196,10.218,43,1229772.248183376
"1-Hexanol, 2-ethyl-",DEODARA.csv,DEODARA,10.7256189772497,210,10.731,70,535455.3660561204
Eucalyptol,DEODARA.csv,DEODARA,10.8123,213,10.821,83,1033095.5861456252
Nonanal,DEODARA.csv,DEODARA,12.0952333333333,253,12.102,57,8539889.531093393
Decanal,DEODARA.csv,DEODARA,13.7222,301,13.732,57,2081774.9692500336
"Nonanoic acid, 9-oxo-, methyl ester",DEODARA.csv,DEODARA,16.8378833333333,401,16.825,105,12657.320771609142
"Naphthalene, 1,3-dimethyl-",DEODARA.csv,DEODARA,17.1079666666667,411,17.108,43,319350.4840011254
Benzophenone,DEODARA.csv,DEODARA,19.3265666666667,485,19.336,181,118066.26838184326
"Carbonic acid, 2-ethylhexyl octyl ester",DEODARA.csv,DEODARA,21.0017666666667,543,21.012,261,1534262.656855457
"2-Propanol, 1-chloro-, phosphate (3:1)",DEODARA.csv,DEODARA,21.04035,544,21.053,83,1009088.9445397202
"2-Propanone, 1-methoxy-",TETON RUSSET.csv,TETON RUSSET,2.16646666666667,9,2.157,56,58541.2083093846
"Butanal, 3-methyl-",TETON RUSSET.csv,TETON RUSSET,2.88671666666667,32,2.895,44,1478740.3648519097
Hexanal,TETON RUSSET.csv,TETON RUSSET,5.28858333333333,89,5.289,56,646032.7495870076
"Cyclotrisiloxane, hexamethyl-",TETON RUSSET.csv,TETON RUSSET,5.88663333333333,96,5.893,207,6619170.023227992
Heptanal,TETON RUSSET.csv,TETON RUSSET,7.9509,132,7.959,70,480206.3720192873
Benzaldehyde,TETON RUSSET.csv,TETON RUSSET,9.33671666666667,166,9.348,76,31436.90949947679
"Cyclotetrasiloxane, octamethyl-",TETON RUSSET.csv,TETON RUSSET,10.1084,193,10.118,191,216146.7368460041
Octanal,TETON RUSSET.csv,TETON RUSSET,10.2112833333333,196,10.218,43,1982557.984897208
"1-Hexanol, 2-ethyl-",TETON RUSSET.csv,TETON RUSSET,10.7161,210,10.731,70,553599.4833207367
Eucalyptol,TETON RUSSET.csv,TETON RUSSET,10.80935,213,10.821,83,1133904.4297949476
Nonanal,TETON RUSSET.csv,TETON RUSSET,12.0922666666667,253,12.102,57,11810380.709428
Decanal,TETON RUSSET.csv,TETON RUSSET,13.72245,301,13.732,57,3018490.3826682125
Tetradecane,TETON RUSSET.csv,TETON RUSSET,16.3751166666667,387,16.385,57,818492.9800292914
Hexadecane,TETON RUSSET.csv,TETON RUSSET,18.7609166666667,466,18.777,57,920869.9026444094
Benzophenone,TETON RUSSET.csv,TETON RUSSET,19.3268166666667,485,19.336,181,101566.7540182481
"Carbonic acid, 2-ethylhexyl octyl ester",TETON RUSSET.csv,TETON RUSSET,20.9988,543,21.012,261,2026771.64083457
"2-Propanol, 1-chloro-, phosphate (3:1)",TETON RUSSET.csv,TETON RUSSET,21.0406,544,21.053,83,929714.723234362
"2-Propanone, 1-methoxy-",KONDOR.csv,KONDOR,2.16988333333333,9,2.157,56,50933.44164949173
"Butanal, 3-methyl-",KONDOR.csv,KONDOR,2.88691666666667,32,2.895,44,2600282.0107890265
Hexanal,KONDOR.csv,KONDOR,5.292,89,5.289,56,702778.650244358
"Cyclotrisiloxane, hexamethyl-",KONDOR.csv,KONDOR,5.89362303941344,96,5.893,207,1187452.5500086648
Benzaldehyde,KONDOR.csv,KONDOR,9.34273546479431,166,9.348,76,33701.6549893135
Dimethyl trisulfide,KONDOR.csv,KONDOR,9.54591666666667,172,9.542,79,104683.6578160856
"Furan, 2-pentyl-",KONDOR.csv,KONDOR,9.98963333333333,188,9.986,43,137082.0159136979
"Cyclotetrasiloxane, octamethyl-",KONDOR.csv,KONDOR,10.1086,193,10.118,191,73695.07043823956
Octanal,KONDOR.csv,KONDOR,10.2115,196,10.218,43,1263219.486053296
"1-Hexanol, 2-ethyl-",KONDOR.csv,KONDOR,10.7163,210,10.731,70,654432.0843048983
Eucalyptol,KONDOR.csv,KONDOR,10.8127666666667,213,10.821,83,1120012.395997552
Nonanal,KONDOR.csv,KONDOR,12.0956833333333,253,12.102,57,9300171.682544684
Decanal,KONDOR.csv,KONDOR,13.7226666666667,301,13.732,57,2373120.578785081
"Nonanoic acid, 9-oxo-, methyl ester",KONDOR.csv,KONDOR,16.8383333333333,402,16.851,83,850210.3438063615
Hexadecane,KONDOR.csv,KONDOR,18.7643333333333,466,18.777,57,1097677.3711741045
Benzophenone,KONDOR.csv,KONDOR,19.3238,484,19.314,57,42755.45305199544
Octadecane,KONDOR.csv,KONDOR,20.8896833333333,538,20.887,150,59945.803565433744
"Carbonic acid, bis(2-ethylhexyl) ester",KONDOR.csv,KONDOR,20.999,543,21.012,261,2457173.802447094
"2-Propanol, 1-chloro-, phosphate (3:1)",KONDOR.csv,KONDOR,21.0375833333333,544,21.053,83,1881929.9032153063
"Hexadecanoic acid, methyl ester",KONDOR.csv,KONDOR,22.1340333333333,582,22.134,105,976983.2930266706
"2-Propanone, 1-methoxy-",MUSE.csv,MUSE,2.17281666666667,10,2.183,45,5139707.949372045
"Butanal, 3-methyl-",MUSE.csv,MUSE,2.88663333333333,32,2.895,44,2549142.720807146
"Cyclotrisiloxane, hexamethyl-",MUSE.csv,MUSE,5.88976666666667,96,5.893,207,1772426.4188381918
Benzaldehyde,MUSE.csv,MUSE,9.33341666666667,165,9.322,85,17149.173846403868
Dimethyl trisulfide,MUSE.csv,MUSE,9.54241666666667,172,9.542,79,135956.56895028954
"Furan, 2-pentyl-",MUSE.csv,MUSE,9.98935,188,9.986,43,200875.290281872
"Cyclotetrasiloxane, octamethyl-",MUSE.csv,MUSE,10.1083166666667,193,10.118,191,94510.7823882297
Octanal,MUSE.csv,MUSE,10.2112,196,10.218,43,1496795.690077609
"1-Hexanol, 2-ethyl-",MUSE.csv,MUSE,10.7128,209,10.699,92,13339.269169646384
Eucalyptol,MUSE.csv,MUSE,10.8124833333333,213,10.821,83,2037917.94539774
Nonanal,MUSE.csv,MUSE,12.0954,253,12.102,57,8960530.617668886
Decanal,MUSE.csv,MUSE,13.7223666666667,301,13.732,57,2551357.694800597
Benzophenone,MUSE.csv,MUSE,19.3235166666667,484,19.314,57,115160.83925632152
"Carbonic acid, 2-ethylhexyl octyl ester",MUSE.csv,MUSE,21.0019333333333,543,21.012,261,2440697.7061439413
"2-Propanol, 1-chloro-, phosphate (3:1)",MUSE.csv,MUSE,21.0373,544,21.053,83,1572796.751777759
"1,2-Benzenedicarboxylic acid, bis(2-methylpropyl) ester",MUSE.csv,MUSE,21.6835833333333,568,21.69,57,817761.4220600199
"2-Propanone, 1-methoxy-",PARELLA.csv,PARELLA,2.17298333333333,10,2.183,45,7161196.4421763485
"Butanal, 3-methyl-",PARELLA.csv,PARELLA,2.8868,32,2.895,44,2206009.6715440257
Hexanal,PARELLA.csv,PARELLA,5.29188333333333,89,5.289,56,670834.8777786633
"Cyclotrisiloxane, hexamethyl-",PARELLA.csv,PARELLA,5.89315,96,5.893,207,1374698.1717674604
Benzaldehyde,PARELLA.csv,PARELLA,9.34206303418719,166,9.348,76,32522.3468907745
Dimethyl trisulfide,PARELLA.csv,PARELLA,9.5458,172,9.542,79,72427.04657254922
"Furan, 2-pentyl-",PARELLA.csv,PARELLA,9.98951666666667,188,9.986,43,124739.60642317992
"Cyclotetrasiloxane, octamethyl-",PARELLA.csv,PARELLA,10.1084833333333,193,10.118,191,80976.36485962679
Octanal,PARELLA.csv,PARELLA,10.2113833333333,196,10.218,43,1778362.178748647
"1-Hexanol, 2-ethyl-",PARELLA.csv,PARELLA,10.7194,210,10.731,70,520366.8759260949
Eucalyptol,PARELLA.csv,PARELLA,10.81265,213,10.821,83,1123120.2953544578
Nonanal,PARELLA.csv,PARELLA,12.0955833333333,253,12.102,57,10490819.238299502
Decanal,PARELLA.csv,PARELLA,13.72255,301,13.732,57,3655461.4722235953
Dodecanal,PARELLA.csv,PARELLA,16.5199,391,16.533,57,692970.4246622184
"Nonanoic acid, 9-oxo-, methyl ester",PARELLA.csv,PARELLA,16.8382166666667,402,16.851,83,516543.3257231466
Benzophenone,PARELLA.csv,PARELLA,19.3237,484,19.314,57,39925.45126591212
"Carbonic acid, 2-ethylhexyl octyl ester",PARELLA.csv,PARELLA,20.9988833333333,543,21.012,261,2299387.330804115
"2-Propanol, 1-chloro-, phosphate (3:1)",PARELLA.csv,PARELLA,21.0374833333333,544,21.053,83,1357898.3830449309
"Hexadecanoic acid, methyl ester",PARELLA.csv,PARELLA,22.1371333333333,582,22.134,105,702473.0297671462
"2-Propanone, 1-methoxy-",ROYAL.csv,ROYAL,2.17047741734271,10,2.183,45,6286099.283933094
"Butanal, 3-methyl-",ROYAL.csv,ROYAL,2.88686666666667,32,2.895,44,1231729.2678691498
"Disulfide, dimethyl",ROYAL.csv,ROYAL,4.0669,61,4.08,79,354758.9019952264
Hexanal,ROYAL.csv,ROYAL,5.2897625770269,89,5.289,56,951675.4792289227
"Cyclotrisiloxane, hexamethyl-",ROYAL.csv,ROYAL,5.89,96,5.893,207,1210721.0341505818
Benzaldehyde,ROYAL.csv,ROYAL,9.33994131530767,166,9.348,76,35671.756595026935
Dimethyl trisulfide,ROYAL.csv,ROYAL,9.54586666666667,172,9.542,79,77291.86006999723
Phenol,ROYAL.csv,ROYAL,9.75486666666667,179,9.751,43,41683.27668789262
"Cyclotetrasiloxane, octamethyl-",ROYAL.csv,ROYAL,10.10855,193,10.118,191,87250.97648130207
Octanal,ROYAL.csv,ROYAL,10.2114333333333,196,10.218,43,1764047.956506823
"1-Hexanol, 2-ethyl-",ROYAL.csv,ROYAL,10.71625,210,10.731,70,596806.1052822404
Eucalyptol,ROYAL.csv,ROYAL,10.8127166666667,213,10.821,83,1174716.0868063096
Nonanal,ROYAL.csv,ROYAL,12.0956333333333,253,12.102,57,12400690.05026539
Decanal,ROYAL.csv,ROYAL,13.7226,301,13.732,57,3405669.522337467
Benzophenone,ROYAL.csv,ROYAL,19.32375,484,19.314,57,56258.14581100366
"Carbonic acid, bis(2-ethylhexyl) ester",ROYAL.csv,ROYAL,20.99895,543,21.012,261,3098068.4383266377
"2-Propanol, 1-chloro-, phosphate (3:1)",ROYAL.csv,ROYAL,21.0375333333333,544,21.053,83,1782116.490839322
"Hexadecanoic acid, methyl ester",ROYAL.csv,ROYAL,22.1339833333333,582,22.134,105,1611763.034794837
"2-Propanone, 1-methoxy-",CARDYMA.csv,CARDYMA,2.17306666666667,10,2.183,45,8045744.729033032
"Furan, 2-ethyl-",CARDYMA.csv,CARDYMA,3.36596666666667,47,3.38,81,1300938.7822589043
"Disulfide, dimethyl",CARDYMA.csv,CARDYMA,4.07215137840586,61,4.08,79,191564.56640203623
Hexanal,CARDYMA.csv,CARDYMA,5.2791,89,5.289,56,2387828.02464338
"Cyclotrisiloxane, hexamethyl-",CARDYMA.csv,CARDYMA,5.88358333333333,96,5.893,207,1284708.254315531
Heptanal,CARDYMA.csv,CARDYMA,7.94785,132,7.959,70,611985.6142134374
Benzaldehyde,CARDYMA.csv,CARDYMA,9.33045,165,9.322,85,15810.415614109128
Phenol,CARDYMA.csv,CARDYMA,9.75166666666667,179,9.751,43,64151.39586109427
"Furan, 2-pentyl-",CARDYMA.csv,CARDYMA,9.98638333333333,188,9.986,43,730560.1490220877
"Cyclotetrasiloxane, octamethyl-",CARDYMA.csv,CARDYMA,10.1085666666667,193,10.118,191,98372.52203443724
Octanal,CARDYMA.csv,CARDYMA,10.21145,196,10.218,43,2093724.0074348447
"1-Hexanol, 2-ethyl-",CARDYMA.csv,CARDYMA,10.729443610586,210,10.731,70,867801.3021879579
Eucalyptol,CARDYMA.csv,CARDYMA,10.8095166666667,213,10.821,83,2318755.0888396804
Acetophenone,CARDYMA.csv,CARDYMA,11.46865,234,11.478,105,1230244.8086239856
Nonanal,CARDYMA.csv,CARDYMA,12.0924333333333,253,12.102,57,13446501.765046136
"Octanoic acid, methyl ester",CARDYMA.csv,CARDYMA,12.4204,261,12.427,74,498870.62198238703
Decanal,CARDYMA.csv,CARDYMA,13.7194,301,13.732,57,3768902.890242812
"2-Propanol, 1-(2-butoxy-1-methylethoxy)-",CARDYMA.csv,CARDYMA,14.2853166666667,318,14.288,45,796101.8619554297
"2-Propanol, 1-(2-butoxy-1-methylethoxy)-",CARDYMA.csv,CARDYMA,14.3496166666667,320,14.343,71,269496.2875692456
Methyl 8-oxooctanoate,CARDYMA.csv,CARDYMA,15.50715,358,15.494,87,790603.0275969619
"Glycerol 1,2-diacetate",CARDYMA.csv,CARDYMA,15.6807666666667,364,15.665,71,91579.0738704295
"Ethanol, 2-(2-butoxyethoxy)-, acetate",CARDYMA.csv,CARDYMA,15.9251333333333,373,15.938,85,1573546.1654061263
Tetradecane,CARDYMA.csv,CARDYMA,16.3752833333333,387,16.385,57,3339980.7130219643
"Nonanoic acid, 9-oxo-, methyl ester",CARDYMA.csv,CARDYMA,16.8383,402,16.851,83,6225364.581247863
"Naphthalene, 1,4-dimethyl-",CARDYMA.csv,CARDYMA,17.1051666666667,411,17.108,43,977899.8946261804
Dimethyl phthalate,CARDYMA.csv,CARDYMA,17.1759166666667,415,17.185,57,720714.0317290655
Hexadecane,CARDYMA.csv,CARDYMA,18.7643,466,18.777,57,6757131.483669671
"Dodecanoic acid, 1-methylethyl ester",CARDYMA.csv,CARDYMA,19.0601166666667,477,19.073,43,1991975.42217196
Benzophenone,CARDYMA.csv,CARDYMA,19.3269833333333,485,19.336,181,1372355.120172867
Octadecane,CARDYMA.csv,CARDYMA,20.8928666666667,538,20.887,150,182012.63372474723
"Carbonic acid, bis(2-ethylhexyl) ester",CARDYMA.csv,CARDYMA,20.9989666666667,543,21.012,261,2857874.591691701
"1,2-Benzenedicarboxylic acid, bis(2-methylpropyl) ester",CARDYMA.csv,CARDYMA,21.6806166666667,568,21.69,57,2109793.338328505
Dibutyl phthalate,CARDYMA.csv,CARDYMA,22.597,599,22.587,149,1082961.735134783
"2-Propanone, 1-methoxy-",CECILE.csv,CECILE,2.16955,9,2.157,56,40747.97157910509
"Butanal, 3-methyl-",CECILE.csv,CECILE,2.88658333333333,32,2.895,44,3697019.306815424
Hexanal,CECILE.csv,CECILE,5.28986045118674,89,5.289,56,909407.876164155
"Cyclotrisiloxane, hexamethyl-",CECILE.csv,CECILE,5.8865,96,5.893,207,473782.5446841046
Benzaldehyde,CECILE.csv,CECILE,9.33758412916277,166,9.348,76,53783.83284363252
Dimethyl trisulfide,CECILE.csv,CECILE,9.54236666666667,172,9.542,79,115230.50175771106
"Furan, 2-pentyl-",CECILE.csv,CECILE,9.98608333333333,188,9.986,43,262147.88019236666
"Cyclotetrasiloxane, octamethyl-",CECILE.csv,CECILE,10.1082666666667,193,10.118,191,57645.146948957714
Octanal,CECILE.csv,CECILE,10.20795,196,10.218,43,1449856.081796561
Eucalyptol,CECILE.csv,CECILE,10.8092166666667,213,10.821,83,1382030.2909703532
Nonanal,CECILE.csv,CECILE,12.09215,253,12.102,57,12595792.040800815
Decanal,CECILE.csv,CECILE,13.7223333333333,301,13.732,57,2122155.3471162627
Tetradecane,CECILE.csv,CECILE,16.375,387,16.385,57,1050827.618719646
"Nonanoic acid, 9-oxo-, methyl ester",CECILE.csv,CECILE,16.8347833333333,401,16.825,105,12694.425279382038
"Naphthalene, 1,3-dimethyl-",CECILE.csv,CECILE,17.1081,411,17.108,43,352619.75644710386
Hexadecane,CECILE.csv,CECILE,18.7607833333333,466,18.777,57,1165849.3875936505
Benzophenone,CECILE.csv,CECILE,19.3234666666667,484,19.314,57,38176.464048452886
"1,3-Benzenedicarboxylic acid, bis(2-ethylhexyl) ester",CECILE.csv,CECILE,20.69965,532,20.711,112,367185.5532401127
"Carbonic acid, 2-ethylhexyl octyl ester",CECILE.csv,CECILE,20.9986666666667,543,21.012,261,1727579.908309332
"2-Propanol, 1-chloro-, phosphate (3:1)",CECILE.csv,CECILE,21.0372666666667,544,21.053,83,818087.9495535629
"Butanal, 3-methyl-",FLAMENCO.csv,FLAMENCO,2.89039380320615,32,2.895,44,5678239.957699855
Pentanal,FLAMENCO.csv,FLAMENCO,3.30274251766081,46,3.315,44,701977.8411723005
Pyridine,FLAMENCO.csv,FLAMENCO,4.0218,59,4.012,85,10320.878840472124
"Heptane, 3-methylene-",FLAMENCO.csv,FLAMENCO,4.99818290871182,80,4.999,83,22553.867759881487
"Cyclotrisiloxane, hexamethyl-",FLAMENCO.csv,FLAMENCO,5.88348333333333,96,5.893,207,8446025.15142172
Benzaldehyde,FLAMENCO.csv,FLAMENCO,9.33676666666667,166,9.348,76,326803.5345337977
Dimethyl trisulfide,FLAMENCO.csv,FLAMENCO,9.54255,172,9.542,79,146237.39449550674
"Furan, 2-pentyl-",FLAMENCO.csv,FLAMENCO,9.98626666666667,188,9.986,43,360542.40063566057
"Cyclotetrasiloxane, octamethyl-",FLAMENCO.csv,FLAMENCO,10.10525,193,10.118,191,481221.8570499982
Octanal,FLAMENCO.csv,FLAMENCO,10.21135,196,10.218,43,3656354.589371972
"1-Hexanol, 2-ethyl-",FLAMENCO.csv,FLAMENCO,10.7258,210,10.731,70,885394.1577046519
Eucalyptol,FLAMENCO.csv,FLAMENCO,10.8094,213,10.821,83,1532533.4046479904
Nonanal,FLAMENCO.csv,FLAMENCO,12.0923333333333,253,12.102,57,19546498.40384778
Decanal,FLAMENCO.csv,FLAMENCO,13.7225166666667,301,13.732,57,6085997.356390832
Tetradecane,FLAMENCO.csv,FLAMENCO,16.3751833333333,387,16.385,57,2893140.138069713
"Nonanoic acid, 9-oxo-, methyl ester",FLAMENCO.csv,FLAMENCO,16.8382,402,16.851,83,345810.992541568
Hexadecane,FLAMENCO.csv,FLAMENCO,18.7609833333333,466,18.777,57,3151000.238005598
Benzophenone,FLAMENCO.csv,FLAMENCO,19.3268833333333,485,19.336,181,83676.41303718206
"Carbonic acid, 2-ethylhexyl octyl ester",FLAMENCO.csv,FLAMENCO,21.0020833333333,543,21.012,261,2394009.064634997
"2-Propanone, 1-methoxy-",HERMES.csv,HERMES,2.16975,9,2.157,56,83062.06969254519
"Butanal, 3-methyl-",HERMES.csv,HERMES,2.88356666666667,32,2.895,44,1601608.274565273
"Heptane, 3-methylene-",HERMES.csv,HERMES,4.99740272670968,80,4.999,83,9175.939711074392
"2-Octene, (Z)-",HERMES.csv,HERMES,5.27882188278379,89,5.289,56,1004612.4470888264
"Cyclotrisiloxane, hexamethyl-",HERMES.csv,HERMES,5.8867,96,5.893,207,1844064.1077602268
"Hexanal, 2-ethyl-",HERMES.csv,HERMES,9.18930536727129,161,9.196,72,144173.2882024522
Benzaldehyde,HERMES.csv,HERMES,9.32713333333333,165,9.322,85,6084.781189066644
Phenol,HERMES.csv,HERMES,9.75156666666667,179,9.751,43,42060.476466668784
"Furan, 2-pentyl-",HERMES.csv,HERMES,9.98628333333333,188,9.986,43,387706.0995291789
"Cyclotetrasiloxane, octamethyl-",HERMES.csv,HERMES,10.10525,193,10.118,191,105138.61302115858
Octanal,HERMES.csv,HERMES,10.21135,196,10.218,43,1313155.117650841
"1-Hexanol, 2-ethyl-",HERMES.csv,HERMES,10.7192896997955,210,10.731,70,512431.429704907
Eucalyptol,HERMES.csv,HERMES,10.8094166666667,213,10.821,83,1730941.1806511662
Acetophenone,HERMES.csv,HERMES,11.4685666666667,234,11.478,105,629862.2693410618
Nonanal,HERMES.csv,HERMES,12.0923333333333,253,12.102,57,9455493.926111098
Decanal,HERMES.csv,HERMES,13.7193166666667,301,13.732,57,2541874.540839763
"2-Propanol, 1-(2-butoxy-1-methylethoxy)-",HERMES.csv,HERMES,14.2884333333333,318,14.288,45,315765.77037402097
"2-Propanol, 1-(2-butoxy-1-methylethoxy)-",HERMES.csv,HERMES,14.3552383310731,320,14.343,71,154945.0806838275
Methyl 8-oxooctanoate,HERMES.csv,HERMES,15.50705,358,15.494,87,236777.318225775
"Glycerol 1,2-diacetate",HERMES.csv,HERMES,15.6838833333333,365,15.7,43,420916.444795226
"Ethanol, 2-(2-butoxyethoxy)-, acetate",HERMES.csv,HERMES,15.92505,373,15.938,85,519021.0073869872
Tetradecane,HERMES.csv,HERMES,16.3752,387,16.385,57,2619173.615526404
"Nonanoic acid, 9-oxo-, methyl ester",HERMES.csv,HERMES,16.8414166666667,402,16.851,83,2424451.745858185
Dimethyl phthalate,HERMES.csv,HERMES,17.1758166666667,415,17.185,57,359303.4409559493
Hexadecane,HERMES.csv,HERMES,18.7642,466,18.777,57,4133937.827165151
"Dodecanoic acid, 1-methylethyl ester",HERMES.csv,HERMES,19.0632333333333,477,19.073,43,597014.9391128953
Benzophenone,HERMES.csv,HERMES,19.3301,485,19.336,181,524374.725009359
Octadecane,HERMES.csv,HERMES,20.8927666666667,538,20.887,150,112900.699108139
"Carbonic acid, bis(2-ethylhexyl) ester",HERMES.csv,HERMES,20.9988666666667,543,21.012,261,6299751.911560754
"1,2-Benzenedicarboxylic acid, bis(2-methylpropyl) ester",HERMES.csv,HERMES,21.6823396980655,568,21.69,57,1246554.4279725414
n-Hexadecanoic acid,HERMES.csv,HERMES,22.5358166666667,597,22.533,129,69355.8405531437
"2-Propanone, 1-methoxy-",NADINE.csv,NADINE,2.1662,9,2.157,56,57366.51421301889
"Butanal, 3-methyl-",NADINE.csv,NADINE,2.88321666666667,32,2.895,44,3720240.9570400296
Hexanal,NADINE.csv,NADINE,5.28813920860569,89,5.289,56,733736.38012794
"Cyclotrisiloxane, hexamethyl-",NADINE.csv,NADINE,5.88635,96,5.893,207,1217757.2243904418
Benzaldehyde,NADINE.csv,NADINE,9.33955052979494,166,9.348,76,40332.57615011516
Dimethyl trisulfide,NADINE.csv,NADINE,9.54221666666667,172,9.542,79,129759.7548436308
"Furan, 2-pentyl-",NADINE.csv,NADINE,9.98915,188,9.986,43,123854.65631515744
"Cyclotetrasiloxane, octamethyl-",NADINE.csv,NADINE,10.1049,193,10.118,191,71117.18561771602
Octanal,NADINE.csv,NADINE,10.2110166666667,196,10.218,43,1069180.442876039
Eucalyptol,NADINE.csv,NADINE,10.8090666666667,213,10.821,83,1375759.451632985
Nonanal,NADINE.csv,NADINE,12.092,253,12.102,57,7266047.419222085
Decanal,NADINE.csv,NADINE,13.7221833333333,301,13.732,57,1735929.620263972
Tetradecane,NADINE.csv,NADINE,16.37485,387,16.385,57,921547.0028438346
"Naphthalene, 1,3-dimethyl-",NADINE.csv,NADINE,17.10795,411,17.108,43,335332.4915712001
Hexadecane,NADINE.csv,NADINE,18.7606333333333,466,18.777,57,1114359.2280751597
Benzophenone,NADINE.csv,NADINE,19.3233166666667,484,19.314,57,36983.56446780629
"1,3-Benzenedicarboxylic acid, bis(2-ethylhexyl) ester",NADINE.csv,NADINE,20.68985,531,20.673,70,469634.6337615423
"Carbonic acid, 2-ethylhexyl octyl ester",NADINE.csv,NADINE,20.9985166666667,543,21.012,261,3962452.5987905017
"2-Propanol, 1-chloro-, phosphate (3:1)",NADINE.csv,NADINE,21.0371,544,21.053,83,1459842.3567763532
"2-Propanone, 1-methoxy-",NOBLESSE.csv,NOBLESSE,2.16661666666667,9,2.157,56,31276.856417101462
"Butanal, 3-methyl-",NOBLESSE.csv,NOBLESSE,2.88363333333333,32,2.895,44,1382094.236128647
Hexanal,NOBLESSE.csv,NOBLESSE,5.28551666666667,89,5.289,56,620562.792152475
"Cyclotrisiloxane, hexamethyl-",NOBLESSE.csv,NOBLESSE,5.88605789989614,96,5.893,207,1073884.4491103676
Benzaldehyde,NOBLESSE.csv,NOBLESSE,9.33365,165,9.322,85,3146.558249335113
"Furan, 2-pentyl-",NOBLESSE.csv,NOBLESSE,9.98636666666667,188,9.986,43,123103.05433592173
"Cyclotetrasiloxane, octamethyl-",NOBLESSE.csv,NOBLESSE,10.1053333333333,193,10.118,191,74498.57226248339
Octanal,NOBLESSE.csv,NOBLESSE,10.2114333333333,196,10.218,43,1066961.0253846291
"1-Hexanol, 2-ethyl-",NOBLESSE.csv,NOBLESSE,10.7258833333333,210,10.731,70,381003.0973338185
Eucalyptol,NOBLESSE.csv,NOBLESSE,10.8062833333333,212,10.792,154,554707.9645333341
Nonanal,NOBLESSE.csv,NOBLESSE,12.0924166666667,253,12.102,57,8868482.24100458
Decanal,NOBLESSE.csv,NOBLESSE,13.7193833333333,301,13.732,57,1330184.6171562748
Tetradecane,NOBLESSE.csv,NOBLESSE,16.3752666666667,387,16.385,57,816161.0547897278
"Naphthalene, 1,3-dimethyl-",NOBLESSE.csv,NOBLESSE,17.10515,411,17.108,43,241074.26017468132
Hexadecane,NOBLESSE.csv,NOBLESSE,18.7610666666667,466,18.777,57,922563.7796393814
Benzophenone,NOBLESSE.csv,NOBLESSE,19.32375,484,19.314,57,32052.70543710654
"1,3-Benzenedicarboxylic acid, bis(2-ethylhexyl) ester",NOBLESSE.csv,NOBLESSE,20.7095666666667,532,20.711,112,388804.7460175184
"Carbonic acid, bis(2-ethylhexyl) ester",NOBLESSE.csv,NOBLESSE,21.0021666666667,543,21.012,261,1671520.045903209
"2-Propanol, 1-chloro-, phosphate (3:1)",NOBLESSE.csv,NOBLESSE,21.0375333333333,544,21.053,83,798423.9216958975
"2-Propanone, 1-methoxy-",IVORY RUSSET.csv,IVORY RUSSET,2.17305,10,2.183,45,9585053.451720811
"Butanal, 3-methyl-",IVORY RUSSET.csv,IVORY RUSSET,2.88686666666667,32,2.895,44,1208694.0430742954
Pentanal,IVORY RUSSET.csv,IVORY RUSSET,3.30163333333333,46,3.315,44,1589634.4973101672
"Furan, 2-ethyl-",IVORY RUSSET.csv,IVORY RUSSET,3.36273333333333,47,3.38,81,699610.8822902672
"Disulfide, dimethyl",IVORY RUSSET.csv,IVORY RUSSET,4.07249293757158,61,4.08,79,335300.8326059872
Hexanal,IVORY RUSSET.csv,IVORY RUSSET,5.2823,89,5.289,56,8123383.677937783
"Cyclotrisiloxane, hexamethyl-",IVORY RUSSET.csv,IVORY RUSSET,5.88678333333333,96,5.893,207,915652.1562336044
Heptanal,IVORY RUSSET.csv,IVORY RUSSET,7.94461666666667,131,7.933,56,31987.931121600406
Benzaldehyde,IVORY RUSSET.csv,IVORY RUSSET,9.32721666666667,165,9.322,85,18192.2546185771
Dimethyl trisulfide,IVORY RUSSET.csv,IVORY RUSSET,9.53943333333333,172,9.542,79,147639.83598274284
Phenol,IVORY RUSSET.csv,IVORY RUSSET,9.75271782617284,179,9.751,43,78965.42430599115
"Furan, 2-pentyl-",IVORY RUSSET.csv,IVORY RUSSET,9.98636666666667,188,9.986,43,470572.8551986884
"Cyclotetrasiloxane, octamethyl-",IVORY RUSSET.csv,IVORY RUSSET,10.10855,193,10.118,191,84899.85498261957
Octanal,IVORY RUSSET.csv,IVORY RUSSET,10.2114333333333,196,10.218,43,2474396.617094948
"1-Hexanol, 2-ethyl-",IVORY RUSSET.csv,IVORY RUSSET,10.71625,210,10.731,70,1447609.1226045827
Eucalyptol,IVORY RUSSET.csv,IVORY RUSSET,10.8095,213,10.821,83,2921061.7659905413
Acetophenone,IVORY RUSSET.csv,IVORY RUSSET,11.4654333333333,234,11.478,105,1420891.6857588352
Nonanal,IVORY RUSSET.csv,IVORY RUSSET,12.0924166666667,253,12.102,57,14010000.941576358
Decanal,IVORY RUSSET.csv,IVORY RUSSET,13.7193833333333,301,13.732,57,4284247.987855595
"2-Propanol, 1-(2-butoxy-1-methylethoxy)-",IVORY RUSSET.csv,IVORY RUSSET,14.2820833333333,318,14.288,45,1052480.0295647774
"2-Propanol, 1-(2-butoxy-1-methylethoxy)-",IVORY RUSSET.csv,IVORY RUSSET,14.3512746657312,320,14.343,71,294720.7256842873
Methyl 8-oxooctanoate,IVORY RUSSET.csv,IVORY RUSSET,15.5071333333333,358,15.494,87,899748.6819434984
"Glycerol 1,2-diacetate",IVORY RUSSET.csv,IVORY RUSSET,15.68075,364,15.665,71,91231.2475764548
"Ethanol, 2-(2-butoxyethoxy)-, acetate",IVORY RUSSET.csv,IVORY RUSSET,15.9251166666667,373,15.938,85,1723044.6985178827
Tetradecane,IVORY RUSSET.csv,IVORY RUSSET,16.3752666666667,387,16.385,57,3524737.851942286
"Nonanoic acid, 9-oxo-, methyl ester",IVORY RUSSET.csv,IVORY RUSSET,16.8415,402,16.851,83,6875350.40880115
Dimethyl phthalate,IVORY RUSSET.csv,IVORY RUSSET,17.1759,415,17.185,57,773063.8355346026
Hexadecane,IVORY RUSSET.csv,IVORY RUSSET,18.7642833333333,466,18.777,57,7182957.898281511
"Dodecanoic acid, 1-methylethyl ester",IVORY RUSSET.csv,IVORY RUSSET,19.0633166666667,477,19.073,43,2155171.2421837915
Benzophenone,IVORY RUSSET.csv,IVORY RUSSET,19.3301833333333,485,19.336,181,1569934.387252721
"3,5-di-tert-Butyl-4-hydroxybenzaldehyde",IVORY RUSSET.csv,IVORY RUSSET,20.7385,533,20.753,149,1219531.003423631
Octadecane,IVORY RUSSET.csv,IVORY RUSSET,20.89285,538,20.887,150,178578.86782709623
"Carbonic acid, bis(2-ethylhexyl) ester",IVORY RUSSET.csv,IVORY RUSSET,20.99895,543,21.012,261,4852699.453103674
"1,2-Benzenedicarboxylic acid, bis(2-methylpropyl) ester",IVORY RUSSET.csv,IVORY RUSSET,21.6838166666667,568,21.69,57,1896151.091446266
"2-Propanone, 1-methoxy-",SABABA.csv,SABABA,2.16983333333333,9,2.157,56,138054.58990845564
"Butanal, 3-methyl-",SABABA.csv,SABABA,2.88365,32,2.895,44,1555186.559796413
Pentanal,SABABA.csv,SABABA,3.30165,46,3.315,44,1437166.2505308727
"Furan, 2-ethyl-",SABABA.csv,SABABA,3.36595,47,3.38,81,638747.8510072951
"Disulfide, dimethyl",SABABA.csv,SABABA,4.0669,61,4.08,79,343874.2248912995
Hexanal,SABABA.csv,SABABA,5.27908333333333,89,5.289,56,6872060.894509628
"Cyclotrisiloxane, hexamethyl-",SABABA.csv,SABABA,5.88487227705926,96,5.893,207,1032188.9208263188
o-Xylene,SABABA.csv,SABABA,7.15363333333333,115,7.167,91,187234.84980894477
Benzaldehyde,SABABA.csv,SABABA,9.33582745102529,166,9.348,76,68128.44240386283
"Furan, 2-pentyl-",SABABA.csv,SABABA,9.98711934961604,188,9.986,43,336768.1552794235
"Cyclotetrasiloxane, octamethyl-",SABABA.csv,SABABA,10.1053333333333,193,10.118,191,77766.04931496993
Octanal,SABABA.csv,SABABA,10.2082333333333,196,10.218,43,1427867.796942152
Eucalyptol,SABABA.csv,SABABA,10.8080947632984,213,10.821,83,1969387.6486079723
Nonanal,SABABA.csv,SABABA,12.0924166666667,253,12.102,57,10113278.539600909
Dodecane,SABABA.csv,SABABA,13.6100666666667,298,13.616,57,882896.8583440839
Decanal,SABABA.csv,SABABA,13.7194,301,13.732,57,2196401.338085216
Tridecane,SABABA.csv,SABABA,15.0537666666667,344,15.06,57,700002.3729386464
Tetradecane,SABABA.csv,SABABA,16.3752833333333,387,16.385,57,2703516.3058418366
"Naphthalene, 1,3-dimethyl-",SABABA.csv,SABABA,17.1083833333333,411,17.108,43,299596.5473920728
Hexadecane,SABABA.csv,SABABA,18.7610666666667,466,18.777,57,3040989.002388227
Benzophenone,SABABA.csv,SABABA,19.32375,484,19.314,57,54412.92054503135
Octadecane,SABABA.csv,SABABA,20.89285,538,20.887,150,80592.32700151142
"Carbonic acid, 2-ethylhexyl octyl ester",SABABA.csv,SABABA,20.99895,543,21.012,261,2702213.1899513584
Eicosane,SABABA.csv,SABABA,22.8059833333333,607,22.808,57,594619.9363899094
"2-Propanone, 1-methoxy-",SALINERO.csv,SALINERO,2.16653333333333,9,2.157,56,40398.30976101246
"Butanal, 3-methyl-",SALINERO.csv,SALINERO,2.88356666666667,32,2.895,44,2122744.4514558064
"Cyclotrisiloxane, hexamethyl-",SALINERO.csv,SALINERO,5.8867,96,5.893,207,1359282.949922867
Benzaldehyde,SALINERO.csv,SALINERO,9.33356666666667,165,9.322,85,4199.518407715061
Dimethyl trisulfide,SALINERO.csv,SALINERO,9.54256666666667,172,9.542,79,107810.97007390569
"Furan, 2-pentyl-",SALINERO.csv,SALINERO,9.9895,188,9.986,43,208516.21999891312
"Cyclotetrasiloxane, octamethyl-",SALINERO.csv,SALINERO,10.10525,193,10.118,191,75963.96788424157
Octanal,SALINERO.csv,SALINERO,10.21135,196,10.218,43,1174139.5661960288
Eucalyptol,SALINERO.csv,SALINERO,10.8094166666667,213,10.821,83,1435127.7026368445
Nonanal,SALINERO.csv,SALINERO,12.0923333333333,253,12.102,57,8794824.648670826
Decanal,SALINERO.csv,SALINERO,13.7225166666667,301,13.732,57,1430422.2805140095
Tetradecane,SALINERO.csv,SALINERO,16.3751833333333,387,16.385,57,754667.7636210565
"2,4-Di-tert-butylphenol",SALINERO.csv,SALINERO,17.8028,436,17.819,191,142060.2720827209
Hexadecane,SALINERO.csv,SALINERO,18.7609833333333,466,18.777,57,858826.1943119591
Benzophenone,SALINERO.csv,SALINERO,19.3236666666667,484,19.314,57,31010.506756314626
"Carbonic acid, 2-ethylhexyl octyl ester",SALINERO.csv,SALINERO,20.9988666666667,543,21.012,261,2036609.28016705
"2-Propanol, 1-chloro-, phosphate (3:1)",SALINERO.csv,SALINERO,21.0342333333333,544,21.053,83,1109438.759765722
"2-Propanone, 1-methoxy-",SPUNTA.csv,SPUNTA,2.16658333333333,9,2.157,56,54670.460198902256
"Butanal, 3-methyl-",SPUNTA.csv,SPUNTA,2.88681666666667,32,2.895,44,1713169.8246905794
Pentanal,SPUNTA.csv,SPUNTA,3.30481666666667,46,3.315,44,793640.3757756553
"Disulfide, dimethyl",SPUNTA.csv,SPUNTA,4.0709395799612,61,4.08,79,586651.3132482315
"Cyclotrisiloxane, hexamethyl-",SPUNTA.csv,SPUNTA,5.88996666666667,96,5.893,207,943350.1554408016
Benzaldehyde,SPUNTA.csv,SPUNTA,9.34044009493064,166,9.348,76,52196.37203108409
Dimethyl trisulfide,SPUNTA.csv,SPUNTA,9.5426,172,9.542,79,72420.22141900948
"Furan, 2-pentyl-",SPUNTA.csv,SPUNTA,9.98953333333333,188,9.986,43,123946.9249350578
"Cyclotetrasiloxane, octamethyl-",SPUNTA.csv,SPUNTA,10.1078715269207,193,10.118,191,73619.83980453487
Octanal,SPUNTA.csv,SPUNTA,10.2114,196,10.218,43,1284557.7525583934
Eucalyptol,SPUNTA.csv,SPUNTA,10.80945,213,10.821,83,1563958.0563185916
Nonanal,SPUNTA.csv,SPUNTA,12.0923833333333,253,12.102,57,9113588.698493823
Dodecane,SPUNTA.csv,SPUNTA,13.6100333333333,298,13.616,57,908223.8919658004
Decanal,SPUNTA.csv,SPUNTA,13.71935,301,13.732,57,2153528.576022128
Tetradecane,SPUNTA.csv,SPUNTA,16.3752333333333,387,16.385,57,2701419.841968331
"Nonanoic acid, 9-oxo-, methyl ester",SPUNTA.csv,SPUNTA,16.8350333333333,401,16.825,105,13929.343947723211
"Naphthalene, 1,3-dimethyl-",SPUNTA.csv,SPUNTA,17.1051166666667,411,17.108,43,284357.4602820701
Hexadecane,SPUNTA.csv,SPUNTA,18.7642333333333,466,18.777,57,3049312.167826568
Benzophenone,SPUNTA.csv,SPUNTA,19.3237166666667,484,19.314,57,55550.712624886735
Octadecane,SPUNTA.csv,SPUNTA,20.8928,538,20.887,150,47379.93415375832
"Carbonic acid, 2-ethylhexyl octyl ester",SPUNTA.csv,SPUNTA,20.9989166666667,543,21.012,261,2011468.6091066075
"2-Propanol, 1-chloro-, phosphate (3:1)",SPUNTA.csv,SPUNTA,21.0375,544,21.053,83,950954.0593337448
"1,3,5-Trifluorobenzene",ALOUETTE.csv,ALOUETTE,2.62631666666667,26,2.625,132,3206750.4406318
"Butanal, 3-methyl-",ALOUETTE.csv,ALOUETTE,2.89641666666667,32,2.895,44,3230070.424135656
"Heptane, 3-methylene-",ALOUETTE.csv,ALOUETTE,5.0089,81,5.006,55,357776.2505563318
"Cyclotrisiloxane, hexamethyl-",ALOUETTE.csv,ALOUETTE,5.89955,96,5.893,207,1525994.051273581
Benzaldehyde,ALOUETTE.csv,ALOUETTE,9.33355,165,9.322,85,55187.57530871618
Phenol,ALOUETTE.csv,ALOUETTE,9.75454269024723,179,9.751,43,307662.91382791114
"Cyclotetrasiloxane, octamethyl-",ALOUETTE.csv,ALOUETTE,10.1148833333333,193,10.118,191,182268.1099589753
Octanal,ALOUETTE.csv,ALOUETTE,10.2145666666667,196,10.218,43,1911090.1189944989
"1-Hexanol, 2-ethyl-",ALOUETTE.csv,ALOUETTE,10.7290166666667,210,10.731,70,2262581.9715935187
Eucalyptol,ALOUETTE.csv,ALOUETTE,10.81905,213,10.821,83,3445769.6561131766
Acetophenone,ALOUETTE.csv,ALOUETTE,11.4717666666667,234,11.478,105,2284538.933483253
Nonanal,ALOUETTE.csv,ALOUETTE,12.1019666666667,253,12.102,57,12108987.480927965
Decanal,ALOUETTE.csv,ALOUETTE,13.72895,301,13.732,57,4251331.353206735
Dodecanal,ALOUETTE.csv,ALOUETTE,16.5263,391,16.533,57,2421639.375466582
"Nonanoic acid, 9-oxo-, methyl ester",ALOUETTE.csv,ALOUETTE,16.8446166666667,402,16.851,83,1714433.9125120498
Dimethyl phthalate,ALOUETTE.csv,ALOUETTE,17.18545,415,17.185,57,815706.9280808957
Benzophenone,ALOUETTE.csv,ALOUETTE,19.3365166666667,485,19.336,181,1621039.3318188076
"1,4-Benzenedicarboxylic acid, bis(2-ethylhexyl) ester",ALOUETTE.csv,ALOUETTE,20.78665,534,20.785,70,3186284.947097075
"2-Propanol, 1-chloro-, phosphate (3:1)",ALOUETTE.csv,ALOUETTE,21.0438666666667,544,21.053,83,6717603.255732495
"Benzene, (1-methyldodecyl)-",ALOUETTE.csv,ALOUETTE,22.0727833333333,581,22.076,178,758227.5423023455
"Hexadecanoic acid, methyl ester",ALOUETTE.csv,ALOUETTE,22.1338833333333,582,22.134,105,3671582.211235325
Isopropyl Alcohol,ATLANTIC.csv,ATLANTIC,2.16991666666667,9,2.157,56,102038.10623230592
Benzene,ATLANTIC.csv,ATLANTIC,2.9816254554346,35,2.98,78,7110061.027792764
"Disulfide, dimethyl",ATLANTIC.csv,ATLANTIC,4.08058642822917,61,4.08,79,481591.2498483186
"Cyclotrisiloxane, hexamethyl-",ATLANTIC.csv,ATLANTIC,5.89651666666667,96,5.893,207,3092834.0600221613
Benzaldehyde,ATLANTIC.csv,ATLANTIC,9.33371666666667,165,9.322,85,9961.905020214264
"Cyclotetrasiloxane, octamethyl-",ATLANTIC.csv,ATLANTIC,10.11505,193,10.118,191,190875.86077700072
Octanal,ATLANTIC.csv,ATLANTIC,10.2147333333333,196,10.218,43,1236641.2794773383
Eucalyptol,ATLANTIC.csv,ATLANTIC,10.816,213,10.821,83,1174471.7788186525
Acetophenone,ATLANTIC.csv,ATLANTIC,11.4757993038527,234,11.478,105,1424626.707800239
Nonanal,ATLANTIC.csv,ATLANTIC,12.0989333333333,253,12.102,57,9661325.393514449
Dodecane,ATLANTIC.csv,ATLANTIC,13.6197833333333,298,13.616,57,1758364.4535294122
Decanal,ATLANTIC.csv,ATLANTIC,13.7291166666667,301,13.732,57,2351167.3529487066
Tridecane,ATLANTIC.csv,ATLANTIC,15.0602666666667,344,15.06,57,1831081.9167081737
Tetradecane,ATLANTIC.csv,ATLANTIC,16.3817833333333,387,16.385,57,5005714.997813786
Vanillin,ATLANTIC.csv,ATLANTIC,16.5104,391,16.533,57,1684186.991526409
"Nonanoic acid, 9-oxo-, methyl ester",ATLANTIC.csv,ATLANTIC,16.8415833333333,402,16.851,83,811807.0129065441
1-Nonadecene,ATLANTIC.csv,ATLANTIC,18.6871833333333,464,18.697,83,929638.439754412
Hexadecane,ATLANTIC.csv,ATLANTIC,18.7675666666667,466,18.777,57,5268817.365643996
Benzophenone,ATLANTIC.csv,ATLANTIC,19.32705,485,19.336,181,260888.09425026207
"1,4-Benzenedicarboxylic acid, bis(2-ethylhexyl) ester",ATLANTIC.csv,ATLANTIC,20.7675166666667,533,20.753,149,2646524.057122885
"1,3-Benzenedicarboxylic acid, bis(2-ethylhexyl) ester",ATLANTIC.csv,ATLANTIC,20.8961333333333,539,20.903,57,1398951.887896815
"Butanal, 3-methyl-",BERBER.csv,BERBER,2.89316968764975,32,2.895,44,2227345.0829441524
"Disulfide, dimethyl",BERBER.csv,BERBER,4.07885130015215,61,4.08,79,718601.4571302847
Hexanal,BERBER.csv,BERBER,5.28923899113504,89,5.289,56,2760825.7782216542
"Cyclotrisiloxane, hexamethyl-",BERBER.csv,BERBER,5.89553025849504,96,5.893,207,2046315.861922877
Benzaldehyde,BERBER.csv,BERBER,9.33041666666667,165,9.322,85,19222.43592535301
Phenol,BERBER.csv,BERBER,9.75163333333333,179,9.751,43,254430.05730183757
"Cyclotetrasiloxane, octamethyl-",BERBER.csv,BERBER,10.1149666666667,193,10.118,191,216534.2059087137
Octanal,BERBER.csv,BERBER,10.21785,196,10.218,43,1671639.8958774875
Eucalyptol,BERBER.csv,BERBER,10.8159,213,10.821,83,1298577.9341992342
Acetophenone,BERBER.csv,BERBER,11.4718333333333,234,11.478,105,2392466.491138284
Nonanal,BERBER.csv,BERBER,12.10205,253,12.102,57,10766781.457544154
Dodecane,BERBER.csv,BERBER,13.6197,298,13.616,57,1122214.4419567226
Decanal,BERBER.csv,BERBER,13.7290166666667,301,13.732,57,3426064.7541408907
"2-Propanol, 1-(2-butoxy-1-methylethoxy)-",BERBER.csv,BERBER,14.2917,318,14.288,45,512115.5132065994
"2-Propanol, 1-(2-butoxy-1-methylethoxy)-",BERBER.csv,BERBER,14.3616722442682,321,14.369,59,5305328.469483859
Methyl 8-oxooctanoate,BERBER.csv,BERBER,15.5135333333333,359,15.523,129,850770.3641283402
Triacetin,BERBER.csv,BERBER,15.6903833333333,365,15.7,43,799865.3630814882
Tetradecane,BERBER.csv,BERBER,16.3816833333333,387,16.385,57,4591641.917087216
"Nonanoic acid, 9-oxo-, methyl ester",BERBER.csv,BERBER,16.8447,402,16.851,83,2866005.238745631
Dimethyl phthalate,BERBER.csv,BERBER,17.1823166666667,415,17.185,57,485469.1350250784
Dodecanoic acid,BERBER.csv,BERBER,18.3141166666667,451,18.308,83,1500342.2028225998
Hexadecane,BERBER.csv,BERBER,18.7707,466,18.777,57,7541871.949452758
"Dodecanoic acid, 1-methylethyl ester",BERBER.csv,BERBER,19.0697166666667,477,19.073,43,1193776.376594439
Benzophenone,BERBER.csv,BERBER,19.3301666666667,485,19.336,181,924166.9224351736
"1,4-Benzenedicarboxylic acid, bis(2-ethylhexyl) ester",BERBER.csv,BERBER,20.8317333333333,536,20.836,113,3042821.5811343137
"Anthracene, 9-ethenyl-",BERBER.csv,BERBER,21.7834833333333,572,21.789,204,371478.6251535118
"1,3,5-Trifluorobenzene",BLUE STAR.csv,BLUE STAR,2.62313333333333,26,2.625,132,2992131.850738709
"Butanal, 3-methyl-",BLUE STAR.csv,BLUE STAR,2.89321666666667,32,2.895,44,4934802.185150661
"Disulfide, dimethyl",BLUE STAR.csv,BLUE STAR,4.08797488774165,61,4.08,79,1307931.3193507418
"Cyclotrisiloxane, hexamethyl-",BLUE STAR.csv,BLUE STAR,5.89636666666667,96,5.893,207,2355965.0667015035
Benzaldehyde,BLUE STAR.csv,BLUE STAR,9.33036666666667,165,9.322,85,26960.67373130779
Dimethyl trisulfide,BLUE STAR.csv,BLUE STAR,9.54578333333333,172,9.542,79,209399.2543089761
Phenol,BLUE STAR.csv,BLUE STAR,9.75156666666667,179,9.751,43,292317.52366105525
"Furan, 2-pentyl-",BLUE STAR.csv,BLUE STAR,9.99271666666667,188,9.986,43,323297.0817464739
"Cyclotetrasiloxane, octamethyl-",BLUE STAR.csv,BLUE STAR,10.1144606152947,193,10.118,191,188304.8330590001
Octanal,BLUE STAR.csv,BLUE STAR,10.2145833333333,196,10.218,43,1657700.7280793637
"1-Hexanol, 2-ethyl-",BLUE STAR.csv,BLUE STAR,10.7290333333333,210,10.731,70,793413.8571585527
Eucalyptol,BLUE STAR.csv,BLUE STAR,10.8190666666667,213,10.821,83,1881009.287486828
Acetophenone,BLUE STAR.csv,BLUE STAR,11.4717833333333,234,11.478,105,2004214.1921222887
Nonanal,BLUE STAR.csv,BLUE STAR,12.102,253,12.102,57,10582211.294554608
Decanal,BLUE STAR.csv,BLUE STAR,13.7289666666667,301,13.732,57,3200186.8218328604
"Nonanoic acid, 9-oxo-, methyl ester",BLUE STAR.csv,BLUE STAR,16.8414333333333,402,16.851,83,1156952.0757897815
Dimethyl phthalate,BLUE STAR.csv,BLUE STAR,17.18225,415,17.185,57,375515.8401866849
Benzophenone,BLUE STAR.csv,BLUE STAR,19.3301166666667,485,19.336,181,667559.600583125
"1,4-Benzenedicarboxylic acid, bis(2-ethylhexyl) ester",BLUE STAR.csv,BLUE STAR,20.78345,534,20.785,70,2997535.17601556
"1,4-Benzenedicarboxylic acid, bis(2-ethylhexyl) ester",BLUE STAR.csv,BLUE STAR,20.941,541,20.951,112,4804924.760312183
"2-Propanone, 1-methoxy-",CARLITA.csv,CARLITA,2.17429355580737,10,2.183,45,5301133.360097358
"Butanal, 3-methyl-",CARLITA.csv,CARLITA,2.89008333333333,32,2.895,44,2208259.42777528
"Disulfide, dimethyl",CARLITA.csv,CARLITA,4.07653333333333,61,4.08,79,727645.0111663436
"Cyclotrisiloxane, hexamethyl-",CARLITA.csv,CARLITA,5.89643333333333,96,5.893,207,2035229.774900125
Benzaldehyde,CARLITA.csv,CARLITA,9.33043333333333,165,9.322,85,17062.065575972432
"Furan, 2-pentyl-",CARLITA.csv,CARLITA,9.9928,188,9.986,43,235343.2649233705
"Cyclotetrasiloxane, octamethyl-",CARLITA.csv,CARLITA,10.1117666666667,193,10.118,191,175237.0012131992
Octanal,CARLITA.csv,CARLITA,10.21465,196,10.218,43,1627330.360725314
"1-Hexanol, 2-ethyl-",CARLITA.csv,CARLITA,10.7323333333333,210,10.731,70,528045.2736829434
Eucalyptol,CARLITA.csv,CARLITA,10.8159166666667,213,10.821,83,1535665.3693986516
Acetophenone,CARLITA.csv,CARLITA,11.47185,234,11.478,105,1624991.735722724
Nonanal,CARLITA.csv,CARLITA,12.09885,253,12.102,57,8434239.480247082
Decanal,CARLITA.csv,CARLITA,13.7290333333333,301,13.732,57,4097670.366972609
Hexadecane,CARLITA.csv,CARLITA,18.7707166666667,466,18.777,57,2787770.279753472
Diethyl Phthalate,CARLITA.csv,CARLITA,18.8350166666667,468,18.822,65,1851530.145450646
Benzophenone,CARLITA.csv,CARLITA,19.3301833333333,485,19.336,181,312595.208679715
"1,4-Benzenedicarboxylic acid, bis(2-ethylhexyl) ester",CARLITA.csv,CARLITA,20.8381833333333,536,20.836,113,2438965.6316088173
"1,4-Benzenedicarboxylic acid, bis(2-ethylhexyl) ester",CARLITA.csv,CARLITA,21.0053833333333,543,21.012,261,15053248.342257634
"2-Propanol, 1-chloro-, phosphate (3:1)",CARLITA.csv,CARLITA,21.0439666666667,544,21.053,83,5786137.494805979
"Hexadecanoic acid, methyl ester",CARLITA.csv,CARLITA,22.1404,582,22.134,105,1474073.10438475
"Butanal, 3-methyl-",CHALLENGER.csv,CHALLENGER,2.89015,32,2.895,44,2309920.6647367454
Pyridine,CHALLENGER.csv,CHALLENGER,4.02838333333333,60,4.044,84,48371.6019923188
"Cyclotrisiloxane, hexamethyl-",CHALLENGER.csv,CHALLENGER,5.89682222121701,96,5.893,207,1960083.5711927623
Benzaldehyde,CHALLENGER.csv,CHALLENGER,9.3305,165,9.322,85,27071.163436789106
Phenol,CHALLENGER.csv,CHALLENGER,9.75171666666667,179,9.751,43,279407.4469584663
"Cyclotetrasiloxane, octamethyl-",CHALLENGER.csv,CHALLENGER,10.1118333333333,193,10.118,191,171774.50196692324
Octanal,CHALLENGER.csv,CHALLENGER,10.2147333333333,196,10.218,43,2181077.61383834
"1-Hexanol, 2-ethyl-",CHALLENGER.csv,CHALLENGER,10.7259666666667,210,10.731,70,1310337.8331282637
Eucalyptol,CHALLENGER.csv,CHALLENGER,10.816,213,10.821,83,2700333.0585875744
Acetophenone,CHALLENGER.csv,CHALLENGER,11.4719333333333,234,11.478,105,1745936.743316098
Nonanal,CHALLENGER.csv,CHALLENGER,12.0989333333333,253,12.102,57,13083180.449144509
Decanal,CHALLENGER.csv,CHALLENGER,13.7291166666667,301,13.732,57,5619306.13453314
"Nonanoic acid, 9-oxo-, methyl ester",CHALLENGER.csv,CHALLENGER,16.8447833333333,402,16.851,83,967387.2756237872
Benzophenone,CHALLENGER.csv,CHALLENGER,19.3296195430915,485,19.336,181,735223.8666548762
"1,4-Benzenedicarboxylic acid, bis(2-ethylhexyl) ester",CHALLENGER.csv,CHALLENGER,20.9250666666667,540,20.925,277,681681.0489477107
"2-Propanol, 1-chloro-, phosphate (3:1)",CHALLENGER.csv,CHALLENGER,21.0408333333333,544,21.053,83,7164957.266489119
"Butanal, 3-methyl-",CIKLAMEN.csv,CIKLAMEN,2.89972090424453,32,2.895,44,3662074.414300794
"Disulfide, dimethyl",CIKLAMEN.csv,CIKLAMEN,4.0828,61,4.08,79,1059603.1123602155
"Cyclotrisiloxane, hexamethyl-",CIKLAMEN.csv,CIKLAMEN,5.89626666666667,96,5.893,207,3113648.8584689056
Benzaldehyde,CIKLAMEN.csv,CIKLAMEN,9.33026666666667,165,9.322,85,15582.111187749577
"Furan, 2-pentyl-",CIKLAMEN.csv,CIKLAMEN,9.99263333333333,188,9.986,43,244482.71506063463
"Cyclotetrasiloxane, octamethyl-",CIKLAMEN.csv,CIKLAMEN,10.1148166666667,193,10.118,191,231765.4876409548
Octanal,CIKLAMEN.csv,CIKLAMEN,10.2177,196,10.218,43,1679996.3027417082
Eucalyptol,CIKLAMEN.csv,CIKLAMEN,10.81575,213,10.821,83,1446806.3628980715
Acetophenone,CIKLAMEN.csv,CIKLAMEN,11.4716833333333,234,11.478,105,2146197.987301393
Nonanal,CIKLAMEN.csv,CIKLAMEN,12.1019,253,12.102,57,9578689.344662787
Benzoic acid,CIKLAMEN.csv,CIKLAMEN,13.20155,285,13.205,101,135321.8560684608
Dodecane,CIKLAMEN.csv,CIKLAMEN,13.61955,298,13.616,57,1539396.1294329292
Decanal,CIKLAMEN.csv,CIKLAMEN,13.7288666666667,301,13.732,57,3567380.047324043
Tridecane,CIKLAMEN.csv,CIKLAMEN,15.0600333333333,344,15.06,57,1360121.2869817526
Tetradecane,CIKLAMEN.csv,CIKLAMEN,16.3815333333333,387,16.385,57,3526972.9841305264
"Nonanoic acid, 9-oxo-, methyl ester",CIKLAMEN.csv,CIKLAMEN,16.8413333333333,402,16.851,83,982243.2299850332
Hexadecane,CIKLAMEN.csv,CIKLAMEN,18.7673333333333,466,18.777,57,4246496.44031595
Benzophenone,CIKLAMEN.csv,CIKLAMEN,19.3268,485,19.336,181,334492.3426769986
"1,3-Benzenedicarboxylic acid, bis(2-ethylhexyl) ester",CIKLAMEN.csv,CIKLAMEN,20.7705,534,20.785,70,2418533.9171278714
"1,3-Benzenedicarboxylic acid, bis(2-ethylhexyl) ester",CIKLAMEN.csv,CIKLAMEN,20.8991166666667,539,20.903,57,1091892.280362276
"1,4-Benzenedicarboxylic acid, bis(2-ethylhexyl) ester",CIKLAMEN.csv,CIKLAMEN,20.9569833333333,541,20.951,112,3354423.162530248
"Butanal, 3-methyl-",MONALISA.csv,MONALISA,2.89666960225317,32,2.895,44,5033743.562269565
Pyridine,MONALISA.csv,MONALISA,4.02513333333333,59,4.012,85,6384.433264855849
"Cyclotrisiloxane, hexamethyl-",MONALISA.csv,MONALISA,5.89325,96,5.893,207,1738798.497250353
Benzaldehyde,MONALISA.csv,MONALISA,9.33481971374137,165,9.322,85,14921.318554685538
Dimethyl trisulfide,MONALISA.csv,MONALISA,9.5459,172,9.542,79,161079.02958000344
"Furan, 2-pentyl-",MONALISA.csv,MONALISA,9.99283333333333,188,9.986,43,212813.55116624027
"Cyclotetrasiloxane, octamethyl-",MONALISA.csv,MONALISA,10.1118,193,10.118,191,151340.76669318255
Octanal,MONALISA.csv,MONALISA,10.2146833333333,196,10.218,43,1491042.2020826514
"1-Hexanol, 2-ethyl-",MONALISA.csv,MONALISA,10.7259333333333,210,10.731,70,625870.0725918133
Eucalyptol,MONALISA.csv,MONALISA,10.8159666666667,213,10.821,83,1779602.9215110934
Nonanal,MONALISA.csv,MONALISA,12.0988833333333,253,12.102,57,9226739.057882808
Decanal,MONALISA.csv,MONALISA,13.7290666666667,301,13.732,57,3468393.088128701
Benzophenone,MONALISA.csv,MONALISA,19.327,485,19.336,181,263730.54219000536
"1,3-Benzenedicarboxylic acid, bis(2-ethylhexyl) ester",MONALISA.csv,MONALISA,20.8961,539,20.903,57,6964977.665925188
"1,4-Benzenedicarboxylic acid, bis(2-ethylhexyl) ester",MONALISA.csv,MONALISA,21.0054166666667,543,21.012,261,9814736.51616806
"Hexadecanoic acid, methyl ester",MONALISA.csv,MONALISA,22.134,582,22.134,105,1701437.0324401257
n-Hexadecanoic acid,MONALISA.csv,MONALISA,22.4330333333333,593,22.444,57,713725.448407096
"1,3,5-Trifluorobenzene",PEE WEE RUSSET.csv,PEE WEE RUSSET,2.62301666666667,26,2.625,132,3392055.0327707524
"Butanal, 3-methyl-",PEE WEE RUSSET.csv,PEE WEE RUSSET,2.8931,32,2.895,44,2370285.483106433
"Heptane, 3-methylene-",PEE WEE RUSSET.csv,PEE WEE RUSSET,5.0056,81,5.006,55,403552.70712555415
"4-Octene, (E)-",PEE WEE RUSSET.csv,PEE WEE RUSSET,5.28231974127431,89,5.289,56,2869953.753611269
"4-Octene, (E)-",PEE WEE RUSSET.csv,PEE WEE RUSSET,5.4686,92,5.552,70,931418.3704866456
"Heptane, 3-methylene-",PEE WEE RUSSET.csv,PEE WEE RUSSET,5.55188702332705,92,5.552,70,931418.3704866456
"2-Octene, (E)-",PEE WEE RUSSET.csv,PEE WEE RUSSET,5.68403333333333,93,5.691,112,29811.441807534764
"Cyclotrisiloxane, hexamethyl-",PEE WEE RUSSET.csv,PEE WEE RUSSET,5.89303333333333,96,5.893,207,2343220.114021038
"Hexanal, 2-ethyl-",PEE WEE RUSSET.csv,PEE WEE RUSSET,9.18555,160,9.177,111,48622.8255411282
Benzaldehyde,PEE WEE RUSSET.csv,PEE WEE RUSSET,9.32703333333333,165,9.322,85,48903.70361961183
Phenol,PEE WEE RUSSET.csv,PEE WEE RUSSET,9.75113386451404,179,9.751,43,279553.54693196545
"Cyclotetrasiloxane, octamethyl-",PEE WEE RUSSET.csv,PEE WEE RUSSET,10.1115833333333,193,10.118,191,192701.5765499488
"1-Hexanol, 2-ethyl-",PEE WEE RUSSET.csv,PEE WEE RUSSET,10.7417833333333,210,10.731,70,2192660.9524969007
Eucalyptol,PEE WEE RUSSET.csv,PEE WEE RUSSET,10.8157333333333,213,10.821,83,3850109.726443287
Acetophenone,PEE WEE RUSSET.csv,PEE WEE RUSSET,11.46845,234,11.478,105,1941248.4739511823
Nonanal,PEE WEE RUSSET.csv,PEE WEE RUSSET,12.0986666666667,253,12.102,57,12129791.166698445
Decanal,PEE WEE RUSSET.csv,PEE WEE RUSSET,13.7256333333333,301,13.732,57,5336698.45017028
Dimethyl phthalate,PEE WEE RUSSET.csv,PEE WEE RUSSET,17.1789333333333,415,17.185,57,480531.38747602585
Benzophenone,PEE WEE RUSSET.csv,PEE WEE RUSSET,19.33,485,19.336,181,806253.1406945027
"Benzoic acid, 2-ethylhexyl ester",PEE WEE RUSSET.csv,PEE WEE RUSSET,20.0920333333333,511,20.093,70,976051.3866626524
"1,4-Benzenedicarboxylic acid, bis(2-ethylhexyl) ester",PEE WEE RUSSET.csv,PEE WEE RUSSET,20.66115,531,20.673,70,329064.69185739406
"Carbonic acid, 2-ethylhexyl octyl ester",PEE WEE RUSSET.csv,PEE WEE RUSSET,21.0019833333333,543,21.012,261,7866476.868842329
"1,3,5-Trifluorobenzene",ARGOS.csv,ARGOS,2.62,26,2.625,132,1501913.9997107652
"Cyclotrisiloxane, hexamethyl-",ARGOS.csv,ARGOS,5.89001666666667,96,5.893,207,342856.38125595904
Benzaldehyde,ARGOS.csv,ARGOS,9.33365,165,9.322,85,31122.84509923927
"Cyclotetrasiloxane, octamethyl-",ARGOS.csv,ARGOS,10.1021333333333,192,10.089,281,299842.858741177
Nonanal,ARGOS.csv,ARGOS,12.09565,253,12.102,57,1119882.7322034503
Dimethyl phthalate,ARGOS.csv,ARGOS,17.1791166666667,415,17.185,57,315207.9467706178
Benzophenone,ARGOS.csv,ARGOS,19.3237666666667,484,19.314,57,138398.20384446424
"1,3-Benzenedicarboxylic acid, bis(2-ethylhexyl) ester",ARGOS.csv,ARGOS,20.7288666666667,532,20.711,112,2830767.291098444
"2-Propanol, 1-chloro-, phosphate (3:1)",ARGOS.csv,ARGOS,21.0407666666667,544,21.053,83,2027939.805816203
"1,3,5-Trifluorobenzene",BINTJE.csv,BINTJE,2.61971666666667,26,2.625,132,699314.4686617916
"Cyclotrisiloxane, hexamethyl-",BINTJE.csv,BINTJE,5.88651666666667,96,5.893,207,456528.1610099434
Benzaldehyde,BINTJE.csv,BINTJE,9.33338333333333,165,9.322,85,5813.610711284822
"Cyclotetrasiloxane, octamethyl-",BINTJE.csv,BINTJE,10.10185,192,10.089,281,504939.39951113897
Acetophenone,BINTJE.csv,BINTJE,11.4748,234,11.478,105,595605.2298780506
Nonanal,BINTJE.csv,BINTJE,12.0953666666667,253,12.102,57,1075032.1612361474
Benzoic acid,BINTJE.csv,BINTJE,13.1435833333333,283,13.15,105,672310.0746853438
Tetradecane,BINTJE.csv,BINTJE,16.375,387,16.385,57,926647.7686616296
Benzophenone,BINTJE.csv,BINTJE,19.3267,485,19.336,181,57759.22042914304
"1,3-Benzenedicarboxylic acid, bis(2-ethylhexyl) ester",BINTJE.csv,BINTJE,20.7511,533,20.753,149,2211112.1573268594
"2-Propanol, 1-chloro-, phosphate (3:1)",BINTJE.csv,BINTJE,21.0404833333333,544,21.053,83,870137.2948785773
"1,3,5-Trifluorobenzene",DELIA RED.csv,DELIA RED,2.61961666666667,26,2.625,132,895592.140004893
"Cyclotrisiloxane, hexamethyl-",DELIA RED.csv,DELIA RED,5.88641666666667,96,5.893,207,329251.9867033368
Benzaldehyde,DELIA RED.csv,DELIA RED,9.33745323510734,166,9.348,76,36142.565870243045
"Cyclotetrasiloxane, octamethyl-",DELIA RED.csv,DELIA RED,10.10495,193,10.118,191,63673.45234196316
Acetophenone,DELIA RED.csv,DELIA RED,11.4714833333333,234,11.478,105,721259.3283296843
Nonanal,DELIA RED.csv,DELIA RED,12.0952666666667,253,12.102,57,847337.7782144868
Dimethyl phthalate,DELIA RED.csv,DELIA RED,17.1755166666667,415,17.185,57,277257.20515640505
Benzophenone,DELIA RED.csv,DELIA RED,19.3233833333333,484,19.314,57,105899.70257261272
"1,3-Benzenedicarboxylic acid, bis(2-ethylhexyl) ester",DELIA RED.csv,DELIA RED,20.7670666666667,533,20.753,149,1412359.452652348
"2-Propanol, 1-chloro-, phosphate (3:1)",DELIA RED.csv,DELIA RED,21.0371666666667,544,21.053,83,2505908.878277661
"1,3,5-Trifluorobenzene",FESTIEN.csv,FESTIEN,2.61683333333333,26,2.625,132,560918.1335193893
"Cyclotrisiloxane, hexamethyl-",FESTIEN.csv,FESTIEN,5.87465721210184,96,5.893,207,1846370.3766639952
Benzaldehyde,FESTIEN.csv,FESTIEN,9.32956861120923,165,9.322,85,16472.910893657358
"Cyclotetrasiloxane, octamethyl-",FESTIEN.csv,FESTIEN,10.09895,192,10.089,281,1611085.439239702
Acetophenone,FESTIEN.csv,FESTIEN,11.4654833333333,234,11.478,105,1679863.8260573763
Nonanal,FESTIEN.csv,FESTIEN,12.08605,253,12.102,57,10847676.619344575
Decanal,FESTIEN.csv,FESTIEN,13.7162333333333,300,13.703,120,39015.984901508775
Dimethyl phthalate,FESTIEN.csv,FESTIEN,17.1727333333333,415,17.185,57,288621.7877734403
Benzophenone,FESTIEN.csv,FESTIEN,19.3206,484,19.314,57,72470.66264364457
"1,3-Benzenedicarboxylic acid, bis(2-ethylhexyl) ester",FESTIEN.csv,FESTIEN,20.6003,529,20.612,43,94018.59489537105
Squalene,FESTIEN.csv,FESTIEN,23.37515,624,23.376,191,151079.41610013097
"1,3,5-Trifluorobenzene",MULBERRYBEAUTY.csv,MULBERRYBEAUTY,2.61996666666667,26,2.625,132,1030577.642945496
"Cyclotrisiloxane, hexamethyl-",MULBERRYBEAUTY.csv,MULBERRYBEAUTY,5.88355,96,5.893,207,351670.9541983382
Benzaldehyde,MULBERRYBEAUTY.csv,MULBERRYBEAUTY,9.33786289879757,166,9.348,76,34939.35386956274
Phenol,MULBERRYBEAUTY.csv,MULBERRYBEAUTY,9.75483333333333,179,9.751,43,116265.64511299928
Nonanal,MULBERRYBEAUTY.csv,MULBERRYBEAUTY,12.0924,253,12.102,57,1003101.705314679
Decanal,MULBERRYBEAUTY.csv,MULBERRYBEAUTY,13.7193666666667,301,13.732,57,742433.3077272491
Benzophenone,MULBERRYBEAUTY.csv,MULBERRYBEAUTY,19.3237333333333,484,19.314,57,131679.32144193724
"1,3-Benzenedicarboxylic acid, bis(2-ethylhexyl) ester",MULBERRYBEAUTY.csv,MULBERRYBEAUTY,20.7224166666667,532,20.711,112,5273968.075032105
"2-Propanol, 1-chloro-, phosphate (3:1)",MULBERRYBEAUTY.csv,MULBERRYBEAUTY,21.0375166666667,544,21.053,83,2187164.479039404
"1,2-Benzenedicarboxylic acid, bis(2-methylpropyl) ester",MULBERRYBEAUTY.csv,MULBERRYBEAUTY,21.6870166666667,568,21.69,57,809422.384945628
Squalene,MULBERRYBEAUTY.csv,MULBERRYBEAUTY,23.45225,626,23.44,192,96331.84643085112
"1,3,5-Trifluorobenzene",OSPREY.csv,OSPREY,2.62005,26,2.625,132,733917.3997321
"Cyclotrisiloxane, hexamethyl-",OSPREY.csv,OSPREY,5.88363333333333,96,5.893,207,2589250.8771608644
Benzaldehyde,OSPREY.csv,OSPREY,9.33371666666667,165,9.322,85,5372.956123948808
"Cyclotetrasiloxane, octamethyl-",OSPREY.csv,OSPREY,10.1054,193,10.118,191,169704.48889325385
Octanal,OSPREY.csv,OSPREY,10.2147166666667,196,10.218,43,497598.9092324458
Acetophenone,OSPREY.csv,OSPREY,11.4751333333333,234,11.478,105,639575.221877589
Nonanal,OSPREY.csv,OSPREY,12.0924833333333,253,12.102,57,1669616.6447871928
Benzoic acid,OSPREY.csv,OSPREY,13.1374833333333,283,13.15,105,632703.3369866388
Decanal,OSPREY.csv,OSPREY,13.7226666666667,301,13.732,57,870974.6017767041
Tetradecane,OSPREY.csv,OSPREY,16.3753333333333,387,16.385,57,1180178.8072669094
Hexadecane,OSPREY.csv,OSPREY,18.76435,466,18.777,57,1020426.344334245
Benzophenone,OSPREY.csv,OSPREY,19.3270333333333,485,19.336,181,51153.81408241486
"1,3-Benzenedicarboxylic acid, bis(2-ethylhexyl) ester",OSPREY.csv,OSPREY,20.7289333333333,532,20.711,112,4118008.54891686
"2-Propanol, 1-chloro-, phosphate (3:1)",OSPREY.csv,OSPREY,21.0408166666667,544,21.053,83,780293.0556827189
"1,3,5-Trifluorobenzene",SMART.csv,SMART,2.62003333333333,26,2.625,132,1194376.1791776428
"Cyclotrisiloxane, hexamethyl-",SMART.csv,SMART,5.88361666666667,96,5.893,207,382180.1742888342
Benzaldehyde,SMART.csv,SMART,9.32726666666667,165,9.322,85,29210.25115335807
Phenol,SMART.csv,SMART,9.7517,179,9.751,43,134384.10626877335
Octanal,SMART.csv,SMART,10.2114833333333,196,10.218,43,711626.1377797369
Acetophenone,SMART.csv,SMART,11.4687,234,11.478,105,1552020.0338186084
Nonanal,SMART.csv,SMART,12.0924666666667,253,12.102,57,4284123.961325587
"Octanoic acid, methyl ester",SMART.csv,SMART,12.4172166666667,261,12.427,74,884074.6216237592
Benzoic acid,SMART.csv,SMART,13.1631833333333,283,13.15,105,860833.0020233009
Decanal,SMART.csv,SMART,13.7194333333333,301,13.732,57,1324228.5239629855
"2-Propanol, 1-(2-butoxy-1-methylethoxy)-",SMART.csv,SMART,14.2917666666667,318,14.288,45,329464.661633516
"2-Propanol, 1-(2-butoxy-1-methylethoxy)-",SMART.csv,SMART,14.3593,321,14.369,59,3982325.435332843
Methyl 8-oxooctanoate,SMART.csv,SMART,15.5071833333333,358,15.494,87,427192.6188413357
Triacetin,SMART.csv,SMART,15.6808,364,15.665,71,50963.56664530171
"Nonanoic acid, 9-oxo-, methyl ester",SMART.csv,SMART,16.8351166666667,401,16.825,105,22452.69389595025
Dimethyl phthalate,SMART.csv,SMART,17.17595,415,17.185,57,479230.734259029
Hexadecane,SMART.csv,SMART,18.7611166666667,466,18.777,57,3532341.0654886304
"Dodecanoic acid, 1-methylethyl ester",SMART.csv,SMART,19.0633666666667,477,19.073,43,1084514.1661204086
Benzophenone,SMART.csv,SMART,19.3270166666667,485,19.336,181,1280914.4970402
"1,3-Benzenedicarboxylic acid, bis(2-ethylhexyl) ester",SMART.csv,SMART,20.79,534,20.785,70,2893594.866693319
"2-Propanol, 1-chloro-, phosphate (3:1)",SMART.csv,SMART,21.0375833333333,544,21.053,83,2103273.649175899
"1,2-Benzenedicarboxylic acid, bis(2-methylpropyl) ester",SMART.csv,SMART,21.6838666666667,568,21.69,57,1145902.3332315895
"1,3,5-Trifluorobenzene",TAURUS.csv,TAURUS,2.62301666666667,26,2.625,132,687852.41924106
"Cyclotrisiloxane, hexamethyl-",TAURUS.csv,TAURUS,5.8866,96,5.893,207,473879.6257738258
Benzaldehyde,TAURUS.csv,TAURUS,9.33346666666667,165,9.322,85,4056.2364205896106
"Cyclotetrasiloxane, octamethyl-",TAURUS.csv,TAURUS,10.10515,193,10.118,191,80235.92995581208
Acetophenone,TAURUS.csv,TAURUS,11.4749,234,11.478,105,460017.9475452682
Nonanal,TAURUS.csv,TAURUS,12.09545,253,12.102,57,1047219.3495316532
Benzoic acid,TAURUS.csv,TAURUS,13.1115166666667,282,13.124,51,112423.99434263849
Tetradecane,TAURUS.csv,TAURUS,16.3751,387,16.385,57,1288333.2412405524
Hexadecane,TAURUS.csv,TAURUS,18.7608833333333,466,18.777,57,1095843.9188146004
"1,3-Benzenedicarboxylic acid, bis(2-ethylhexyl) ester",TAURUS.csv,TAURUS,20.72225,532,20.711,112,3705071.887433472
"2-Propanol, 1-chloro-, phosphate (3:1)",TAURUS.csv,TAURUS,21.03735,544,21.053,83,1242379.6313136497
"1,3,5-Trifluorobenzene",TRIPLE7.csv,TRIPLE7,2.62328333333333,26,2.625,132,1247237.793798398
"Cyclotrisiloxane, hexamethyl-",TRIPLE7.csv,TRIPLE7,5.88686666666667,96,5.893,207,631406.0133014792
Benzaldehyde,TRIPLE7.csv,TRIPLE7,9.33458433444908,165,9.322,85,19328.93730906454
Phenol,TRIPLE7.csv,TRIPLE7,9.75930273304633,180,9.767,60,28428.72873946509
Acetophenone,TRIPLE7.csv,TRIPLE7,11.4687166666667,234,11.478,105,1533655.5910882405
"Benzoic acid, methyl ester",TRIPLE7.csv,TRIPLE7,11.9799666666667,250,11.999,105,782323.6664104306
Nonanal,TRIPLE7.csv,TRIPLE7,12.0925,253,12.102,57,3909523.7282509166
"Octanoic acid, methyl ester",TRIPLE7.csv,TRIPLE7,12.41725,261,12.427,74,885024.9114118156
Benzoic acid,TRIPLE7.csv,TRIPLE7,13.1374833333333,283,13.15,105,745245.4117761117
Decanal,TRIPLE7.csv,TRIPLE7,13.7226833333333,301,13.732,57,1289123.34075193
"2-Propanol, 1-(2-butoxy-1-methylethoxy)-",TRIPLE7.csv,TRIPLE7,14.2961373028378,318,14.288,45,343093.3388842184
"2-Propanol, 1-(2-butoxy-1-methylethoxy)-",TRIPLE7.csv,TRIPLE7,14.3561,321,14.369,59,4294307.554547742
Methyl 8-oxooctanoate,TRIPLE7.csv,TRIPLE7,15.5072,358,15.494,87,353047.46797900455
"Nonanoic acid, 9-oxo-, methyl ester",TRIPLE7.csv,TRIPLE7,16.83515,401,16.825,105,26663.09756640225
Hexadecane,TRIPLE7.csv,TRIPLE7,18.76435,466,18.777,57,3160461.274907222
"Dodecanoic acid, 1-methylethyl ester",TRIPLE7.csv,TRIPLE7,19.0633833333333,477,19.073,43,1112573.3671020276
Benzophenone,TRIPLE7.csv,TRIPLE7,19.32705,485,19.336,181,1419268.5402646444
"1,3-Benzenedicarboxylic acid, bis(2-ethylhexyl) ester",TRIPLE7.csv,TRIPLE7,20.6871333333333,531,20.673,70,4351277.637801165
"2-Propanol, 1-chloro-, phosphate (3:1)",TRIPLE7.csv,TRIPLE7,21.0408333333333,544,21.053,83,2080858.8651269733
"1,2-Benzenedicarboxylic acid, bis(2-methylpropyl) ester",TRIPLE7.csv,TRIPLE7,21.6871166666667,568,21.69,57,997956.3022918652
